paragraph_id,sentence_id,source_file,text_cree,text_en,label,label_raw,footnote_applies,rationale,footnote_en
0,0,pct-01-ancient-life-the-sun-dance-louis-moosomin,"kayâs ayîsiyiniwak mistahi kî-kitimâkisiwak, oskac ôtê ê-ayâcik, nama kêkway ohci kî-pakitinikôwisiwak.","The people of old were in a piteous state, when first they lived here on earth. The Higher Powers had put them down here with nothing at all.",literal,literal,False,No figurative language detected; the description of the people's state and divine placement is literal.,"[1] LB: Unfortunately I did not record the gesture.
[2] LB: Probably kîh-ohtinamwak ."
0,2,pct-01-ancient-life-the-sun-dance-louis-moosomin,nama kêkway ayiwinisa ohci ayâwak; nama kêkway môhkomân.,"They had no clothes, no knives.",literal,literal,False,Plain statement of lacking possessions; no non-literal expression.,"[1] LB: Unfortunately I did not record the gesture.
[2] LB: Probably kîh-ohtinamwak ."
0,3,pct-01-ancient-life-the-sun-dance-louis-moosomin,nayêstaw oskan kî-omôhkomâniwak.,All they had for a knife was a bone.,literal,literal,False,Literal statement about using a bone as a knife.,"[1] LB: Unfortunately I did not record the gesture.
[2] LB: Probably kîh-ohtinamwak ."
0,4,pct-01-ancient-life-the-sun-dance-louis-moosomin,nama kêkway ohci ayâwak iskotêw.,From the beginning they had no fire.,literal,literal,False,Straightforward statement of having no fire from the beginning.,"[1] LB: Unfortunately I did not record the gesture.
[2] LB: Probably kîh-ohtinamwak ."
0,5,pct-01-ancient-life-the-sun-dance-louis-moosomin,"acosis piko kî-ohci-nipahêwak pisiskiwa, oskana ê-kikamohtâcik wîpisisiwâhk.","With merely an arrow they killed animals, fastening bones to their arrows.",literal,literal,False,Describes hunting method literally.,"[1] LB: Unfortunately I did not record the gesture.
[2] LB: Probably kîh-ohtinamwak ."
0,6,pct-01-ancient-life-the-sun-dance-louis-moosomin,nama kêkway; kî-kitimâkisiwak.,They had nothing; they were in a piteous state.,literal,literal,False,Reiterates their lack and pitiful state in literal terms.,"[1] LB: Unfortunately I did not record the gesture.
[2] LB: Probably kîh-ohtinamwak ."
0,7,pct-01-ancient-life-the-sun-dance-louis-moosomin,"kîtahtawê iskotêw kî-osîhtamâsôwak, ômisi ê-tôtahkik; ê-kisitêyik, piyisk êkota kî-otinamwak iskotêw.","Presently they made fire for themselves, doing it like this; when it was hot, they got fire from it.",literal,literal,False,The footnote about not recording the gesture does not describe figurative language; the sentence itself is a literal account of fire-making.,"[1] LB: Unfortunately I did not record the gesture.
[2] LB: Probably kîh-ohtinamwak ."
0,8,pct-01-ancient-life-the-sun-dance-louis-moosomin,"piyisk asiniya ê-pakamahwâcik, ê-wâsaskotêpayiyit, êkotê êkwa kî-ohtinamwak iskotêw ayîsiyiniwak.","Also they pounded a stone, and when it sent out sparks, from this, too, the people got fire.",literal,literal,False,The footnote suggesting a verb form does not describe figurative language; the sentence literally describes obtaining fire from sparks.,"[1] LB: Unfortunately I did not record the gesture.
[2] LB: Probably kîh-ohtinamwak ."
0,9,pct-01-ancient-life-the-sun-dance-louis-moosomin,êkwa asiskiy kî-otaskihkowak.,Their pots and kettles were of earth.,literal,literal,False,Literal statement about materials of pots.,"[1] LB: Unfortunately I did not record the gesture.
[2] LB: Probably kîh-ohtinamwak ."
0,10,pct-01-ancient-life-the-sun-dance-louis-moosomin,"mîna kî-wâtihkêwak, pahkêkin ê-asiwatâcik, asiniya ê-kisâpiskiswâcik; êwako ohci wiyâs ê-kîsisahkik.","Also, they would dig a hole and put in a hide, and heat some stones; in this way they cooked meat.",literal,literal,False,Literal description of cooking method.,"[1] LB: Unfortunately I did not record the gesture.
[2] LB: Probably kîh-ohtinamwak ."
0,11,pct-01-ancient-life-the-sun-dance-louis-moosomin,êkwa kîtahtawê amiskwayâna kî-otayôwinisiwak.,Then in time they began to have beaver-pelts for their clothes.,literal,literal,False,Literal statement about acquiring beaver-pelt clothing.,"[1] LB: Unfortunately I did not record the gesture.
[2] LB: Probably kîh-ohtinamwak ."
4,0,pct-01-ancient-life-the-sun-dance-louis-moosomin,"ôta ê-pê-takohtêyit, sakicihcênitôwak; atamiskotâtôwak.","When the others arrived there, they shook each other by the hand and greeted each other.",literal,literal,False,No figurative language detected; literal description of greeting.,"[3] LB on ayîsiyiniw :  Here unmistakably “Indian”; below nêhiyaw : “Cree” (kept in translation) is probably meant in the same way.  The proper term wâpiski-wiyâs : “white-flesh, white man” alternates with môniyâw : “Canadian” (kept in translation).
[4] LB on atimwah : Properly “dogs”, but often used for misatim : “horse”; that this is here the case is shown by the next sentence."
4,1,pct-01-ancient-life-the-sun-dance-louis-moosomin,cikêmâ êkosi nistam kâ-isi-wâpamât ayîsiyiniw wâpiski-wiyâsa.,"For, indeed, thus it was that the Indian first saw the Whiteskin.",literal,literal,False,"Literal statement; 'Whiteskin' is the conventional term, not figurative per footnote [3].","[3] LB on ayîsiyiniw :  Here unmistakably “Indian”; below nêhiyaw : “Cree” (kept in translation) is probably meant in the same way.  The proper term wâpiski-wiyâs : “white-flesh, white man” alternates with môniyâw : “Canadian” (kept in translation).
[4] LB on atimwah : Properly “dogs”, but often used for misatim : “horse”; that this is here the case is shown by the next sentence."
4,2,pct-01-ancient-life-the-sun-dance-louis-moosomin,"kahkiyaw kêkway kî-miyik kita-ôh-pimâtisit: môhkomân, pâskisikan, kita-âpacihtât kahkiyaw kêkway pâskisikêwin.",They gave him everything to live by: the knife and the gun and all kinds of ammunition for his use.,literal,literal,False,No figurative language detected; literal listing of items given.,"[3] LB on ayîsiyiniw :  Here unmistakably “Indian”; below nêhiyaw : “Cree” (kept in translation) is probably meant in the same way.  The proper term wâpiski-wiyâs : “white-flesh, white man” alternates with môniyâw : “Canadian” (kept in translation).
[4] LB on atimwah : Properly “dogs”, but often used for misatim : “horse”; that this is here the case is shown by the next sentence."
4,3,pct-01-ancient-life-the-sun-dance-louis-moosomin,êkosi êkota ohci kiskinôhamawâw kita-isi-pamihtât pâskisikan.,So then he began to be taught how to take care of a gun.,literal,literal,False,No figurative language detected; literal description of being taught.,"[3] LB on ayîsiyiniw :  Here unmistakably “Indian”; below nêhiyaw : “Cree” (kept in translation) is probably meant in the same way.  The proper term wâpiski-wiyâs : “white-flesh, white man” alternates with môniyâw : “Canadian” (kept in translation).
[4] LB on atimwah : Properly “dogs”, but often used for misatim : “horse”; that this is here the case is shown by the next sentence."
4,4,pct-01-ancient-life-the-sun-dance-louis-moosomin,êkota ohci êkwa ati-miyw-âyâwak ayîsiyiniwak.,From that time on the Indians were well off.,literal,literal,False,No figurative language detected; literal statement about well-being.,"[3] LB on ayîsiyiniw :  Here unmistakably “Indian”; below nêhiyaw : “Cree” (kept in translation) is probably meant in the same way.  The proper term wâpiski-wiyâs : “white-flesh, white man” alternates with môniyâw : “Canadian” (kept in translation).
[4] LB on atimwah : Properly “dogs”, but often used for misatim : “horse”; that this is here the case is shown by the next sentence."
4,5,pct-01-ancient-life-the-sun-dance-louis-moosomin,"kîtahtawê êkota ohci piyisk atimwa ayâwêwak, ê-otâpahâcik.",At a certain time after this they began to have horses to pull their loads.,metaphor,metaphor,True,"Footnote [4] states 'atimwa' properly means 'dogs' but is used for 'horses', a conventional metaphorical use.","[3] LB on ayîsiyiniw :  Here unmistakably “Indian”; below nêhiyaw : “Cree” (kept in translation) is probably meant in the same way.  The proper term wâpiski-wiyâs : “white-flesh, white man” alternates with môniyâw : “Canadian” (kept in translation).
[4] LB on atimwah : Properly “dogs”, but often used for misatim : “horse”; that this is here the case is shown by the next sentence."
4,6,pct-01-ancient-life-the-sun-dance-louis-moosomin,ôtê piko nimitaw ayîsiyiniwak okî-ayâwâhtâwâw kayâhtê misatimwa; nama wîhkâc ohci ayâwêw ayîsiyiniw nâtakâm kâ-itapit.,"And, strangely enough, it was only the people in the south who had horses; the Indian who dwells in the north from that time to this has never had horses.",literal,literal,False,No figurative language detected; literal description of horse distribution.,"[3] LB on ayîsiyiniw :  Here unmistakably “Indian”; below nêhiyaw : “Cree” (kept in translation) is probably meant in the same way.  The proper term wâpiski-wiyâs : “white-flesh, white man” alternates with môniyâw : “Canadian” (kept in translation).
[4] LB on atimwah : Properly “dogs”, but often used for misatim : “horse”; that this is here the case is shown by the next sentence."
6,0,pct-01-ancient-life-the-sun-dance-louis-moosomin,"êkwa tâpwê âpihtâ-kîsikâhk itohtahik mayaw ê-nipât; êkotê ê-pawâtahk, wîhtamâkôwisiw nipâkwêsimôwikamik.","Then truly he was taken to the place of the noonday sky, even as he slept; dreaming of that place, he was told by the Higher Powers of the Sun-Dance Lodge.",literal,literal,False,Describes a vision experience literally; no figurative language.,"[5] KR:  Close-quote missing in book.
[6] LB on k-ôh-pikonahkik :  The actor “they” probably refers to the Thunderers."
6,1,pct-01-ancient-life-the-sun-dance-louis-moosomin,êwako tahtw-âskiy kita-tôtahkik ayîsiyiniwak kî-miyâwak.,The people were given the annual performance of this rite.,literal,literal,False,Straightforward statement about receiving a rite; no figurative language.,"[5] KR:  Close-quote missing in book.
[6] LB on k-ôh-pikonahkik :  The actor “they” probably refers to the Thunderers."
6,2,pct-01-ancient-life-the-sun-dance-louis-moosomin,êkwa ispî kiskinohamawâw tânisi ta-tôtahk; okîsikôwa kî-kiskinôhamâk.,And at the same time he was taught how to perform it; by the dwellers in the sky he was taught.,literal,literal,False,Literal description of being taught; 'dwellers in the sky' is a conventional term for spiritual beings.,"[5] KR:  Close-quote missing in book.
[6] LB on k-ôh-pikonahkik :  The actor “they” probably refers to the Thunderers."
6,3,pct-01-ancient-life-the-sun-dance-louis-moosomin,mâskôc nawac nawac ta-miywâsin kâkikê ta-pakitinamâht ayîsiyiniw; êwako nititêyihtênân.,"Surely it would be well, if it were always permitted to the Indian; so we think.",literal,literal,False,Expresses a wish/opinion literally; no figurative language.,"[5] KR:  Close-quote missing in book.
[6] LB on k-ôh-pikonahkik :  The actor “they” probably refers to the Thunderers."
6,4,pct-01-ancient-life-the-sun-dance-louis-moosomin,tahki kêkway kita-miyo-ohpikin.,Crops would always grow well.,literal,literal,False,Literal statement about crops growing well.,"[5] KR:  Close-quote missing in book.
[6] LB on k-ôh-pikonahkik :  The actor “they” probably refers to the Thunderers."
6,5,pct-01-ancient-life-the-sun-dance-louis-moosomin,namôya maci-kêkway nipâkwêsimowikamik.,The Sun-Dance Lodge is not an evil thing.,literal,literal,False,Literal denial of evil nature.,"[5] KR:  Close-quote missing in book.
[6] LB on k-ôh-pikonahkik :  The actor “they” probably refers to the Thunderers."
6,6,pct-01-ancient-life-the-sun-dance-louis-moosomin,"wiyawâw, ""kahkiyaw kêkway maci-kêkway nêhiyawak maci-manitowa atoskawêwak,"" itwêwak ayamihêw-iyiniwak.","To be sure, “The Cree perform all kinds of evil things for the Evil Spirit,” say the missionaries.",literal,literal,False,Literal quotation of missionaries.,"[5] KR:  Close-quote missing in book.
[6] LB on k-ôh-pikonahkik :  The actor “they” probably refers to the Thunderers."
6,7,pct-01-ancient-life-the-sun-dance-louis-moosomin,namôya niyanân nêhiyaw ôta askihk ohci kiki-pakitinâw; maci-manitôwa mîna manitôw okosisa namôya ohci kiskêyimêw nêhiyaw; mîna maci-manitôw kâ-isiyîhkâsot namôya nêhiyaw kiskêyimêw.,On the contrary: the Cree was not put down here on earth with these things; the Cree has never known and does not know an Evil Spirit or a Son of God; and the Cree does not know him who is called the Evil One.,literal,literal,False,Literal statements contradicting missionary claims; no figurative language.,"[5] KR:  Close-quote missing in book.
[6] LB on k-ôh-pikonahkik :  The actor “they” probably refers to the Thunderers."
6,8,pct-01-ancient-life-the-sun-dance-louis-moosomin,"âta kita-kî-tâpwêhtahk nêhiyaw, nawac manitôwa ê-kitimâkêyimikot, êkâ wîhkâc yôtinwa kâ-nipahikot.","But rather, well may the Cree believe that the Spirit looks with kindlier pity on him, since he is never killed by winds.",literal,literal,False,Argument about the Spirit's pity; 'looks with kindlier pity' is a conventional expression.,"[5] KR:  Close-quote missing in book.
[6] LB on k-ôh-pikonahkik :  The actor “they” probably refers to the Thunderers."
6,9,pct-01-ancient-life-the-sun-dance-louis-moosomin,nama wîhkâc nêhiyaw nipahik yôtin.,Never is a Cree killed by wind.,literal,literal,False,Literal statement about wind not killing Cree.,"[5] KR:  Close-quote missing in book.
[6] LB on k-ôh-pikonahkik :  The actor “they” probably refers to the Thunderers."
6,10,pct-01-ancient-life-the-sun-dance-louis-moosomin,nama wîhkâc nipahik nêhiyaw piyêsiwa.,Never is a Cree killed by the Thunderers.,literal,literal,False,Literal statement about Thunderers not killing Cree.,"[5] KR:  Close-quote missing in book.
[6] LB on k-ôh-pikonahkik :  The actor “they” probably refers to the Thunderers."
6,11,pct-01-ancient-life-the-sun-dance-louis-moosomin,nama wîhkâc nêhiyaw nipahik iskotêw.,Never is a Cree killed by fire.,literal,literal,False,Literal statement about fire not killing Cree.,"[5] KR:  Close-quote missing in book.
[6] LB on k-ôh-pikonahkik :  The actor “they” probably refers to the Thunderers."
6,12,pct-01-ancient-life-the-sun-dance-louis-moosomin,"êkota ohci nititêyihtênân, nawac nêhiyaw ê-kitimâkinâkôwisit.",That is why we think that the Cree is favored by the Higher Powers.,literal,literal,False,Conclusion that Cree is favored; no figurative language.,"[5] KR:  Close-quote missing in book.
[6] LB on k-ôh-pikonahkik :  The actor “they” probably refers to the Thunderers."
6,13,pct-01-ancient-life-the-sun-dance-louis-moosomin,"mâskôc ê-kisiwâhât manitôwa, nipâkwêsimowikamik ê-kipihtinahk, êwako ohci mâh-mistahi kâ-ôh-pîkonahkik môniyâw-ôtênawa, nititêyihtênân; mîna iskotêw tahto-kîsikâw kâ-ôh-pîkonahk wâskahikana; tahto-kîsikâw misiwê nikiskêyihtênân ê-saskitêki wâskahikana, mayaw ôtênâhk êtohtêyâhko.","Perhaps it is because he has angered the Spirit by putting a stop to the Sun-Dance Lodge, that in such numbers they break up the Canadian's towns; so we think; and that every day fire destroys the wooden houses; every day we learn that everywhere houses have caught fire, every time we go to town.",literal,literal,True,"Describes destruction literally; footnote [6] clarifies that 'they' (the Thunderers) break up towns, but this is a reference clarification, not figurative language.","[5] KR:  Close-quote missing in book.
[6] LB on k-ôh-pikonahkik :  The actor “they” probably refers to the Thunderers."
6,14,pct-01-ancient-life-the-sun-dance-louis-moosomin,mîna nipêhtênân tahto-nîpin ê-pîkwâstahki piko itê ôtênawa.,And every summer we hear that in many places towns have been destroyed by windstorms.,literal,literal,False,Literal report of windstorm destruction.,"[5] KR:  Close-quote missing in book.
[6] LB on k-ôh-pikonahkik :  The actor “they” probably refers to the Thunderers."
6,15,pct-01-ancient-life-the-sun-dance-louis-moosomin,"namôya maci-kêkway kâ-kî-miyikoyâhk manitôw, mawimoscikêwina, nayêstaw kita-isi-nitotamihk miyo-kêkway.","It is not an evil thing which the Spirit has given to us, but ways of worship, only that good things may be prayed for.",literal,literal,False,Literal statement about what the Spirit gave.,"[5] KR:  Close-quote missing in book.
[6] LB on k-ôh-pikonahkik :  The actor “they” probably refers to the Thunderers."
6,16,pct-01-ancient-life-the-sun-dance-louis-moosomin,êkosi nikî-isi-pakitinikonân manitôw ôta askîhk kâ-nêhiyâwiyâhk.,"Thus did the Spirit set us down here on earth, us who are Cree.",literal,literal,False,Literal description of being placed on earth; 'set down' is a conventional phrase.,"[5] KR:  Close-quote missing in book.
[6] LB on k-ôh-pikonahkik :  The actor “they” probably refers to the Thunderers."
6,17,pct-01-ancient-life-the-sun-dance-louis-moosomin,"âtiht mâmaskâc mastaw ê-ihtakohki nîmihitôwina êkâ ê-kipihtinahk wâpiski-wiyâs, nanâtohk ê-isi-mêstinikêhk; mâka nipâkwêsimôwin nama kêkway mêstinikâniwa.","Strange, that some dances which arose much later are not stopped by the White Man, dances in which various things are used up, while the Sun-Dance involves no waste.",literal,literal,False,Literal contrast between dances; 'strange' expresses opinion but not figuratively.,"[5] KR:  Close-quote missing in book.
[6] LB on k-ôh-pikonahkik :  The actor “they” probably refers to the Thunderers."
6,18,pct-01-ancient-life-the-sun-dance-louis-moosomin,"nêhiyawak êkota tahtw-âskiy kî-miyâwak nîso-kîsikâw êkâ kita-mîcisocik, kita-nitotahkik kahkiyaw kêkway kita-miyo-ohpikiniyik, kita-nitotahkik ta-kimiwaniyik.","It was given to the Cree, every year, for two days to go without eating, and to pray that all things might grow well, and to pray for rain.",literal,literal,False,Literal description of the Sun-Dance requirements.,"[5] KR:  Close-quote missing in book.
[6] LB on k-ôh-pikonahkik :  The actor “they” probably refers to the Thunderers."
6,19,pct-01-ancient-life-the-sun-dance-louis-moosomin,êkosi kâ-isi-pakitiniht ôta askîhk kitimâki-ayîsiyiniw.,It was thus that the poor Indian was set down here on earth.,literal,literal,False,Literal restatement of the Indian's placement on earth.,"[5] KR:  Close-quote missing in book.
[6] LB on k-ôh-pikonahkik :  The actor “they” probably refers to the Thunderers."
12,0,pct-02-the-character-and-knowledge-of-the-cree-louis-moosomin,"êkwa kotak awa oskinîkiw kâ-kiskêyihtahk ê-wî-kakwê-nipahiht, wawêyîw; asiskîwinisôw; wâpiskâyik asiskiy âpacihtâw.","Then another man, a youth, who knew that they were going to try to kill him made himself ready; he painted himself with clay; he used white clay.",literal,literal,False,Literal description of the youth preparing himself with paint.,"[1] LB: The words suggest flying; probably I missed a word that said this; compare the return journey, below."
12,1,pct-02-the-character-and-knowledge-of-the-cree-louis-moosomin,"êkwa sipwêhtêw; nipîhk êsa waskic pimohtêw, mistahi ê-manitôwit.","Then he set out; he walked over the surface of the water, so great was his spirit power.",literal,literal,False,"Literal account of walking on water through spirit power, with no flying suggested.","[1] LB: The words suggest flying; probably I missed a word that said this; compare the return journey, below."
12,2,pct-02-the-character-and-knowledge-of-the-cree-louis-moosomin,"êkwa ê-takohtêt êkotê ispimihk, wîkiyihk pakicîw ôhi kâ-wî-kakwê-nipahikot.","Then, when he arrived up aloft, at the others' dwelling he alighted, at the dwelling of those who were going to try to kill him.",literal,literal,True,"Literal description of arriving and alighting; the footnote notes that the words suggest flying, but this is still a literal event in the narrative.","[1] LB: The words suggest flying; probably I missed a word that said this; compare the return journey, below."
12,3,pct-02-the-character-and-knowledge-of-the-cree-louis-moosomin,"wâpamêwak; ""kihiw,"" itêyimêwak.",They saw him; they thought he was an eagle.,literal,literal,False,"Literal statement that the others mistook him for an eagle, not a figurative expression.","[1] LB: The words suggest flying; probably I missed a word that said this; compare the return journey, below."
20,0,pct-02-the-character-and-knowledge-of-the-cree-louis-moosomin,"ê-tipiskâyik êkwa, ê-kîwêt, mosci-pimihâw êkwa.","When darkness came and he went home, he merely flew.",literal,literal,False,"The sentence describes an action in a narrative context; 'flew' could be metaphorical but with no clear evidence and a conservative approach, it is treated as literal.","[2] LB: Unless I greatly misjudge, the informant here gives a more favorable account of the Mitewin than could be got from other Sweet-Grass Cree.  He spent some years at an institution for the blind at Winnipeg, where he may have consorted with Ojibwa."
20,1,pct-02-the-character-and-knowledge-of-the-cree-louis-moosomin,"ê-wâpahk nitomêw êsa kahkiyaw kâ-mitêwiyit ayîsiyiniwa, kita-osîhtâyit mitêwikamik.","On the next day he summoned all the people who took part in the Medicine Ceremony, to have them build a Medicine Lodge.",literal,literal,False,The sentence describes a straightforward summoning and building activity with no figurative language.,"[2] LB: Unless I greatly misjudge, the informant here gives a more favorable account of the Mitewin than could be got from other Sweet-Grass Cree.  He spent some years at an institution for the blind at Winnipeg, where he may have consorted with Ojibwa."
21,0,pct-02-the-character-and-knowledge-of-the-cree-louis-moosomin,"""êkwa kiyâm pêyak ê-ayât awiyak maskihkiy, kita-itohtatâw,"" êkosi itêw ayîsiyiniwa; ""âhkamêyimok; wîcôhkamawik;"" ""osâm mistahi kinipahikonawak,"" itwêw; ""kîsihtâyêko ôma kâ-osîhtâyêk mitêwikamik, mîna kahkiyaw kîsihtâyêko, tahto ayîsiyiniwak ka-wî-itohtêcik kîsi-pîhtokêtwâwi, êkospî ka-pê-nitominâwâw,"" itwêw awa oskinîkiw; ""êkwa pîhtokêyâni, nistikwânihk ka-pakamahonâwâw,"" itwêw awa oskinîkiw; ""nika-pimitâcimon, pîhtokêyâni,"" itwêw; ""êkwa mîna nîstanaw atimwak ka-mowâwâwak,"" itwêw; ""êkwa kahkiyaw kika-nîmihitonâwâw,"" itwêw awa oskinîkiw; ""êkwa kî-nipahiyêko, ka-pakocêninâwâw."" ""ohpimê kika-astânâwâw."" ""wêskwâhtêmihk ê-askîhtakwâk kika-anâskânâwâw."" ""êkwa ê-mihkwâk iskwâhtêmihk isi kika-anâskânâwâw."" ""tâpiskôc nipêwinis kika-isîhtânâwâw,"" itwêw êsa; ""êkotê niyaw iskwâhtêmihk itê isi, sâkâstênohk êkotê isi nika-aspiskwêsimon."" ""êkwa kapê-tipisk kika-nîmihitonâwâw,"" itwêw êsa; ""ka-mowâwâwak ôki atimwak."" ""êkwa nîso môhkomâna itakotêwa êtiskwêsiniyân."" ""kîspin kêkway mihko wâpahtamêko, êkosi nika-sâkohâwak akâmaskîhk kâ-ayâcik ayîsiyiniwak,"" itwêw êsa.","“And please let anyone who has any medicine bring it there,” he told the people; “Work with zeal; help me in what I am doing; too many of us are being killed,” he told them; “When you have finished the Medicine Lodge which you are building, and have completed everything, and when as many persons as mean to go there, have entered the lodge, then you are to come and call me,” said that youth; “And when I enter the lodge, you are to strike me on my head,” said the youth; “I shall be crawling along the ground, when I enter the lodge,” he said; “Also, twenty dogs you will eat,” he said; “And all of you will dance,” said the youth; “And when you have slain me, you will cut me open. Off to one side you will place it. Opposite the doorway you will lay blue mats. And red matting you will lay toward the doorway. You will make something like a small bed,” “And there my body, towards the doorway, facing the direction whence comes the light of day, I shall lie with my head on it. And all night you are to dance,” he told them; “You will eat those dogs. And two knives will hang by my head as I lie. If you see any blood, then I shall be defeating those persons who are across the sea,” he told them.",simile,simile,True,"The footnote speculates about a literal object ('entrails') and does not indicate figurative language, but the sentence itself contains the simile 'tâpiskôc nipêwinis' ('like a small bed').",[3] LB: Object presumably the entrails ?
30,0,pct-02-the-character-and-knowledge-of-the-cree-louis-moosomin,tâpwê nîmihitôwak kapê-tipisk.,Accordingly they danced all night.,literal,literal,False,The sentence describes a literal action of dancing all night.,[4] Perhaps read okî-nâspitsi-nipahâhtâwâw : “they had killed him beyond the possibility of revival”.
30,1,pct-02-the-character-and-knowledge-of-the-cree-louis-moosomin,"ê-pê-wâpaniyik, kîtahtawê kâ-wâpahtahkik mihko môhkomânihkânihk ê-pahpahkikawiyik.","As dawn approached, there at one time they saw blood dripping from the blades of the knives.",literal,literal,False,The sentence literally describes seeing blood dripping from knives at dawn.,[4] Perhaps read okî-nâspitsi-nipahâhtâwâw : “they had killed him beyond the possibility of revival”.
30,2,pct-02-the-character-and-knowledge-of-the-cree-louis-moosomin,"êkwa tâpwê cîhkêyihtamwak ê-nîmihitocik, nayêstaw atimwa ê-môwâcik.","Then truly did they put their heart into the dance, and only dogs they ate.",idiom,idiom,False,'Put their heart into the dance' is a conventional idiom meaning dancing with great enthusiasm.,[4] Perhaps read okî-nâspitsi-nipahâhtâwâw : “they had killed him beyond the possibility of revival”.
30,3,pct-02-the-character-and-knowledge-of-the-cree-louis-moosomin,"pîsim ê-pê-sâkêwêt, êkoyikohk natawâpênawâw awa oskinîkiw.","When the sun rose above the horizon, they went to view that youth.",literal,literal,False,The sentence literally describes the sun rising and the group going to view the youth.,[4] Perhaps read okî-nâspitsi-nipahâhtâwâw : “they had killed him beyond the possibility of revival”.
30,4,pct-02-the-character-and-knowledge-of-the-cree-louis-moosomin,êkwa êkota wâpahcikâtêw ê-âpisisihk.,There it was seen by all that he returned to life.,literal,literal,False,The sentence literally states that everyone saw the youth return to life.,[4] Perhaps read okî-nâspitsi-nipahâhtâwâw : “they had killed him beyond the possibility of revival”.
30,5,pct-02-the-character-and-knowledge-of-the-cree-louis-moosomin,kahkiyaw êsa kî-sâkôcihêw anihi nîstanaw ita ayîsiyiniwa.,He had overcome all of those twenty persons.,literal,literal,False,The sentence literally states that he overcame the twenty persons.,[4] Perhaps read okî-nâspitsi-nipahâhtâwâw : “they had killed him beyond the possibility of revival”.
30,6,pct-02-the-character-and-knowledge-of-the-cree-louis-moosomin,kahkiyaw êsa okî-nâspici-nipâhtâwâw.,It appears that they had all gone to sleep beyond hope of revival.,idiom,idiom,True,"The footnote suggests an idiomatic reading 'beyond the possibility of revival,' which is a conventional expression for permanent death.",[4] Perhaps read okî-nâspitsi-nipahâhtâwâw : “they had killed him beyond the possibility of revival”.
31,0,pct-02-the-character-and-knowledge-of-the-cree-louis-moosomin,êwako pêyak âcimôwin; êkota ohci namôya êkoyikohk miywâsin mitêwikamik.,That is one story; but since then the Medicine Lodge has not been so good a thing as all that.,literal,literal,False,The sentence states a fact about the Medicine Lodge without non-literal comparison or fixed expression.,[5] CHECK pistispowihtocik
31,1,pct-02-the-character-and-knowledge-of-the-cree-louis-moosomin,"kahkiyaw kêkway mac-âyisak ahpô ayîsiyiniwak kî-nâ-nipahitôwak, maci-maskihkiya ê-âpacihtâcik, ê-piscipôwihtocik.","All kinds of evil beings or person have killed one another, by using bad medicines to poison one another.",literal,literal,True,"The footnote refers to 'pistispowihtocik' (likely the word in this sentence) but only asks to check it, giving no figurative information; the sentence describes killing by poison literally.",[5] CHECK pistispowihtocik
31,2,pct-02-the-character-and-knowledge-of-the-cree-louis-moosomin,piko isi isi-kaskihtâwak êsi-nisiwanâcihitocik kayâs ayîsiyiniwak.,The old-time people were able to do all manner of things in the way of destroying one another.,literal,literal,False,"Describes abilities of old-time people literally, with no figurative language.",[5] CHECK pistispowihtocik
31,3,pct-02-the-character-and-knowledge-of-the-cree-louis-moosomin,êwako wiyawâw ocipwêwak nîkân kâ-kî-miyikôwisicik mitêwiwin; kêhciwâk kî-itohtêwak mitêwi-manitôwa.,It was the Ojibwa who first were given this Medicine Ceremony by the Higher Powers; they went into the actual presence of the Spirit of the Mitewin.,literal,literal,False,Relates historical facts about the Ojibwa and the Medicine Ceremony in literal terms.,[5] CHECK pistispowihtocik
31,4,pct-02-the-character-and-knowledge-of-the-cree-louis-moosomin,"êkota ohci kahkiyaw kêkway nipîhk kâ-otaskîyit, êyakonik mawimostawêwak kâ-mitêwicik; môhkiciwanipêkohk mîna kâ-otaskîyit kahkiyaw mawimostawêwak; mîna tahto kêkway kâ-sâkikihk ôta askîhk, êwakoni kî-kiskinôhamâkôwisiwak kita-isi-mawimostahkik.","Since then, those who participate in the Medicine Rite, worship all those beings that have their home in the waters; they worship also that being who has his home in springs; and they were told by the spirits to worship as many things as grow forth out of this earth.",literal,literal,False,"Lists worship practices literally; 'home' in the translation is a conventional term for dwelling, not a metaphor.",[5] CHECK pistispowihtocik
31,5,pct-02-the-character-and-knowledge-of-the-cree-louis-moosomin,"anohc kêyâpic mihcêt kêkway ê-pwâtawihtâcik maskihkîwiyiniwak, kaskihtâwak nêhiyawak omaskihkîmiwâwa ohci; cikêmâ kî-miyikôwisiw nêhiyaw maskihkiy; iyikohk êspîhcâk askiy, kahkiyaw kêkway kâ-wâpahtamihk, niyîpihki kâ-ohpikihk, êspîhcâk askiy, misiwê kî-têpastâwân nêhiyaw omaskihkîm.","To this day, many things which the physicians fail of doing, the Cree can do them through their medicines; what wonder, since the Cree was given medicine by the Higher Powers? Over all the extent of the earth, everything that is seen growing forth in the summer time, as far as the earth extends, everywhere the medicine of the Cree was placed within his reach.",literal,literal,False,"The Cree original says medicine was 'placed' not 'within reach', so it is literal; the English idiom is translator's choice.",[5] CHECK pistispowihtocik
31,6,pct-02-the-character-and-knowledge-of-the-cree-louis-moosomin,misiwê itê itâpiyêko ka-wâpahtênâwâw nêhiyaw ê-kî-miyiht wîsta kita-ohci-pimâtisit.,"Wherever you may look, you will see that which the Cree, for his part, was given, that he might derive from it his continuance of life.",literal,literal,False,"States that the Cree can derive sustenance from what was given, without figurative expression.",[5] CHECK pistispowihtocik
31,7,pct-02-the-character-and-knowledge-of-the-cree-louis-moosomin,mîna âpihtaw ê-mâyâtaniyik maskihkiy kî-miyâw.,"Also, as half of the gift, he was given bad medicine.",literal,literal,False,Refers to being given bad medicine as a literal fact.,[5] CHECK pistispowihtocik
31,8,pct-02-the-character-and-knowledge-of-the-cree-louis-moosomin,"wiyawâw êwakoni mitêwak kâ-kî-kiskinôhamâkôwisicik; kahkiyaw kêkway kî-wîhtamâkôwisiwak kit-si-nanâtawihiwâkêcik, ahpô nipîhk kahkiyaw kêkway kâ-ohpikiniyik, kita-pâsahkik kahkiyaw kêkway maskihkiy.","Those same Medicine Dancers were the ones to whom it was taught by the Higher Powers; they were shown by the spirits every way of doctoring people, all the things, even, which grow in the water, that they might dry all kinds of medicinal herbs.",literal,literal,False,"Describes what the Medicine Dancers were taught, in plain language.",[5] CHECK pistispowihtocik
32,0,pct-02-the-character-and-knowledge-of-the-cree-louis-moosomin,ohcitaw nitâyimôtên kayâs nêhiyawak kâ-isi-pimâtisicik.,I tell this because I wish to discourse upon how the Cree lived of old.,literal,literal,False,"The footnote mentions only a typo check, not figurative language, and the sentence is a plain statement of intent.",[6] CHECK kanapamikowisit - either PCT or lexfile has typo
32,1,pct-02-the-character-and-knowledge-of-the-cree-louis-moosomin,"nimiywêyihtên manitow wiya ê-itêyihtahk, awa nâpêw kâ-pê-natawêyihtahk nêhiyaw tânisi kâ-kî-isi-pimâtisit.",I am glad that the Lord had it in mind that this man should come here and desire to know how the Cree used to live.,literal,literal,False,The footnote does not discuss this sentence; the expression 'had it in mind' is a conventional way to express divine intention but remains literal in the Cree original.,[6] CHECK kanapamikowisit - either PCT or lexfile has typo
32,2,pct-02-the-character-and-knowledge-of-the-cree-louis-moosomin,"mitoni mâka kahkiyaw miyo-kanâpanikôwisit ayîsiyiniw, êkwa kayâs nika-âyimôtên.","How well the people of old were taken care of, in everything, by the Powers, of that I shall now speak.",literal,literal,False,"The footnote likely points to a typo in 'kanapamikowisit', not to figurative language, and the sentence is a literal statement about being taken care of.",[6] CHECK kanapamikowisit - either PCT or lexfile has typo
32,3,pct-02-the-character-and-knowledge-of-the-cree-louis-moosomin,nama kêkway wiyasôwêwin ohci-ayâw nêhiyaw; kipahotôwin nama kêkway; nama kêkway maci-ihtiwin; wiyawâw piko ayîsiyiniwak omitonêyihcikaniwâw kî-âpacihtâwak.,Originally the Cree had no kind of law; there was no such thing as imprisonment; no such thing as crime; people simply used their own considerate judgment.,literal,literal,False,"The footnote does not refer to this sentence; the description of law, imprisonment, and judgment is entirely literal.",[6] CHECK kanapamikowisit - either PCT or lexfile has typo
32,4,pct-02-the-character-and-knowledge-of-the-cree-louis-moosomin,ayisk nêhiyaw nama kêkway ohci mâyi-tôtam; namôya ohci mâyi-tôtawêw nêhiyaw kisê-manitôwa.,"For the Cree did not, by his original nature, do wrong; it is not in the nature of the Cree to do wrong to God.",literal,literal,False,The footnote does not apply; the assertion about the Cree nature and wrongdoing is a literal moral claim.,[6] CHECK kanapamikowisit - either PCT or lexfile has typo
32,5,pct-02-the-character-and-knowledge-of-the-cree-louis-moosomin,êkwa nêhiyaw tipiyaw wiya manitôwa kî-kakêskimik; êwako ohci yôspisiwin kâ-ôh-ayât nêhiyaw.,The Cree was instructed by God himself in person; that is why the Cree has gentleness.,literal,literal,False,The footnote does not describe figurative language; 'God himself in person' is an emphatic but literal statement.,[6] CHECK kanapamikowisit - either PCT or lexfile has typo
32,6,pct-02-the-character-and-knowledge-of-the-cree-louis-moosomin,"ayisk kisêwâtisiw, manitôw kâ-kî-pê-kakêskimât ayîsiyiniwa.","For he has kindness of heart, since God came and instructed the people.",literal,literal,False,The footnote is not about this sentence; 'kindness of heart' is a common compound that does not rise to a metaphor or idiom in this context.,[6] CHECK kanapamikowisit - either PCT or lexfile has typo
33,0,pct-02-the-character-and-knowledge-of-the-cree-louis-moosomin,êkwa mîna piko iskwêwa kî-nâ-naskwêwasimik; êkosi kî-wiyasôwâtêw.,At that time only the woman made rejoinders to Him; therefore He pronounced the law for her.,literal,literal,False,The footnote is a linguistic gloss on a verb form and does not indicate any figurative language; the sentence describes actions plainly.,[7] LB: For kîh-nâ-naskwêwasimik .
40,0,pct-03-dances-adam-sakewew,"pêyak, nipâkwêsimôwin.",One is the Sun-Dance.,literal,literal,False,The sentence is a plain statement identifying one practice as the Sun-Dance; the footnote does not indicate any figurative meaning.,"[1] LB: The insistence upon prompt return to work and upon absence of black magic (“it is never in anger”) are, of course, pleas for the dances, some of which have been forbidden by the government. The informant spoke much more freely when notes were not being taken;  when dictating he broke off at frequent intervals with, “That is all.” Then, when reminded of some feature he had left out, he would go on for a while.  This accounts for the form of our text."
40,1,pct-03-dances-adam-sakewew,"ê-nitotamâht manitôw, kahkiyaw ayîsiyiniw kita-ohpikit ôta askîhk.","The Sun-Dance consists of this, that God is entreated that every human being may grow up and thrive here on this earth.",literal,literal,False,This sentence literally describes the purpose of the Sun-Dance; the footnote commentary does not suggest non-literal language.,"[1] LB: The insistence upon prompt return to work and upon absence of black magic (“it is never in anger”) are, of course, pleas for the dances, some of which have been forbidden by the government. The informant spoke much more freely when notes were not being taken;  when dictating he broke off at frequent intervals with, “That is all.” Then, when reminded of some feature he had left out, he would go on for a while.  This accounts for the form of our text."
40,2,pct-03-dances-adam-sakewew,"êwako nipâkwêsimôwin, nîso-kîsikâw piko aniki kâ-nîmihitocik nipiy êkâ ê-minihkwêcik, êkwa mîciwin êkâ ê-mîcicik nîso-kîsikâw.","The Sun-Dance consists of this, that for two days and no longer the dancers drink no water and for two days eat no food.",literal,literal,False,The sentence states the rules of the Sun-Dance without any figurative language; no footnote indication otherwise.,"[1] LB: The insistence upon prompt return to work and upon absence of black magic (“it is never in anger”) are, of course, pleas for the dances, some of which have been forbidden by the government. The informant spoke much more freely when notes were not being taken;  when dictating he broke off at frequent intervals with, “That is all.” Then, when reminded of some feature he had left out, he would go on for a while.  This accounts for the form of our text."
40,3,pct-03-dances-adam-sakewew,"mayaw kâ-pôyohk, sêmâk kahkiyaw kîwâniwiw, ê-nitawi-atoskêhk.","As soon as it is over, at once all go home and return to work.",literal,literal,False,"The sentence describes the participants' prompt return to work, which is a literal description; the footnote mentions it as a plea but does not treat the language as figurative.","[1] LB: The insistence upon prompt return to work and upon absence of black magic (“it is never in anger”) are, of course, pleas for the dances, some of which have been forbidden by the government. The informant spoke much more freely when notes were not being taken;  when dictating he broke off at frequent intervals with, “That is all.” Then, when reminded of some feature he had left out, he would go on for a while.  This accounts for the form of our text."
40,4,pct-03-dances-adam-sakewew,"namôya wîhkâc ê-kisiwâsihk, êwako mîkiwâhp kâ-âpacihtâcik nêhiyawak.",It is never in anger that the Cree use this lodge.,idiom,idiom,True,"Per the footnote, “it is never in anger” is a plea meaning absence of black magic, a conventional non-literal expression (idiom) rather than a literal statement about anger.","[1] LB: The insistence upon prompt return to work and upon absence of black magic (“it is never in anger”) are, of course, pleas for the dances, some of which have been forbidden by the government. The informant spoke much more freely when notes were not being taken;  when dictating he broke off at frequent intervals with, “That is all.” Then, when reminded of some feature he had left out, he would go on for a while.  This accounts for the form of our text."
42,0,pct-03-dances-adam-sakewew,"awa kâ-wî-nipâkwêsimôwinihkêt, ""kitâpahta ôma!"" ""kitâpam awa, nôhtâ kisê-manitôw, kitawâsimis ê-wî-kanawêyihtamawak kita-pîhtwât!"" ""miy sôhkisiwin awa kitawâsimis kâ-kanawêyihtamawak cistêmâwa."" ""kanâci, êkâ kêkway ta-sêkihikocik ayîsiyiniwak."" ""ita mânokêyâni, kitawâsimisak kâ-wî-mânokawakik, kita-kitâpahtahkik wîkiwâw ta-okimâwihk êkâ awiyak kita-âhkosit;"" ""kahkiyaw kiyâm kita-miywêyihtamwak ôki kitawâsimisak, tahto kê-pê-nitawâpahkêcik ôma pîsim piyêsiw wîki kâ-wî-osîhtâyân, ohtin mîna."" ""êyakonik kita-kisêwâtisiwak koyahâkanak, kâ-sôhkahk kipimâcihiwêwin, êwako kita-miyihcik kahkiyaw ayîsiyiniwak."" ""ôma nîpawiyâni nama kêkway kita-sêkihikwak."" ""wâh-pimohtêci kitawâsimis, pêyâhtik kita-pimohtêw awa piyêsiw, nipiy kita-sâpopatât ohci ôma askiy, êkâ ta-pîkopayik."" ""kisêwâtotawin; kitimâkihtawin!"" ""êkosi ê-itwêyân anohc, kahkiyaw ta-miywamahcihohk.""","He who is about to give the Sun-Dance, “Look upon this thing! Look upon this tobacco, God, my Father, which I shall keep for Thy child to smoke. Give power to Thy child for whom I keep the tobacco. Moderate him, so that mortal men be not frightened by aught. There where I set up the lodge which I am about to erect for Thy children to look upon, let no one be ill; let all Thy children rejoice in it, as many as shall come to look upon this lodge of Sun and Thunderbird which I shall build, and of the Wind. May these Thy appointed creatures be propitious, so that Thy firm gift of life may be given to all men. When here I stand let them not by aught be frightened. When Thy child is about to walk abroad, let this Thunderbird go gently, drenching this earth with rain, that it may not break apart. Be kind to me; hear me with pity! Thus do I now speak, that all may live in health.”",literal,literal,True,"Bloomfield's footnote comments on a recording error in 'taw-okimâwahk', not on figurative language; the passage is a direct prayer with no non-literal expressions.",[2] LB on taw-okimâwahk : Doubtless error of record.
44,0,pct-03-dances-adam-sakewew,"kîspin piyêsiw ê-miyât êwako mîkiwâhp, kâ-mânokêt ayîsiyiniw, mistahi âpacihiwêw.","If the Thunderbird gives a man this lodge, and he has set it up, he does much good to people.",literal,literal,False,The sentence is a straightforward conditional statement about a person receiving a lodge from Thunderbird and doing good; the footnote does not mention any figurative language here.,"[3] LB: Informant had explained that not anyone, but only he who had been so commanded in a vision by a Thunderer, could give a Sun-Dance."
44,1,pct-03-dances-adam-sakewew,"kahkiyaw awiya âpacihêw, êkâ ta-nôhtêyâpâkwêyit, ta-miyoskâkoyit nipiy.","He does good to each and every one, that they need not thirst and that water may benefit them.",literal,literal,False,The sentence describes the beneficial effects on people in plain terms; no figurative language is indicated in the footnote.,"[3] LB: Informant had explained that not anyone, but only he who had been so commanded in a vision by a Thunderer, could give a Sun-Dance."
44,2,pct-03-dances-adam-sakewew,"êwako ohci ayîsiyiniwak, pêyak kâ-nipâkwêsimôwinihkêt.",This is why; for the sake of mankind is why one gives a Sundance.,literal,literal,True,"The footnote clarifies the cultural requirement that only one commanded in a vision can give a Sundance, but this is a literal explanation, not a figurative expression.","[3] LB: Informant had explained that not anyone, but only he who had been so commanded in a vision by a Thunderer, could give a Sun-Dance."
55,0,pct-03-dances-adam-sakewew,kotak mîna nîmihitôwin: kikastotinêwak.,Another dance still: they dance the Masked-Dance.,literal,literal,False,This is a plain statement introducing a dance; no figurative language is present.,"[4] LB: Or, “small things (animate: rattles?) made of buffalo-hoofs.”"
55,1,pct-03-dances-adam-sakewew,êkwa mistikohk tâpisiniyiwa mostoswak waskasîwâhk ohci ê-apisîsisicik.,To a pole are fastened the smallest of the hoofs of buffalo.,literal,literal,True,"The footnote offers an alternative literal translation of 'smallest of the hoofs' as 'small rattles made of buffalo-hoofs,' but this is still a literal description, not figurative.","[4] LB: Or, “small things (animate: rattles?) made of buffalo-hoofs.”"
55,2,pct-03-dances-adam-sakewew,êyakonik pêyak kîsikâw ê-kîsikâyik piko ê-nîmihitocik.,"These dancers dance one day, only during daylight.",literal,literal,False,This sentence literally describes when the dancers perform; no non-literal language.,"[4] LB: Or, “small things (animate: rattles?) made of buffalo-hoofs.”"
55,3,pct-03-dances-adam-sakewew,kahkiyaw mâka kikastotinêwak.,All wear a headgear.,literal,literal,False,A direct statement that all wear headgear; no figurative meaning.,"[4] LB: Or, “small things (animate: rattles?) made of buffalo-hoofs.”"
55,4,pct-03-dances-adam-sakewew,namôya nôkwaniyiwa ohkwâkaniwâw; payipisikâtêyiwa otastotiniwâwa ita ê-ohci-kanawâpahkêcik.,"Their faces are not visible; holes are cut in their headgear, through which they may see.",literal,literal,False,Describes the headgear's features literally; no figure of speech.,"[4] LB: Or, “small things (animate: rattles?) made of buffalo-hoofs.”"
72,0,pct-03-dances-adam-sakewew,"anohc pîtos nîmihitôwin, ê-mîcisohk, kahkiyaw, awâsisak, iskwêwak, kahkiyaw ê-itohtatahk mîciwin, ayâpisîs pêyak askihkohk piko.","Today the dancing is different; there is eating. Everyone, children and women, bring food, each one a small amount, in a kettle.",literal,literal,False,Sentence describes the dancing and food-bringing plainly; the footnote discusses dance names and lodge shapes not present here.,"[5] LB: This last is no doubt the “pow-wow”, Cree pîcicîwak , literally, “they attract”. An old time dance described by Coming-Day but not mentioned in our text, was the Pole-Dance, awatâhtikwêwak , literally, “they carry sticks”.  Sticks were set up upright in the ground, four ropes attached to each, and each rope held by a dancer. The dancers were on horseback, two young men and two young women riding around each stick. Another feature not in this text is the form of the lodge:  the Smoking-Lodge is conical, shaped like an ordinary tipi; the Sun-Dance lodge is straight upright (in a circle) and has a conical top."
72,1,pct-03-dances-adam-sakewew,piyis mistahi pîhcâyihk astêw mîciwin.,In the end there is a good amount of food in the tent.,literal,literal,False,Sentence states plainly that food ends up in the tent; no figurative language.,"[5] LB: This last is no doubt the “pow-wow”, Cree pîcicîwak , literally, “they attract”. An old time dance described by Coming-Day but not mentioned in our text, was the Pole-Dance, awatâhtikwêwak , literally, “they carry sticks”.  Sticks were set up upright in the ground, four ropes attached to each, and each rope held by a dancer. The dancers were on horseback, two young men and two young women riding around each stick. Another feature not in this text is the form of the lodge:  the Smoking-Lodge is conical, shaped like an ordinary tipi; the Sun-Dance lodge is straight upright (in a circle) and has a conical top."
72,2,pct-03-dances-adam-sakewew,namôya pêyak tipiskâw; nôhtaw ê-âpihtâwi-tipiskâk poyonâniwa.,Not one night; they stop before midnight.,literal,literal,False,Sentence gives a straightforward temporal detail about stopping before midnight; no figurative language.,"[5] LB: This last is no doubt the “pow-wow”, Cree pîcicîwak , literally, “they attract”. An old time dance described by Coming-Day but not mentioned in our text, was the Pole-Dance, awatâhtikwêwak , literally, “they carry sticks”.  Sticks were set up upright in the ground, four ropes attached to each, and each rope held by a dancer. The dancers were on horseback, two young men and two young women riding around each stick. Another feature not in this text is the form of the lodge:  the Smoking-Lodge is conical, shaped like an ordinary tipi; the Sun-Dance lodge is straight upright (in a circle) and has a conical top."
79,0,pct-04-the-sun-dance-chihtchikwayow,"êkwa êkâ kâ-kimiwahk, ê-sâkihtâhk kita-nipâkwêsimoyâhk, mîna êwako ohci mistahi kâ-ôh-yâh-yôtihk; êkosi nititêyihtênân kâ-nêhiyâwiyâhk.",And that it does not rain is because it has been forbidden that we dance the Sun-Dance: and it is due to this that there are great storms of wind; so we think who are Cree.,literal,literal,False,Footnote does not mention figurative language. The sentence describes cause and effect literally.,[1] ? ohtawiwi -hk
79,1,pct-04-the-sun-dance-chihtchikwayow,"êwako ohci kâ-ôh-ihkihk ê-nisiwanâtisit ayîsiyiniw, ê-kî-sôhki-astamâht omawimoscikêwin, êkwa ê-sâkihtamâht.","It is owing to this that the Indian is going to ruin, because his way of worship which was fixed for him is being withheld from him.",literal,literal,False,Footnote does not mention figurative language. The sentence describes consequences literally.,[1] ? ohtawiwi -hk
79,2,pct-04-the-sun-dance-chihtchikwayow,"kîspin pakitinikâtêk mawimoscikêwin, namôya êkosi ta-ihkin.","f his religion is permitted to him, things will not be thus.",literal,literal,False,Footnote does not mention figurative language. The sentence is a straightforward conditional.,[1] ? ohtawiwi -hk
79,3,pct-04-the-sun-dance-chihtchikwayow,tâpwê ôta ê-kî-miyikoyâhk ta-isi-kakîsimototawâyâhk kôhtâwiyinaw.,Truly the Father of us all gave it to us that in this place we should implore him.,metaphor,metaphor,False,Footnote is a morphological note and does not describe figurative language. The term 'kôhtâwiyinaw' ('our Father') is a metaphor for the deity.,[1] ? ohtawiwi -hk
79,4,pct-04-the-sun-dance-chihtchikwayow,"mâmawô ôhtâwiyimâw ayisk ê-ôhtâwiyihk ê-nitohtâht, kwayask ispayinâniwiw.","If he who is the Father of all is worshipped as becomes his Fatherhood, all will go well.",metaphor,metaphor,False,Footnote does not describe figurative language. 'ôhtâwiyimâw' ('Father of all') and 'ôhtâwiyihk' ('his Fatherhood') are metaphorical references to the deity.,[1] ? ohtawiwi -hk
86,0,pct-06-how-sweet-grass-became-chief-coming-day,kayâs mitoni kisêyiniw êwako okimâw.,In the time of the men of long ago he was chief.,literal,literal,False,Plain statement about being a chief in the past; no figurative language. The footnote notes uncertainty about 'ispatinâw' but does not indicate figurative usage.,"[1] ?? ispatinâw ‘hill’?
[2] LB on ayâhciyiniwah :  In earlier texts I have noted the second vowel of this word as long;  later I heard it as predominantly short."
86,1,pct-06-how-sweet-grass-became-chief-coming-day,ôma nakîwacîhk ôta wîkiwak.,Here at Sweet-Grass they dwelt.,literal,literal,False,Literal description of dwelling at Sweet-Grass. The footnote discusses vowel length in 'ayâhciyiniwah' but mentions no figurative language.,"[1] ?? ispatinâw ‘hill’?
[2] LB on ayâhciyiniwah :  In earlier texts I have noted the second vowel of this word as long;  later I heard it as predominantly short."
86,2,pct-06-how-sweet-grass-became-chief-coming-day,"kîtahtawê kîkisêpâ otinêw misatimwa; oyahpitêw, ê-têhtapit; sipwêhtêw, ê-papâmohtêt.","One morning, he took a horse; he saddled it and mounted; he set out to roam.",literal,literal,False,"Narration of taking, saddling, and riding a horse; no non-literal expression.","[1] ?? ispatinâw ‘hill’?
[2] LB on ayâhciyiniwah :  In earlier texts I have noted the second vowel of this word as long;  later I heard it as predominantly short."
86,3,pct-06-how-sweet-grass-became-chief-coming-day,"mêkwâ ê-pimohtêt, ispatinâw wâpahtam, ê-âmaciwêyit ayîsiyiniwa, nâpêwa.","As he went along he saw someone climbing a hill, a man.",literal,literal,False,Description of seeing someone climbing a hill; straightforward language.,"[1] ?? ispatinâw ‘hill’?
[2] LB on ayâhciyiniwah :  In earlier texts I have noted the second vowel of this word as long;  later I heard it as predominantly short."
86,4,pct-06-how-sweet-grass-became-chief-coming-day,kiskêyimêw ayahciyiniwa.,"He observed him, watching through a spy-glass, this man who was looking for people.",literal,literal,False,Expresses recognition of a Blackfoot man; 'know him' is used literally to mean identify.,"[1] ?? ispatinâw ‘hill’?
[2] LB on ayâhciyiniwah :  In earlier texts I have noted the second vowel of this word as long;  later I heard it as predominantly short."
86,5,pct-06-how-sweet-grass-became-chief-coming-day,êkwa opâskisikan pîhtâsôw; môskîstawêw ê-pimisiniyit.,He knew him for a Blackfoot.,literal,literal,False,Loading a gun and attacking someone lying down; no figurative elements.,"[1] ?? ispatinâw ‘hill’?
[2] LB on ayâhciyiniwah :  In earlier texts I have noted the second vowel of this word as long;  later I heard it as predominantly short."
86,6,pct-06-how-sweet-grass-became-chief-coming-day,"êkwa ê-kî-kiskêyihtahk awa ayahciyiniw, nêhiyawa ê-môskîstâkot, tapasîw; ê-sakâyik kotêskâmôw.",He loaded his gun and attacked him as he lay on the ground.,literal,literal,False,Literal account of fleeing and hiding after perceiving an attack.,"[1] ?? ispatinâw ‘hill’?
[2] LB on ayâhciyiniwah :  In earlier texts I have noted the second vowel of this word as long;  later I heard it as predominantly short."
86,7,pct-06-how-sweet-grass-became-chief-coming-day,êkosi pâskiswêw nêhiyaw.,"When the Blackfoot perceived that a Cree was attacking him, he fled; he hid in the bushes.",literal,literal,False,Describes the Cree man shooting; no metaphor or idiom.,"[1] ?? ispatinâw ‘hill’?
[2] LB on ayâhciyiniwah :  In earlier texts I have noted the second vowel of this word as long;  later I heard it as predominantly short."
86,8,pct-06-how-sweet-grass-became-chief-coming-day,namôya matwêwêw pâskisikan.,"The Cree tried to shoot him, but the gun did not go off.",literal,literal,False,States the gun did not fire; a literal event.,"[1] ?? ispatinâw ‘hill’?
[2] LB on ayâhciyiniwah :  In earlier texts I have noted the second vowel of this word as long;  later I heard it as predominantly short."
86,9,pct-06-how-sweet-grass-became-chief-coming-day,"êkota ê-sêskâmot, êkota ohci matâwisiwak nîsosâp ayahciyiniwak.","From the place where he had fled into the woods, twelve Blackfoot came out upon the trail.",literal,literal,False,Twelve Blackfoot coming out onto the trail; factual statement.,"[1] ?? ispatinâw ‘hill’?
[2] LB on ayâhciyiniwah :  In earlier texts I have noted the second vowel of this word as long;  later I heard it as predominantly short."
86,10,pct-06-how-sweet-grass-became-chief-coming-day,"êkwa nêhiyaw ê-pêyakot môskîstawêw, ê-wî-nôtinât, ê-wî-pâskiswât.","The lone Cree attacked them, wanting to do battle and shoot them.",literal,literal,False,One Cree attacking many with intent to fight; plain language.,"[1] ?? ispatinâw ‘hill’?
[2] LB on ayâhciyiniwah :  In earlier texts I have noted the second vowel of this word as long;  later I heard it as predominantly short."
86,11,pct-06-how-sweet-grass-became-chief-coming-day,"tapasîwak ôki ayahciyiniwak, ê-pêyakoyit ê-kostâcik, ê-pâh-pâskisokocik.","The Blackfoot fled, fearing the one Cree who was shooting at them.",literal,literal,False,Blackfoot fleeing in fear of the lone Cree shooting; literal narrative.,"[1] ?? ispatinâw ‘hill’?
[2] LB on ayâhciyiniwah :  In earlier texts I have noted the second vowel of this word as long;  later I heard it as predominantly short."
86,12,pct-06-how-sweet-grass-became-chief-coming-day,kotak sakâw êkota mîna sêskâmôwak.,They fled into another wood.,literal,literal,False,They fled into another wood; straightforward action.,"[1] ?? ispatinâw ‘hill’?
[2] LB on ayâhciyiniwah :  In earlier texts I have noted the second vowel of this word as long;  later I heard it as predominantly short."
86,13,pct-06-how-sweet-grass-became-chief-coming-day,"âsay mîna matâwisiwak, ê-pimipahtâcik.",Again they came forth in their course.,literal,literal,False,They came forth again in their course; no figurative expression.,"[1] ?? ispatinâw ‘hill’?
[2] LB on ayâhciyiniwah :  In earlier texts I have noted the second vowel of this word as long;  later I heard it as predominantly short."
86,14,pct-06-how-sweet-grass-became-chief-coming-day,"êkwa awa nêhiyaw ê-têhtapit, êkotê mîkiwâhpa, mitoni ê-mihcêticik nêhiyawak, êkotê ê-itisahwât.",But the Cree on his horse was driving them to where the Cree were many in their tents.,literal,literal,False,Describes the Cree driving them toward a large camp; literal description.,"[1] ?? ispatinâw ‘hill’?
[2] LB on ayâhciyiniwah :  In earlier texts I have noted the second vowel of this word as long;  later I heard it as predominantly short."
86,15,pct-06-how-sweet-grass-became-chief-coming-day,"ayahciyiniw""êkotê nika-pimâtisin"", ê-itêyihtahk, namôya kiskêyihtam ayîsiyiniwa nêhiyawa ê-mihcêtiyit êkota kâ-itohtêcik.","The Blackfoot meanwhile, thinking, “In this direction I shall escape,” did not know that there were many people, many Cree in the place to which they were going.",literal,literal,False,"Reports the Blackfoot's thought: 'In this direction I shall live' meaning escape, but 'live' here is not a conventional idiom; it's a direct statement of survival.","[1] ?? ispatinâw ‘hill’?
[2] LB on ayâhciyiniwah :  In earlier texts I have noted the second vowel of this word as long;  later I heard it as predominantly short."
86,16,pct-06-how-sweet-grass-became-chief-coming-day,"iyikohk ê-wâpamâcik nêhiyawa, êkoyikohk wâyonîwak, ê-kî-wâpamâcik mihcêt nêhiyawa.","When they saw the Cree, they turned, at the sight of the many Cree.",literal,literal,False,They turned upon seeing the many Cree; no figurative language.,"[1] ?? ispatinâw ‘hill’?
[2] LB on ayâhciyiniwah :  In earlier texts I have noted the second vowel of this word as long;  later I heard it as predominantly short."
87,0,pct-06-how-sweet-grass-became-chief-coming-day,"êkwa pêyak awa nîsosâp ayahciyiniwa ê-nawaswâtât, ê-sakâyik êwako môskîstamwak sîpîsis.","Then, as the one was pursuing the twelve Blackfoot, in a wooded place they made for a creek.",literal,literal,False,Plain narrative describing pursuit and movement toward a creek.,[3] LB on ninisô :  Word unknown to me; probably a mishearing.
87,1,pct-06-how-sweet-grass-became-chief-coming-day,"êkota pahkopêwak, ê-âsôwahahkik.",They went into the water to cross.,literal,literal,False,Literal description of crossing the water.,[3] LB on ninisô :  Word unknown to me; probably a mishearing.
87,2,pct-06-how-sweet-grass-became-chief-coming-day,"êkota nipîhk kôkîw pêyak ayahciyiniw, ê-kâsot, ""namôya nika-wâpamik nêhiyaw"", ê-itêyihtahk. kotakak ôki tapasîwak pêyakosâp; kotak sakâw êkotê sêskisiwak.","There one of the Blackfoot ducked under water to hide, thinking, “The Cree will not see me.” The other eleven fled; they went into another wood.",literal,literal,False,"Straightforward action and reported thought, no figurative language.",[3] LB on ninisô :  Word unknown to me; probably a mishearing.
87,3,pct-06-how-sweet-grass-became-chief-coming-day,"êkotê êkwa nêhiyawak wîhkwêskawêwak, tâpiskôc wâtihkân ê-osîhtâcik ayahciyiniwak, ê-nôtinikêcik.","There the Cree surrounded them, the Blackfoot making a kind of trench as they fought.",simile,simile,False,Uses tâpiskôc to compare the Blackfoot's construction to a trench.,[3] LB on ninisô :  Word unknown to me; probably a mishearing.
87,4,pct-06-how-sweet-grass-became-chief-coming-day,"êkwa ôki nêhiyawak kisiwâk ê-itohtêcik ita ê-ayâyit ayahciyiniwa, êkwa êwako kâ-papâ-nawaswâtât, êwako nîkânohtêw, tâpiskôc aya simâkanisikimâw, êkwa ôki ayahciyiniwak kisiwâk ê-wâpamâcik nêhiyawa êkwa ôma wâtihkân ôma kâ-ayâcik.","When the Cree went near to where the Blackfoot were, then he who had pursued them, he went in the lead, like an officer, and the Blackfoot saw the Cree come near the trench where they were.",simile,simile,False,Explicit comparison with tâpiskôc: the leader is like an officer.,[3] LB on ninisô :  Word unknown to me; probably a mishearing.
87,5,pct-06-how-sweet-grass-became-chief-coming-day,êkwa ninisô nêhiyawak êkota nîpawiwak wâtihkânihk cîki.,And the Cree stood there close to the pit.,literal,literal,True,Literal statement; Bloomfield's footnote on ninisô as an unknown word does not indicate figurative language.,[3] LB on ninisô :  Word unknown to me; probably a mishearing.
87,6,pct-06-how-sweet-grass-became-chief-coming-day,êkwa pêyak nêhiyaw tâpiskôc ôma mistik ôta-- ê-tâh-tahkamât môhkomân ohci ayahciyiniwa; êwako pêyak nêhiyaw kâ-tôtahk.,Then one Cree - holding it like this stick here - with his knife began to stab the Blackfoot; one Cree did this.,simile,simile,False,Simile using tâpiskôc to compare the Cree's holding of a knife to a stick.,[3] LB on ninisô :  Word unknown to me; probably a mishearing.
87,7,pct-06-how-sweet-grass-became-chief-coming-day,"êkosi êkwa kahkiyaw nêhiyawak pîhtokêwak wâtihkânihk, môhkomân ê-tahkonahkik, nêhiyawak ôhi ayahciyiniwa ê-tâh-tahkamâcik môhkomân ohci.","Thereupon all the Cree began to enter the trench, knife in hand, stabbing one Blackfoot after another.",literal,literal,False,Literal description of entering the trench with knives.,[3] LB on ninisô :  Word unknown to me; probably a mishearing.
87,8,pct-06-how-sweet-grass-became-chief-coming-day,nipahêwak; kahkiyaw nama awiyak pimâtisiw pêyakosâp aniki ayahciyiniwak.,They slew them; not one of those eleven Blackfoot was left alive.,literal,literal,False,Plain statement of the outcome: all Blackfoot were killed.,[3] LB on ninisô :  Word unknown to me; probably a mishearing.
87,9,pct-06-how-sweet-grass-became-chief-coming-day,"êkosi êkwa môhkomân ohci ê-manisamawâcik, ostikwâniyiwa ê-manisamawâcik nêhiyawak.",Then with their knives they scalped them; the Cree cut the scalps from their heads.,literal,literal,False,Literal account of scalping.,[3] LB on ninisô :  Word unknown to me; probably a mishearing.
87,11,pct-06-how-sweet-grass-became-chief-coming-day,ayis mêscihêwak; êwako ohci kâ-poyocik.,They had finished them all; that was why they ceased.,literal,literal,False,Gives reason for cessation of fighting in literal terms.,[3] LB on ninisô :  Word unknown to me; probably a mishearing.
87,12,pct-06-how-sweet-grass-became-chief-coming-day,"êkota ohci ana kâ-pêyakot, nistam kâ-wâpamât ôhi ayahciyiniwa, êwako ohci mistahi kî-okimâwiw. êwako ôma swît-kwâs isiyîhkâsôw, wîhkasko-kisêyin isiyîhkâsôw.","For this exploit he who had gone alone, and had first seen those Blackfoot, he became a great chief for this exploit.",literal,literal,False,"Matter-of-fact explanation of the hero's exploit and name, no figurative elements.",[3] LB on ninisô :  Word unknown to me; probably a mishearing.
87,13,pct-06-how-sweet-grass-became-chief-coming-day,"êwako ê-kî-okimâwit, kayâs kisêyiniwak.",His name was Sweet-Grass. He was chief among the men of old.,literal,literal,False,Simple statement about his chieftainship among the old men.,[3] LB on ninisô :  Word unknown to me; probably a mishearing.
103,0,pct-07-how-sweet-grass-became-chief-second-version-simon-mimikwas,"kîtahtawê pêyak nêhiyaw: ""ôtê ohci wayacâwîwak.""","Presently a Cree called out, “They are escaping over here.”",literal,literal,True,"Bloomfield's footnote merely glosses 'wayacâwîwak' as 'break into run', a literal description of sudden running; no figurative language is indicated.",[1] ?? wayacîwî-wak ‘break into run’
104,0,pct-07-how-sweet-grass-became-chief-second-version-simon-mimikwas,êkosi têpwêwak nâpêwak.,Then the men whooped.,literal,literal,False,"The sentence describes men whooping, a literal action.","[2] CHECK mos -> mosci
[3] CHECK têpwêwâcik"
104,1,pct-07-how-sweet-grass-became-chief-second-version-simon-mimikwas,pâskisamâkwak; namôya wî-nakîwak.,"The others shot at them, but they would not halt.",literal,literal,True,"The footnote checks the word 'mosci', but does not indicate figurative language; the sentence describes shooting and halting literally.","[2] CHECK mos -> mosci
[3] CHECK têpwêwâcik"
104,2,pct-07-how-sweet-grass-became-chief-second-version-simon-mimikwas,"pêyak câpês isiyîhkâsôw; pêyak waskasîw-âwâsis isiyîhkâsôw, ê-osîmihtocik.","One man was named Chapess, another Claw-child; they were brothers. Then, “Get ready your knives!” said the Cree.",literal,literal,True,"The footnote checks 'têpwêwâcik', but the sentence is a literal statement of names and relationship.","[2] CHECK mos -> mosci
[3] CHECK têpwêwâcik"
104,3,pct-07-how-sweet-grass-became-chief-second-version-simon-mimikwas,"êkosi tâpwê, ""ispî manihkomânêk!"" itwêwak nêhiyawak.","Before the cry had gone forth, they leaped up.",literal,literal,False,"Direct speech instructing to ready knives, a literal command.","[2] CHECK mos -> mosci
[3] CHECK têpwêwâcik"
104,4,pct-07-how-sweet-grass-became-chief-second-version-simon-mimikwas,maywês ê-sâkowêhk sêmâk ohpîwak.,They grappled with the Blackfoot.,literal,literal,False,"Describes leaping up before the cry finished, a literal temporal action.","[2] CHECK mos -> mosci
[3] CHECK têpwêwâcik"
104,5,pct-07-how-sweet-grass-became-chief-second-version-simon-mimikwas,otihtinêwak ayahciyiniwa.,"They used their knives, trying to stab them.",literal,literal,False,Grappling with the Blackfoot is a literal action.,"[2] CHECK mos -> mosci
[3] CHECK têpwêwâcik"
104,6,pct-07-how-sweet-grass-became-chief-second-version-simon-mimikwas,"êkosi môhkomân âpacihtâwak, ta-mosci-tâh-tahkamâcik.",Some they did not stab. They scalped them; they took their scalps.,literal,literal,False,Using knives to stab is literal.,"[2] CHECK mos -> mosci
[3] CHECK têpwêwâcik"
104,7,pct-07-how-sweet-grass-became-chief-second-version-simon-mimikwas,âtiht namôya tahkamêwak.,"Only then, when they had taken these, did they stab them.",literal,literal,False,"Some were not stabbed, a literal statement.","[2] CHECK mos -> mosci
[3] CHECK têpwêwâcik"
104,8,pct-07-how-sweet-grass-became-chief-second-version-simon-mimikwas,ôta maniswêwak; êkosi otinamwak ostikwân.,So they killed them all. Then they went home.,literal,literal,False,Scalping and taking scalps is literal.,"[2] CHECK mos -> mosci
[3] CHECK têpwêwâcik"
104,9,pct-07-how-sweet-grass-became-chief-second-version-simon-mimikwas,"êkosi isi ê-kî-otinahkik, êkosi êkwa tahkamêwak êkwêyâk. êkosi mêscihêwak. êkosi êkwa kîwêwak.",First they counted them: twenty-two; they killed all of those at whom they had whooped; they exterminated them.,literal,literal,False,"Sequence of actions: taking, stabbing, killing, going home, all literal.","[2] CHECK mos -> mosci
[3] CHECK têpwêwâcik"
104,10,pct-07-how-sweet-grass-became-chief-second-version-simon-mimikwas,"pitamâ akimêwak: nîsitanaw ayiwâk nîso; iyikohk nipahêwak, êkoyikohk kâ-têpwêwâcik, ê-mêscihâcik.","So, when they had returned home, they made a great celebration. On account of this Sweet-Grass became a chief.",literal,literal,False,Counting and stating the number killed is literal.,"[2] CHECK mos -> mosci
[3] CHECK têpwêwâcik"
104,11,pct-07-how-sweet-grass-became-chief-second-version-simon-mimikwas,êkosi ê-kî-kîwêcik mistahi miyawâtamwak. êkota ohci okimâwiw wîhkasko-kisêyin. êkosi namôya wîhkâc ka-pôni-okimâwiw kîskihkomân.,"[no translation, paraphrase of next sentence: All the time since then, to this very day, he is chief.] All the time since then, to this very day, he is chief.",literal,literal,False,"Celebrating and becoming chief, and never ceasing to be chief, are literal statements.","[2] CHECK mos -> mosci
[3] CHECK têpwêwâcik"
104,12,pct-07-how-sweet-grass-became-chief-second-version-simon-mimikwas,"êyâpic isko kê-askîwik, êyâpic anohc kîsikâw okimâwiw. êwako kat-nayip kâ-isiyîhkâtêk, êwako kîskihkomân kâ-kî-mêscihiht.","The place that is called “Cut-Knife” in English, that is where Chief Cut-Knife and his band were all slain.",literal,literal,False,Describing the chieftainship and the place name literally.,"[2] CHECK mos -> mosci
[3] CHECK têpwêwâcik"
104,13,pct-07-how-sweet-grass-became-chief-second-version-simon-mimikwas,"âta ê-kî-nipahiht, êyâpic okimâwiw anohc kîsikâw.","But although he was killed, yet to this day he is a chief.",literal,literal,False,"Concessive statement about being killed but still being chief, literal.","[2] CHECK mos -> mosci
[3] CHECK têpwêwâcik"
104,14,pct-07-how-sweet-grass-became-chief-second-version-simon-mimikwas,êkosi pêyak ana kâ-kôkît sîsîp-ostikwân isiyîhkâsôw; pêyak kâkâsôw isiyîhkâsôw; êwako kâ-sêkopayihot mistikohk; êyakonik piko pimâtisiwak.,he one who dived was called Duck-Head; one was called Hider; he it was who hid among the trees; only these two remained alive.,literal,literal,False,,"[2] CHECK mos -> mosci
[3] CHECK têpwêwâcik"
104,15,pct-07-how-sweet-grass-became-chief-second-version-simon-mimikwas,"nîsitanaw ayiwâk nêwo ê-kî-ihtasicik, êkosi piko nîso pimâtisiwak.","Of the twenty-four, thus only two remained alive.",literal,literal,False,,"[2] CHECK mos -> mosci
[3] CHECK têpwêwâcik"
104,16,pct-07-how-sweet-grass-became-chief-second-version-simon-mimikwas,êkonik âcimowak otaskîwâhk ê-takosihkik.,They told the tale when they reached their country.,literal,literal,False,,"[2] CHECK mos -> mosci
[3] CHECK têpwêwâcik"
106,0,pct-07-how-sweet-grass-became-chief-second-version-simon-mimikwas,êkosi êkwa mistahi kî-okimâwiw wîhkasko-kisêyin.,And so Sweet-Grass became a great chief.,literal,literal,False,The sentence describes a person becoming a chief in plain terms; no figurative language is indicated by the footnote or by direct reading.,"[4] LB on wîwotinaskêyiwin :  If correctly recorded, then “the taking of land,” i.e. the assignment of Indian Reserves"
106,1,pct-07-how-sweet-grass-became-chief-second-version-simon-mimikwas,êkâ ôma askiy ôma wîwotinaskêyiwin okosisa ôta kî-okimâwiyiwa.,"And here, on this very land, when the Reserve was assigned, his son was chief.",literal,literal,True,The footnote explains the term 'wîwotinaskêyiwin' as 'the taking of land' used for 'assignment of reserves' but does not state it is figurative; the rest of the sentence is non-figurative.,"[4] LB on wîwotinaskêyiwin :  If correctly recorded, then “the taking of land,” i.e. the assignment of Indian Reserves"
106,2,pct-07-how-sweet-grass-became-chief-second-version-simon-mimikwas,êwako nâpêw apis-iyinîs kî-isiyîhkâsôw.,Little-Man was his name.,literal,literal,False,"The sentence states the person's name; a proper name like 'Little-Man' is treated as literal here, and no figurative language is evident.","[4] LB on wîwotinaskêyiwin :  If correctly recorded, then “the taking of land,” i.e. the assignment of Indian Reserves"
106,3,pct-07-how-sweet-grass-became-chief-second-version-simon-mimikwas,nîsitanaw ayiwâk kêkâ-mitâtaht aspin kâ-nipit.,It is twenty-nine years since he died.,literal,literal,False,The sentence gives a time span since death in a straightforward manner; no non-literal expression is present.,"[4] LB on wîwotinaskêyiwin :  If correctly recorded, then “the taking of land,” i.e. the assignment of Indian Reserves"
108,0,pct-08-sweet-grass-as-a-young-man-coming-day,"kîtahtawê mîkiwâhpihk ohci sipwêhtêw, kêkâ-mitâtaht ê-ihtasicik ê-sipwêhtêcik, ê-mostohtêcik, ê-nitonawâcik ayahciyiniwa.","At one time he set out from his lodge; nine men were in the party; they went on foot, looking for Blackfoot.",literal,literal,False,"The footnote is a linguistic note on -ây-, not figurative; the sentence is plain narrative.",[1] CHECK heaviness of -ây-
108,1,pct-08-sweet-grass-as-a-young-man-coming-day,"kîtahtawê niyânanwâw ê-tipiskâyik, niyânanwâw ê-kî-nipâcik, mostoswa wâpamêwak.","When five nights had passed and five times they had slept on the way, they saw some buffalos.",literal,literal,False,"The footnote is a linguistic note on -ây-, not figurative; the sentence is plain narrative.",[1] CHECK heaviness of -ây-
108,2,pct-08-sweet-grass-as-a-young-man-coming-day,"pêyak awa sipwêhtêw, ê-nitawi-pâskiswât.",One man went out to shoot them.,literal,literal,False,"The footnote is a linguistic note on -ây-, not figurative; the sentence is plain narrative.",[1] CHECK heaviness of -ây-
108,3,pct-08-sweet-grass-as-a-young-man-coming-day,"ê-nipahât pêyak, kahkiyaw êkota itohtêwak ê-wiyanihâcik, ê-wî-mîcisocik.","When he had killed one, all went there to skin it and cut it up, and to eat.",literal,literal,False,"The footnote is a linguistic note on -ây-, not figurative; the sentence is plain narrative.",[1] CHECK heaviness of -ây-
108,4,pct-08-sweet-grass-as-a-young-man-coming-day,"êkwa ê-kîsi-mîcisocik, omaskisiniwâwa ê-kaskikwâtahkik, ê-mîsahahkik ê-pîkopayiyiki, êwako wîhkasko-kisêyin pasikôw, ê-sipwêhtêt ê-pêyakot.","When they had eaten and were sewing moccasins or mending such as were torn, Sweet-Grass arose and went off alone.",literal,literal,False,"The footnote is a linguistic note on -ây-, not figurative; the sentence is plain narrative.",[1] CHECK heaviness of -ây-
108,5,pct-08-sweet-grass-as-a-young-man-coming-day,"êwako ayinânêwosâp ê-tahtopiponwêt awa kâ-sipwêhtêt, ê-wî-kakwê-wâpamât ayahciyiniwa.",Eighteen years old was he when he then set out to see Blackfoot. Meanwhile the others stayed where they were.,literal,literal,False,"The footnote is a linguistic note on -ây-, not figurative; the sentence is plain narrative.",[1] CHECK heaviness of -ây-
108,6,pct-08-sweet-grass-as-a-young-man-coming-day,"ôki wiya kotakak apiwak. ê-asawâpit ê-wî-kakwê-wâpahtahk kêkway, ê-ispatinâyik êkota ê-pa-pimisihk, kisiwâk ôta osêhcâyiw; nama kêkway wâpahtam.","When he looked out to see what there was to be seen, as he lay there on a rise of the land, close by the land was hilly; he could not see anything.",literal,literal,False,"The footnote is a linguistic note on -ây-, not figurative; the sentence is plain narrative.",[1] CHECK heaviness of -ây-
108,7,pct-08-sweet-grass-as-a-young-man-coming-day,kîtahtawê kêkway pêhtam ê-pitihkwêyik.,After a while he heard something come thudding.,literal,literal,False,"The footnote is a linguistic note on -ây-, not figurative; the sentence is plain narrative.",[1] CHECK heaviness of -ây-
108,8,pct-08-sweet-grass-as-a-young-man-coming-day,"kîtahtawê wâpamêw ê-pê-sâkêwêpayiyit mostoswa mihcêt, kâ-wâpamât ayahciyiniwa mihcêt ê-pê-nawaswâtâyit ôhi mostoswa, ê-wî-nipahâyit.","Then he saw a great herd of buffalos come forth and saw a large band of Blackfoot coming in pursuit of the buffalo, to kill them.",literal,literal,False,"The footnote is a linguistic note on -ây-, not figurative; the sentence is plain narrative.",[1] CHECK heaviness of -ây-
108,9,pct-08-sweet-grass-as-a-young-man-coming-day,"namôya kî-tapasîw, wâpamikoci ta-nipahikot.","He could not flee, for if they saw him, they would kill him.",literal,literal,False,"The footnote is a linguistic note on -ây-, not figurative; the sentence is plain narrative.",[1] CHECK heaviness of -ây-
108,10,pct-08-sweet-grass-as-a-young-man-coming-day,"kâsôw êkota apisîs ê-sakâsiyik; êkota pimisin, acosisa ê-tahkonahk; nama kêkway pâskisikan.","He hid there in a small clump of trees; there he lay, holding his arrows; he had no gun.",literal,literal,False,"The footnote is a linguistic note on -ây-, not figurative; the sentence is plain narrative.",[1] CHECK heaviness of -ây-
108,11,pct-08-sweet-grass-as-a-young-man-coming-day,"ita kâ-pimisihk, kisiwâk ôta pimipayiyiwa mostoswa.",Close by the place where he lay came the buffalos.,literal,literal,False,"The footnote is a linguistic note on -ây-, not figurative; the sentence is plain narrative.",[1] CHECK heaviness of -ây-
108,12,pct-08-sweet-grass-as-a-young-man-coming-day,"itê kâ-pê-ohtohtêyit, êkotê misiwê nipahêyiwa mostoswa.","Everywhere in yon direction whence they had come, the others had killed buffalos.",literal,literal,False,"The footnote is a linguistic note on -ây-, not figurative; the sentence is plain narrative.",[1] CHECK heaviness of -ây-
108,13,pct-08-sweet-grass-as-a-young-man-coming-day,"êkwa ê-itâpit, misiwê wâpamêw itê kâ-kî-itohtêyit.","And when he looked this way, he saw them all going on.",literal,literal,False,"The footnote is a linguistic note on -ây-, not figurative; the sentence is plain narrative.",[1] CHECK heaviness of -ây-
108,14,pct-08-sweet-grass-as-a-young-man-coming-day,"kîtahtawê ê-pimisihk, nâway ê-pê-ihtâyit awa ayahciyiniwa, iskwêwa ê-wîcêwâyit, owîkimâkaniyiwa, pâskisikan ê-tahkonamiyit ôhi nâpêwa, êwakoni otihtik.","At last, as he lay there, behind the rest came a Blackfoot with a woman, his wife; the man carried a gun; these came to where he was.",literal,literal,False,"The footnote is a linguistic note on -ây-, not figurative; the sentence is plain narrative.",[1] CHECK heaviness of -ây-
108,16,pct-08-sweet-grass-as-a-young-man-coming-day,"wîhtamawêw owîkimâkana awa iskwêw, ôhi ê-pimisiniyit nêhiyawa.",She told her husband that a Cree lay there.,literal,literal,False,"The footnote is a linguistic note on -ây-, not figurative; the sentence is plain narrative.",[1] CHECK heaviness of -ây-
108,17,pct-08-sweet-grass-as-a-young-man-coming-day,"ê-itâpit awa ayahciyiniw, otinam opâskisikan. êkwa awa nêhiyaw kâ-pimisihk acosis ôma otinam, ôhi ayahciyiniwa ê-pimwât; nipahêw.","[no translation] Then the Cree who lay there took an arrow like this and shot the Blackfoot, killing him.",literal,literal,False,"The footnote is a linguistic note on -ây-, not figurative; the sentence is plain narrative.",[1] CHECK heaviness of -ây-
108,19,pct-08-sweet-grass-as-a-young-man-coming-day,âsay mîna êwakoni ôhi iskwêwa pimwêw; mîna êwakoni nipahêw.,Then he shot the woman; her too he killed.,literal,literal,False,"The footnote is a linguistic note on -ây-, not figurative; the sentence is plain narrative.",[1] CHECK heaviness of -ây-
108,20,pct-08-sweet-grass-as-a-young-man-coming-day,êkosi pasikôw; ôhi nâpêwa kâ-nipahât pâskisikan otinam; otêmiyiwa nîso otinêw; têhtapiw.,"So then he got up; he took the gun from the man he had slain, and his two horses; he mounted.",literal,literal,False,"The footnote is a linguistic note on -ây-, not figurative; the sentence is plain narrative.",[1] CHECK heaviness of -ây-
108,21,pct-08-sweet-grass-as-a-young-man-coming-day,"êkwa awa ayahciyiniwa mihcêt itê kâ-nipahâyit mostoswa, êkotê itohtêw, ê-têhtapit.","Where those Blackfoot had killed many buffalos, thither he went, now on horseback.",literal,literal,False,"The footnote is a linguistic note on -ây-, not figurative; the sentence is plain narrative.",[1] CHECK heaviness of -ây-
108,22,pct-08-sweet-grass-as-a-young-man-coming-day,"âta wiya wî-maskamêw; namôya wî-kitâpamêw, ê-kostahk ta-nisitawêyimikot ê-nêhiyâwit.","He wanted to rob them, but he did not want to look upon them, fearing they would know him for a Cree.",literal,literal,False,"The footnote is a linguistic note on -ây-, not figurative; the sentence is plain narrative.",[1] CHECK heaviness of -ây-
108,23,pct-08-sweet-grass-as-a-young-man-coming-day,"piyisk miyâskawêw, mihcêt ayîsiyiniwa ê-kî-miyâskawât.",At last he passed them; he passed a great many people.,literal,literal,False,"The footnote is a linguistic note on -ây-, not figurative; the sentence is plain narrative.",[1] CHECK heaviness of -ây-
108,24,pct-08-sweet-grass-as-a-young-man-coming-day,namôya kiskêyihtam kwayask ê-itohtêt pêyak ôhi ayahciyiniwa ê-wiyanihâyit mostoswa. âsay kî-itohtêw.,He had unwittingly gone straight to one of the places where the Blackfoot were preparing buffalo.,literal,literal,False,"The footnote is a linguistic note on -ây-, not figurative; the sentence is plain narrative.",[1] CHECK heaviness of -ây-
108,25,pct-08-sweet-grass-as-a-young-man-coming-day,"êkosi""tânisi kî-tôtamân?"" itêyihtam, ê-kostât êwakoni.","Beyond retreat he had gone there. “What can I do?” he thought, fearing them.",literal,literal,False,"The footnote is a linguistic note on -ây-, not figurative; the sentence is plain narrative.",[1] CHECK heaviness of -ây-
108,26,pct-08-sweet-grass-as-a-young-man-coming-day,"apisîs ohpimê pimohtêw, ê-têhtapit, pêyak ê-sakâpêkinât misatimwa, ayahciyiniwa otêmiyiwa ê-maskamât êwakoni kâ-nipahât.","He rode a bit to one side, leading by the bridle the other one of the horses he had taken from the Blackfoot he had slain.",literal,literal,False,"The footnote is a linguistic note on -ây-, not figurative; the sentence is plain narrative.",[1] CHECK heaviness of -ây-
108,27,pct-08-sweet-grass-as-a-young-man-coming-day,"êkwa ôhi kâ-kâh-kitâpamikot nisitawêyimik ê-nêhiyâwit, ê-otinâyit otêmiyiwa; wâpiskisiyiwa; êkosi tapasîw. êkwa têhtapiyiwa.","Then when one of the others looked at him, he knew he was a Cree and that he had taken some of their horses; white horses they had; and so he fled.",literal,literal,False,"The footnote is a linguistic note on -ây-, not figurative; the sentence is plain narrative.",[1] CHECK heaviness of -ây-
108,28,pct-08-sweet-grass-as-a-young-man-coming-day,"ê-kîsi-têhtapit awa ayahciyiniw, têpwêw; owîcêwâkana kitâpamik.","Then the other mounted. When the Blackfoot mounted, he whooped; his companions looked.",literal,literal,False,"The footnote is a linguistic note on -ây-, not figurative; the sentence is plain narrative.",[1] CHECK heaviness of -ây-
108,29,pct-08-sweet-grass-as-a-young-man-coming-day,êkosi aniki ayahciyiniwak mihcêt pê-sipwêpayiwak.,In this way those Blackfoot started off in a crowd.,literal,literal,False,"The footnote is a linguistic note on -ây-, not figurative; the sentence is plain narrative.",[1] CHECK heaviness of -ây-
108,30,pct-08-sweet-grass-as-a-young-man-coming-day,êkosi êkwa kâ-tapasît awa nêhiyaw.,And so the Cree fled.,literal,literal,False,"The footnote is a linguistic note on -ây-, not figurative; the sentence is plain narrative.",[1] CHECK heaviness of -ây-
108,31,pct-08-sweet-grass-as-a-young-man-coming-day,"êkwa awa kâ-nisitawêyimât nêhiyawa nawaswâtêw ôhi nêhiyawa, ê-wî-kakwê-nipahât.",The one who had recognized him as a Cree pursued him to kill him.,literal,literal,False,"The footnote is a linguistic note on -ây-, not figurative; the sentence is plain narrative.",[1] CHECK heaviness of -ây-
108,32,pct-08-sweet-grass-as-a-young-man-coming-day,"êkwa awa nêhiyaw ê-âpasâpamât, ""mahti kisiwâk kita-ayât."" ôhi kâ-na-nawaswâtikot kisiwâk ayâyiwa, kisiwâk ê-askôkot.","When the Cree looked back at his pursuer, “I shall let him get near.” Closer and closer behind him came he who was pursuing.",literal,literal,False,"The footnote is a linguistic note on -ây-, not figurative; the sentence is plain narrative.",[1] CHECK heaviness of -ây-
108,33,pct-08-sweet-grass-as-a-young-man-coming-day,wâhyaw pâpayiyiwa; wâyonipitêw ôhi kâ-têhtapit ê-môskîstawât ôhi wâhyaw kâ-pê-nakasiwêyit.,A long way had the other come; he turned back the horse and attacked the man who had come outdistancing his companions.,literal,literal,False,"The footnote is a linguistic note on -ây-, not figurative; the sentence is plain narrative.",[1] CHECK heaviness of -ây-
108,34,pct-08-sweet-grass-as-a-young-man-coming-day,"kisiwâk ê-osâpamikot, pâskisok.",The other saw him near and shot at him.,literal,literal,False,"The footnote is a linguistic note on -ây-, not figurative; the sentence is plain narrative.",[1] CHECK heaviness of -ây-
108,36,pct-08-sweet-grass-as-a-young-man-coming-day,êkosi tapasîyiwa. êkwa wiya pâskiswêw; nîhciwêpahwêw; nipahêw.,"Then he shot at the other; he knocked him from his horse, killing him.",literal,literal,False,"The footnote is a linguistic note on -ây-, not figurative; the sentence is plain narrative.",[1] CHECK heaviness of -ây-
108,37,pct-08-sweet-grass-as-a-young-man-coming-day,âsay mîna êwakoni otêmiyiwa otinêw.,This one's horse also he took.,literal,literal,False,"The footnote is a linguistic note on -ây-, not figurative; the sentence is plain narrative.",[1] CHECK heaviness of -ây-
108,39,pct-08-sweet-grass-as-a-young-man-coming-day,"kâ-mihcêticik aniki ayahciyiniwak ê-otihtâcik ôhi kâ-nipahimiht, êkota poyowak.","All the other Blackfoot, when they reached the one who was slain, stopped there.",literal,literal,False,"The footnote is a linguistic note on -ây-, not figurative; the sentence is plain narrative.",[1] CHECK heaviness of -ây-
108,40,pct-08-sweet-grass-as-a-young-man-coming-day,"osâm âsay wâhyaw ayâw, ê-tapasît. êkwa owîcêwâkana aspin kâ-kî-nakatât ita kâ-kî-mîcisocik, êwakonik wiya ê-pêhtahkik ê-mâh-matwêwêyik, kî-tapasîwak, ê-mosci-pimipahtâcik, ""mâskôc nipahâw"", ê-itêyihtahkik,- ôhi kâ-kî-nitawi-ay-asawâpiyit.","He was already too far away in his flight Then his companions whom he had left there where they had eaten, when they heard the shots, fled running on foot, thinking, “Perhaps the others have killed him,” - the one who had gone to reconnoitre.",literal,literal,False,"The footnote is a linguistic note on -ây-, not figurative; the sentence is plain narrative.",[1] CHECK heaviness of -ây-
108,41,pct-08-sweet-grass-as-a-young-man-coming-day,"êwako awa kâ-kî-nitawi-asawâpit, êwako nîso nipahêw ayahciyiniwa; nisto misatimwa maskamêw; pêyak pâskisikan; iskwêwa pêyak nipahêw.",But he who had gone to reconnoitre had killed two Blackfoot; he had taken three horses from them and one gun; he had killed one woman.,literal,literal,False,"The footnote is a linguistic note on -ây-, not figurative; the sentence is plain narrative.",[1] CHECK heaviness of -ây-
108,42,pct-08-sweet-grass-as-a-young-man-coming-day,owîcêwâkana miskawêw awa nêhiyaw.,That Cree found his comrades.,literal,literal,False,"The footnote is a linguistic note on -ây-, not figurative; the sentence is plain narrative.",[1] CHECK heaviness of -ây-
108,43,pct-08-sweet-grass-as-a-young-man-coming-day,"êkwa âcimôw ôma ka-isi-wâpahtahk, kâ-isi-otinât ôhi misatimwa.",Then he told of what he had experienced and of how he had taken those horses.,literal,literal,False,"The footnote is a linguistic note on -ây-, not figurative; the sentence is plain narrative.",[1] CHECK heaviness of -ây-
108,44,pct-08-sweet-grass-as-a-young-man-coming-day,"êkota ayâwak, owîcêwâkana ita ê-miskawât.",They stayed there where he found his comrades.,literal,literal,False,"The footnote is a linguistic note on -ây-, not figurative; the sentence is plain narrative.",[1] CHECK heaviness of -ây-
108,45,pct-08-sweet-grass-as-a-young-man-coming-day,"êkwa ê-tipiskâyik, êkota ohci kâwi sipwêhtêwak, ê-itohtêcik ôhi ayahciyiniwa ita ê-wîkiyit, êkwa ê-kimotamawâcik otêmiyiwa.","When night came, they set out again, going to where those Blackfoot dwelt, and stole their horses from them. Then they fled.",literal,literal,False,"The footnote is a linguistic note on -ây-, not figurative; the sentence is plain narrative.",[1] CHECK heaviness of -ây-
108,46,pct-08-sweet-grass-as-a-young-man-coming-day,êkota tapasîwak. kîwêwak; êkwa piyis êkosi isi takosinwak wîkiwâhk.,"They returned home, and so at last reached their camp.",literal,literal,False,"The footnote is a linguistic note on -ây-, not figurative; the sentence is plain narrative.",[1] CHECK heaviness of -ây-
108,47,pct-08-sweet-grass-as-a-young-man-coming-day,êwako awa kâ-tôtahk wîhkasko-kisêyin.,"The one who did thus, was Sweet-Grass.",literal,literal,False,"The footnote is a linguistic note on -ây-, not figurative; the sentence is plain narrative.",[1] CHECK heaviness of -ây-
129,0,pct-09-sweet-grass-defeats-the-blackfoot-and-sarsi-coming-day,"""nama kêkway,"" itwêwak nêhiyawak.","“None at all,” answered the Cree.",literal,literal,True,"The footnote is about the layout of the text, not figurative language. The sentence is a direct statement with no implicit comparison or conventional non-literal expression.","[1] KR:  Book has the three sentences of this paragraph on separate lines and indented as paragraphs, but with no paragraph number."
129,1,pct-09-sweet-grass-defeats-the-blackfoot-and-sarsi-coming-day,cikêmâ nama kêkway nipahâwak nêhiyawak.,"And in fact, none of the Cree had been killed.",literal,literal,True,"The footnote discusses formatting, not meaning. The sentence reports a factual statement plainly without metaphor or idiom.","[1] KR:  Book has the three sentences of this paragraph on separate lines and indented as paragraphs, but with no paragraph number."
129,2,pct-09-sweet-grass-defeats-the-blackfoot-and-sarsi-coming-day,"""kiyawâw mâka?"" itêwak nêhiyawak.",“And you?” the Cree asked them.,literal,literal,True,"The footnote concerns the paragraph indentation, not figurative language. The sentence is a straightforward question with no non-literal elements.","[1] KR:  Book has the three sentences of this paragraph on separate lines and indented as paragraphs, but with no paragraph number."
143,0,pct-09-sweet-grass-defeats-the-blackfoot-and-sarsi-coming-day,"êkosi kahkiyaw pimâtisiwak, wîkiwâhk ê-takohtêcik.",So they all stayed alive and reached their village.,literal,literal,False,Literal statement of the group's survival and arrival; no figurative language.,"[2] LB on tahtwayak :  The word “it was pierced” was not spoken, but supplied by gesture."
143,1,pct-09-sweet-grass-defeats-the-blackfoot-and-sarsi-coming-day,"awa wîhkasko-kisêyin oskotâkay wâpôwayân nistomitanaw nîsohayiwâk tahtwayak, êkosi nama nânitaw mâ-misiwê ê-pikwâhoht.","Sweet-Grass' coat and blanket had thirty-two bullet-holes, but in no spot was he wounded.",literal,literal,False,"Literal description of bullet holes without injury; the footnote about tahtwayak mentions a gesture, not figurative language.","[2] LB on tahtwayak :  The word “it was pierced” was not spoken, but supplied by gesture."
165,2,pct-10-four-cree-resist-the-blackfoot-coming-day,"namôya wâhyaw ê-ihtâcik, kâ-pê-sâkêwêyit, ê-nakiskawâcik, ê-kîwêyit awa ayahciyiniwa. wâpamikwak êkosi. tapasîwak ôki nêhiyawak.","They were not far on their way, when they encountered those Blackfoot coming out from behind a hill on their way home.",literal,literal,False,No figurative language indicated; the footnote concerns a different sentence.,[1] LB on êh-tapakwâtahk :  This word is probably wrongly recorded; the translation is a guess.
165,3,pct-10-four-cree-resist-the-blackfoot-coming-day,môskîstâkwak. ê-sakâyik êkota sêskisiwak otêmiwâwa kiki.,Thus they were seen by the others.,literal,literal,False,No figurative language indicated; the footnote concerns a different sentence.,[1] LB on êh-tapakwâtahk :  This word is probably wrongly recorded; the translation is a guess.
165,5,pct-10-four-cree-resist-the-blackfoot-coming-day,wîhkwêskâkwak ayahciyiniwa.,The others attacked them.,literal,literal,False,No figurative language indicated; the footnote concerns a different sentence.,[1] LB on êh-tapakwâtahk :  This word is probably wrongly recorded; the translation is a guess.
165,6,pct-10-four-cree-resist-the-blackfoot-coming-day,"wâtihkêwak êkota sakâhk, êkota awa kisêyiniw ê-wî-apit wâtihkânihk, êkwa pêyak oskinîkiw.",They took refuge with their horses in a wooded place. They stayed in the brush. The Blackfoot surrounded them.,literal,literal,False,No figurative language indicated; the footnote concerns a different sentence.,[1] LB on êh-tapakwâtahk :  This word is probably wrongly recorded; the translation is a guess.
165,7,pct-10-four-cree-resist-the-blackfoot-coming-day,"êkwa nîso ôki oskinîkiwak namôya wî-apiwak wâtihkânihk, êkwa ê-pâskisokocik ayahciyiniwa.","They dug a pit there in the woods, for the old man to stay in, and the one young man.",literal,literal,False,No figurative language indicated; the footnote concerns a different sentence.,[1] LB on êh-tapakwâtahk :  This word is probably wrongly recorded; the translation is a guess.
165,8,pct-10-four-cree-resist-the-blackfoot-coming-day,pêyak ômisi isiyîhkâsôw: kiyâhkakiyôwêw isiyîhkâsôw; êkwa pêyak pâhpâscês isiyîhkâsôw.,The other two young men decided not to stay in the pit when the Blackfoot fired on them.,literal,literal,False,No figurative language indicated; the footnote concerns a different sentence.,[1] LB on êh-tapakwâtahk :  This word is probably wrongly recorded; the translation is a guess.
165,9,pct-10-four-cree-resist-the-blackfoot-coming-day,êwakonik nêhiyawak ê-nôtinikêcik ê-nîsicik.,"The one's name was Kiyahkakiyowew, the other's Pahpastches.",literal,literal,False,No figurative language indicated; the footnote concerns a different sentence.,[1] LB on êh-tapakwâtahk :  This word is probably wrongly recorded; the translation is a guess.
165,10,pct-10-four-cree-resist-the-blackfoot-coming-day,"nîso wâtihkânihk apiwak; êwakonik ê-pîhtâsocik pâskisikana, ôki kâ-nôtinikêcik ê-âpacihtâcik, kâ-tasinahkwâwi kâ-isiwêpinamawâcik ôhi kisêyiniwa, kotak ê-otinahk pâskisikan.","Those were the two Cree who fought. Two sat in the pit; they loaded the guns for those who were fighting, the latter tossing the guns, when they had fired them, to the old man, and taking another.",literal,literal,False,No figurative language indicated; the footnote concerns a different sentence.,[1] LB on êh-tapakwâtahk :  This word is probably wrongly recorded; the translation is a guess.
165,11,pct-10-four-cree-resist-the-blackfoot-coming-day,"êwakonik ôki oskinîkiwak, kîspin êkâ ê-kostikocik ayahciyiniwa, êwakoni ê-nipahâcik.","These young men, whenever a Blackfoot failed to keep at a cautious distance, him they killed.",literal,literal,False,No figurative language indicated; the footnote concerns a different sentence.,[1] LB on êh-tapakwâtahk :  This word is probably wrongly recorded; the translation is a guess.
165,12,pct-10-four-cree-resist-the-blackfoot-coming-day,ôho wiya otêmiwâwa kahkiyaw nipahêyiwa.,But the others killed all their horses.,literal,literal,False,No figurative language indicated; the footnote concerns a different sentence.,[1] LB on êh-tapakwâtahk :  This word is probably wrongly recorded; the translation is a guess.
165,13,pct-10-four-cree-resist-the-blackfoot-coming-day,piyisk mihcêt nipahêyiwa ayahciyiniwa.,At last they had killed many Blackfoot.,literal,literal,False,No figurative language indicated; the footnote concerns a different sentence.,[1] LB on êh-tapakwâtahk :  This word is probably wrongly recorded; the translation is a guess.
165,15,pct-10-four-cree-resist-the-blackfoot-coming-day,"kêkâc ê-tipiskâyik, êkoyikohk pôyoyiwa ôhi ayahciyiniwa, ê-tapasîyit, ê-sêkihâcik.",Almost at nightfall the Blackfoot quit and ran away; they had frightened them.,literal,literal,False,No figurative language indicated; the footnote concerns a different sentence.,[1] LB on êh-tapakwâtahk :  This word is probably wrongly recorded; the translation is a guess.
165,16,pct-10-four-cree-resist-the-blackfoot-coming-day,pêyak piko nipahikwak êwakonik ôki.,Only one of these men had been slain.,literal,literal,False,No figurative language indicated; the footnote concerns a different sentence.,[1] LB on êh-tapakwâtahk :  This word is probably wrongly recorded; the translation is a guess.
165,17,pct-10-four-cree-resist-the-blackfoot-coming-day,"êkwa ê-kî-tapasîyit, êkwa ê-wâ-wâpamâcik otêmiwâwa. awa kisêyiniw kâ-kî-miyiht misatimwa, êwako piko pimâtisiyiwa, êsa ê-kawipitisoyit, oskâtiyihk ê-tâpakwâtahk pîsâkanâpiy ohci awa misatim. êkosi isi otinêw awa kisêyiniw.","Then when the others had run away and they looked at their horses, only the horse which had been given to the old man was alive; it had apparently thrown itself down on the ground by getting its foot snagged in the tether.",literal,literal,True,"Bloomfield's footnote on 'êh-tapakwâtahk' notes the word is probably wrongly recorded, not a figurative expression; thus literal.",[1] LB on êh-tapakwâtahk :  This word is probably wrongly recorded; the translation is a guess.
165,18,pct-10-four-cree-resist-the-blackfoot-coming-day,"êkosi sipwêhtêwak, ê-kîwêcik ôki nêhiyawak.",Thus the old man took it. So the Cree set out for home.,literal,literal,False,No figurative language indicated; the footnote concerns a different sentence.,[1] LB on êh-tapakwâtahk :  This word is probably wrongly recorded; the translation is a guess.
165,19,pct-10-four-cree-resist-the-blackfoot-coming-day,"pêyak piko nipahâw nêhiyaw, ê-nêwicik.",Only one of the four Cree was slain.,literal,literal,False,No figurative language indicated; the footnote concerns a different sentence.,[1] LB on êh-tapakwâtahk :  This word is probably wrongly recorded; the translation is a guess.
165,20,pct-10-four-cree-resist-the-blackfoot-coming-day,cikêmâ wiyawâw mihcêt nipahêwak ayahciyiniwa.,But certainly they had slain many of the Blackfoot.,literal,literal,False,No figurative language indicated; the footnote concerns a different sentence.,[1] LB on êh-tapakwâtahk :  This word is probably wrongly recorded; the translation is a guess.
165,21,pct-10-four-cree-resist-the-blackfoot-coming-day,"êwako ôhi kâ-ôh-pôyocik, ê-sêkihâcik. êkosi isi pimâtisiwak.",They ceased fighting when they had frightened them off.,literal,literal,False,No figurative language indicated; the footnote concerns a different sentence.,[1] LB on êh-tapakwâtahk :  This word is probably wrongly recorded; the translation is a guess.
165,22,pct-10-four-cree-resist-the-blackfoot-coming-day,"êkosi ê-wâpahk, kapê-tipisk ê-pimohtêcik, ê-wâpahk, ê-otâkosihk, takosinwak wîkiwâhk ôki nêhiyawak.","So they saved their lives. On the next day, after marching all night, in the evening these Cree reached their camp.",literal,literal,False,No figurative language indicated; the footnote concerns a different sentence.,[1] LB on êh-tapakwâtahk :  This word is probably wrongly recorded; the translation is a guess.
165,23,pct-10-four-cree-resist-the-blackfoot-coming-day,wiya piko awa kisêyiniw pêyak pêsiwêw ôhi misatimwa.,Only the old man brought home his horse.,literal,literal,False,No figurative language indicated; the footnote concerns a different sentence.,[1] LB on êh-tapakwâtahk :  This word is probably wrongly recorded; the translation is a guess.
165,24,pct-10-four-cree-resist-the-blackfoot-coming-day,ôki wiya oskinîkiwak kahkiyaw nipahêyiwa otêmiwâwa ayahciyiniwa.,The young men's horses had all been killed by the Blackfoot.,literal,literal,False,No figurative language indicated; the footnote concerns a different sentence.,[1] LB on êh-tapakwâtahk :  This word is probably wrongly recorded; the translation is a guess.
168,0,pct-11-the-story-of-solomon-chihtchikwayow,"êkota ê-kî-wîcihiwêt, mitâtaht ayiwâkês ê-ihtasiyit, ôta ê-nitopayicik, ayahciyiniwa ê-nitopayîstawâcik, êkwa wâhyaw ê-ayâcik ayahciyiniwa otaskiyihk, êkosi kîkisêpâ sipwêhtêwak, ê-waniskâcik.","There where he went with a war party of some ten men or more on the war-path against the Blackfoot, when they were far into the Blackfoots' country, they got up one morning and started out.",literal,literal,False,The sentence describes literal actions of traveling to war; the footnote only addresses grammatical person and does not indicate any figurative language.,"[1] LB on itohtêwak :  The Cree are the third person, subject of this last verb; hence the sentence should properly read ... ayahciyiniwah ês ê-kîh-nipahâyit ... , with the Blackfoot in the obviative form."
168,1,pct-11-the-story-of-solomon-chihtchikwayow,"êkwa kîtahtawê ayahciyiniwak êsa ê-kî-nipahâcik mostoswa, êwakoni itohtêwak.","Presently they came to some buffalos which the Blackfoot, apparently, had killed.",literal,literal,False,The sentence literally states they came upon buffalo killed by the Blackfoot; the footnote comments on the verb 'itohtêwak' but not on figurative usage.,"[1] LB on itohtêwak :  The Cree are the third person, subject of this last verb; hence the sentence should properly read ... ayahciyiniwah ês ê-kîh-nipahâyit ... , with the Blackfoot in the obviative form."
168,2,pct-11-the-story-of-solomon-chihtchikwayow,"êkosi êkwa kotawêwak, ê-wî-mîciwâcik wiyâs, ê-mîcisocik.","So they made a fire, for they intended to make a meal, eating the meat.",literal,literal,False,The sentence literally describes making a fire and intending to cook meat; the footnote does not apply to figurative language.,"[1] LB on itohtêwak :  The Cree are the third person, subject of this last verb; hence the sentence should properly read ... ayahciyiniwah ês ê-kîh-nipahâyit ... , with the Blackfoot in the obviative form."
168,3,pct-11-the-story-of-solomon-chihtchikwayow,"mostoso-mêya mâwacihtâwak, ê-wî-pônahkik.",They gathered buffalo-dung for fuel.,literal,literal,False,The sentence literally states gathering buffalo dung for fuel; the footnote is unrelated to figurative language.,"[1] LB on itohtêwak :  The Cree are the third person, subject of this last verb; hence the sentence should properly read ... ayahciyiniwah ês ê-kîh-nipahâyit ... , with the Blackfoot in the obviative form."
168,4,pct-11-the-story-of-solomon-chihtchikwayow,"êkwa êkota apwêwak, wiyâs ê-ma-manisahkik, ê-na-nawacîcik, êkwa nîso ê-ispatinâyik ê-wâpahtahkik, ê-wî-nitawi-asawâpicik, nîso ê-sâkêwêcik.","There they did the roasting, cutting slices of meat and making preserved meat; two of them, the while, ascending a rise in the land which they saw, to reconnoitre.",literal,literal,False,The sentence literally details roasting meat and two men ascending a rise; the footnote provides no figurative commentary.,"[1] LB on itohtêwak :  The Cree are the third person, subject of this last verb; hence the sentence should properly read ... ayahciyiniwah ês ê-kîh-nipahâyit ... , with the Blackfoot in the obviative form."
176,0,pct-11-the-story-of-solomon-chihtchikwayow,"mosci wâpamêwak ayahciyiniwa ê-pâ-pasahkâpiyit, osâm kisiwâk ê-kapêsimostawâcik.","Plainly they could see even when a Blackfoot blinked his eyes, so close had they camped to them.",literal,literal,True,The footnote provides a variant form of 'mosci' and does not indicate figurative language.,[2] LB on moscis :  For moscih or moscih isih .
176,1,pct-11-the-story-of-solomon-chihtchikwayow,"êkwa misatimwa kêkâc pâh-pistiskâkwak, ê-wî-minihkwêyit.",And they nearly were stepped on by the horses that came to drink.,literal,literal,False,"No footnote applies, and the sentence is literal.",[2] LB on moscis :  For moscih or moscih isih .
176,2,pct-11-the-story-of-solomon-chihtchikwayow,aspapiwina kikiskamwak misatimwak; pîsâkanâpiy otâpêwak ê-sakikwêpisocik.,"The horses had saddles on; they were dragging reins, being all bridled.",literal,literal,False,"No footnote applies, and the sentence is literal.",[2] LB on moscis :  For moscih or moscih isih .
179,0,pct-11-the-story-of-solomon-chihtchikwayow,"êkwa ê-pôn-âpihtâwi-kîsikâk, kîtahtawê ômisi itwêw sâyiman: ""âta niwî-kawacin; âta wiya niya nika-pimâtisin,"" itwêw, ""kiya mâka?"" itêw manitowi-kihiwa.","When noon had passed, Solomon spoke: “I am almost frozen to death; yet I shall live,” he said; “But as for you?” he said to Spirit-Eagle.",idiom,idiom,True,"Bloomfield's footnote explains that 'nika-pimâtisin' means 'I feel sufficient mystic power in me to know that I shall live,' which is a non-literal, conventional expression, thus an idiom.",[4] LB on nikah-pimâtisin :  I.e. “I feel sufficient mystic power in me to know that I shall live.”
216,0,pct-12-the-treacherous-wife-coming-day,"""ômisi nika-itâw,"" itwêw awa iskwêw.","“Thus I shall speak to him,” said the woman.",literal,literal,True,"The footnote explains that the woman's words were not dictated, indicating a literal statement of intent; no figurative language is described.",[1] LB:  What she would say was not dictated.
221,0,pct-12-the-treacherous-wife-coming-day,kîtahtawê kâ-pêhtahk ê-pê-pimohtêyit ayîsiyiniwa.,Suddenly he heard a man approaching.,literal,literal,False,Plain description of hearing someone approach; no figurative language detected.,[2] CHECK ka -> kâ
221,1,pct-12-the-treacherous-wife-coming-day,"ê-wî-pasikôt, owîkimâkana kâ-otihtinikot, ê-wî-otamihikot.","When he tried to get on his feet, his wife laid her hands on him and tried to distract his attention.",literal,literal,True,Bloomfield's footnote only notes a textual correction (CHECK ka -> kâ) and says nothing about figurative language; the sentence is a literal account of physical actions.,[2] CHECK ka -> kâ
221,2,pct-12-the-treacherous-wife-coming-day,"ê-kwêskipayihot, âsay kâ-wî-cîkahokot oskinîkiwa.","When he jumped aside, the youth was about to strike him with his tomahawk.",literal,literal,False,Literal description of jumping aside and an imminent strike; no comparison or non-literal expression.,[2] CHECK ka -> kâ
221,3,pct-12-the-treacherous-wife-coming-day,wîwa ôhi âh-âkowêpinêw.,"He threw his wife before him as a shield, and kept doing so.",literal,literal,False,"The verb âh-âkowêpinêw is a conventional denominal compound literally meaning 'shield-throw'; the action is literal, not a metaphor or simile.",[2] CHECK ka -> kâ
221,4,pct-12-the-treacherous-wife-coming-day,namôya kî-cîkahok ôhi oskinîkiwa.,The youth could not strike him.,literal,literal,False,Straightforward statement that the youth could not strike him; no figurative elements.,[2] CHECK ka -> kâ
221,5,pct-12-the-treacherous-wife-coming-day,piyis nayawapiw awa iskwêw.,At last the woman became tired.,literal,literal,False,Literal statement that the woman became tired.,[2] CHECK ka -> kâ
221,6,pct-12-the-treacherous-wife-coming-day,awa oskinîkiw oskâtihk pahkisiniyiwa ôhi iskwêwa; kawiwêpiskâk.,"She fell against the young man's legs, knocking him over.",literal,literal,False,Literal description of falling and knocking someone over; no figures of speech.,[2] CHECK ka -> kâ
221,7,pct-12-the-treacherous-wife-coming-day,"êkosi awa nâpêw kwâskwêpayihôw; wâskikaniyihk êkota ta-tahkiskawêw; piyisk otinam ocîkahikanisiyiw, êwako ohci ê-câ-cîkahwât.","At that the man jumped, stamping on the other's chest; at last he got hold of the other's hatchet, and kept striking him with it.",literal,literal,False,"Plain narration of physical combat actions, no non-literal language.",[2] CHECK ka -> kâ
221,8,pct-12-the-treacherous-wife-coming-day,nipahêw; ostikwâniyiw manisamwêw.,He slew him; he took his scalp.,literal,literal,False,Literal statement of killing and scalping.,[2] CHECK ka -> kâ
264,0,pct-13-the-magic-horse-adam-sakewew,"kîtahtawê asiniy kâ-mihkosit isiyîhkâsôw; nama wîhkâc wâpahtam nôtinitôwin, osâm ê-sâkihikot ôhtâwiya awa oskinîkiw.","Once upon a time there was a man called Red-Stone; never had he seen fighting, for his father too much cherished this young man.",literal,literal,False,The footnote only comments on hyphenation and does not describe figurative language; the sentence is a straightforward narrative statement with no non-literal expressions.,[1] KR: asiniy-kâ-mihkosit is a hyphenated in Bloomfield's text.
266,0,pct-13-the-magic-horse-adam-sakewew,"êkwa wawêyîwak kotakak opwâsîmôwak, ê-wî-nôtinikêcik.","Then these others, the Assiniboine, made ready to fight.",literal,literal,False,"The footnote concerns a morphological uncertainty, not figurative language. The sentence is a plain statement of the Assiniboine preparing to fight.","[2] CHECK kâ-nôtinâyicik - HCW unsure. probably conflation, ?sub nôtinâyit ."
266,1,pct-13-the-magic-horse-adam-sakewew,"ê-osâmêyatiyit ayîsiyiniwa kâ-pê-nôtinikocik, tâpwê nôtinitôwak.",Very many were the people who were coming to fight against them; and they fought.,literal,literal,False,"The footnote concerns the word form 'kâ-nôtinâyicik', which relates to sentence 4, not figurative language. This sentence describes the number of enemies and the fight, using no metaphors or idioms.","[2] CHECK kâ-nôtinâyicik - HCW unsure. probably conflation, ?sub nôtinâyit ."
266,2,pct-13-the-magic-horse-adam-sakewew,kîtahtawê wâpamêw awa oskinîkiw ôhtâwiya kâ-kitimâkêyimikot; kitâpahkêw ê-nôtinitôwiht.,"Presently the young man whose father loved him, looked upon them; he watched his people fighting.",literal,literal,False,The footnote does not mention figurative language. The sentence literally narrates the young man watching his people fight.,"[2] CHECK kâ-nôtinâyicik - HCW unsure. probably conflation, ?sub nôtinâyit ."
266,3,pct-13-the-magic-horse-adam-sakewew,"kîtahtawê kâ-wâpamât owîcêwâkana ê-môskîstâmiht, nêwo kâ-nôtinâyici ê-nâpêhkâsoyit, piko ita ê-isi-môskîscikêyit.","Soon he saw his comrades being attacked, four of them fighting a brave who attacked here, there, and everywhere.",literal,literal,False,"The footnote concerns 'kâ-nôtinâyicik', a verb form in this sentence, and discusses conflation, not figurative language. The description of the brave attacking 'piko ita' (everywhere) is a literal description of his movements, not a fixed idiom.","[2] CHECK kâ-nôtinâyicik - HCW unsure. probably conflation, ?sub nôtinâyit ."
266,4,pct-13-the-magic-horse-adam-sakewew,êwakoni kisiwâhik owîcêwâkana.,The plight of his companions angered him.,literal,literal,False,"The footnote does not apply to figurative language. The sentence states that the companions' plight angered him, a straightforward literal statement.","[2] CHECK kâ-nôtinâyicik - HCW unsure. probably conflation, ?sub nôtinâyit ."
266,5,pct-13-the-magic-horse-adam-sakewew,wâpastimwa têhtapiyiwa piko ita ê-nipahikocik.,A white horse he rode who was slaying them.,literal,literal,False,The footnote is not about figurative language. The sentence describes the horse and its action in literal terms.,"[2] CHECK kâ-nôtinâyicik - HCW unsure. probably conflation, ?sub nôtinâyit ."
268,0,pct-13-the-magic-horse-adam-sakewew,"êkwa ôhi kâ-kwatakihikocik wâpastimwa kâ-têhtapiyit, ""kîspin nâpêhkâsôw, pê-môskîstawici, wîsta nika-pê-môskîstâk."" ""kîspin nâpêhkâsoci wîsta ta-pakicîw."" ""êkota nika-nipahâw;"" ""nika-tahkamâw ôma ohci môhkomân,"" itêyihtam.","As to the rider of the white horse who was so sorely besetting them, “If he is brave, when I come to attack him, he too will come to attack me. If he is brave, he will dismount. Then I shall kill him; I shall stab him with this knife,” he thought.",literal,literal,True,"The footnote mentions a possible error in a verb direction, not any figurative language. The sentence itself consists of straightforward literal statements of intent and action.",[3] Probably an erroneous direction in one of these verbs.
276,0,pct-14-the-story-of-cherry-tree-adam-sakewew,"kîtahtawê mihcêt mîkiwâhpa; mihcêtinwa ê-wîhkwêstêki, pêyak opwâsîmôw ê-okimâwit.","Once upon a time there were many tents; many tents stood in a circle, and a certain Assiniboine was the chieftain.",literal,literal,False,"Bloomfield's footnote only comments on the spelling of 'opwâsimôw', not figurative language.","[1] LB on opwâsimôw :  Although the record has often this form, my feeling is for opwâsîmôw with long î as normal.
[2] LB on takwahiminânâhtik :  Below, this is the name not of the chief, but of his son."
276,1,pct-14-the-story-of-cherry-tree-adam-sakewew,kotak mîna okimâwiw oskinîkiw ôma ôtênaw; êwako ana iskwêw ê-miyosit.,"There was also another chief in that village, a young man; he had a handsome wife.",literal,literal,False,"Bloomfield's footnote only states that the other chief is a young man with a handsome wife, not figurative.","[1] LB on opwâsimôw :  Although the record has often this form, my feeling is for opwâsîmôw with long î as normal.
[2] LB on takwahiminânâhtik :  Below, this is the name not of the chief, but of his son."
276,2,pct-14-the-story-of-cherry-tree-adam-sakewew,êkwa awa kotak okimâw ômisi isiyîhkâsôw: takwahiminânâhtik.,And that other chief's name was Cherry-Tree.,literal,literal,False,"Bloomfield's footnote only clarifies that 'takwahiminânâhtik' is the name of the son, not the chief, so no figurative language.","[1] LB on opwâsimôw :  Although the record has often this form, my feeling is for opwâsîmôw with long î as normal.
[2] LB on takwahiminânâhtik :  Below, this is the name not of the chief, but of his son."
276,3,pct-14-the-story-of-cherry-tree-adam-sakewew,"êkwa awa okimâw okosisa pêyakoyiwa; mistahi sâkihêw, osâm ê-miyosiyit okosisa.","This chief had one son; he loved him very much, because his son was so handsome.",literal,literal,False,Bloomfield's footnote does not indicate figurative language; the sentence describes the chief's son being handsome.,"[1] LB on opwâsimôw :  Although the record has often this form, my feeling is for opwâsîmôw with long î as normal.
[2] LB on takwahiminânâhtik :  Below, this is the name not of the chief, but of his son."
276,4,pct-14-the-story-of-cherry-tree-adam-sakewew,"êkwa awa oskinîkiw wîscâsa wîcêwêw, tahki ê-nôcihiskwêwêyit.","Now, this youth went about with his cousin, who was always courting women.",literal,literal,False,Bloomfield's footnote does not indicate figurative language; the sentence tells of the youth courting women.,"[1] LB on opwâsimôw :  Although the record has often this form, my feeling is for opwâsîmôw with long î as normal.
[2] LB on takwahiminânâhtik :  Below, this is the name not of the chief, but of his son."
276,5,pct-14-the-story-of-cherry-tree-adam-sakewew,awa iskwêw kâ-miyosit ocâhkosa êwakoni tahki ê-wîcêwât.,And that handsome woman always went about with her husband's sister.,literal,literal,False,Bloomfield's footnote does not indicate figurative language; the sentence tells of the handsome woman and her husband's sister.,"[1] LB on opwâsimôw :  Although the record has often this form, my feeling is for opwâsîmôw with long î as normal.
[2] LB on takwahiminânâhtik :  Below, this is the name not of the chief, but of his son."
309,0,pct-14-the-story-of-cherry-tree-adam-sakewew,êkwa awa môskîstam ôma sakâw.,Then he attacked the wood.,literal,literal,False,"The sentence 'Then he attacked the wood' describes a physical action in the story; no figurative language is present, and Bloomfield's footnote does not apply.","[3] LB on kâ-pâskiswât :  I have translated as though it were kâ-pâskisoht , for I do not understand the form in the text: “he shot (with gun) at the other(s).”"
309,1,pct-14-the-story-of-cherry-tree-adam-sakewew,"kêkâc ê-sêskisit, kâ-pâskiswât, aspin ê-sêskisit.","When he had almost disappeared among the trees, he was fired at, and then he went out of sight.",literal,literal,True,Bloomfield's footnote discusses a grammatical point about the verb form kâ-pâskiswât and does not indicate figurative language; the sentence is a literal narrative.,"[3] LB on kâ-pâskiswât :  I have translated as though it were kâ-pâskisoht , for I do not understand the form in the text: “he shot (with gun) at the other(s).”"
309,2,pct-14-the-story-of-cherry-tree-adam-sakewew,kîtahtawê kâ-pê-matâwisipahtât; pâskisikan pê-tahkonam. êkwa ayiwinisa êkwa ôma misiwê ostikwân.,"After a time, there he came, running into the open; he held a gun as he came, and clothes, and an entire head.",literal,literal,False,"The sentence describes literal actions and objects (running, holding a gun, clothes, head); the footnote does not apply to this sentence.","[3] LB on kâ-pâskiswât :  I have translated as though it were kâ-pâskisoht , for I do not understand the form in the text: “he shot (with gun) at the other(s).”"
309,3,pct-14-the-story-of-cherry-tree-adam-sakewew,âsay misiwê mihko wiyâhk ayâyiw.,Blood was all over his body.,literal,literal,False,The sentence 'Blood was all over his body' is a literal description; the footnote does not apply.,"[3] LB on kâ-pâskiswât :  I have translated as though it were kâ-pâskisoht , for I do not understand the form in the text: “he shot (with gun) at the other(s).”"
309,4,pct-14-the-story-of-cherry-tree-adam-sakewew,êkwa ôhtâwiya otihtêw.,Then he went to where his father was.,literal,literal,False,The sentence 'Then he went to where his father was' describes a literal movement; the footnote does not apply.,"[3] LB on kâ-pâskiswât :  I have translated as though it were kâ-pâskisoht , for I do not understand the form in the text: “he shot (with gun) at the other(s).”"
332,0,pct-15-the-story-of-skirt-simon-mimikwas,kayâs pêyak nâpêw iskwêwasâkay isiyîhkâsôw ayahciyiniw.,Of old a certain Blackfoot was named Skirt.,literal,literal,False,No footnote indicates figurative language for this sentence.,"[1] LB on mahîkhanisisah :  The translation given is literal; either the record is wrong, or the word has some derived meaning (name of an edible root?)"
332,2,pct-15-the-story-of-skirt-simon-mimikwas,kîtahtawê mistahi ispatinâhk pa-pimisin.,Once upon a time he lay on a hilltop.,literal,literal,False,No footnote indicates figurative language for this sentence.,"[1] LB on mahîkhanisisah :  The translation given is literal; either the record is wrong, or the word has some derived meaning (name of an edible root?)"
332,3,pct-15-the-story-of-skirt-simon-mimikwas,"kîtahtawê wâpamêw iskwêwa ê-wayawiyit, ê-kî-nipahimiht onâpêmiyiwa, ê-kî-nipahikoyit kâhkâkiwacêna.","Presently he saw a woman come out of her lodge, a certain woman whose husband had been killed; the Crow Indians had killed him.",literal,literal,False,No footnote indicates figurative language for this sentence.,"[1] LB on mahîkhanisisah :  The translation given is literal; either the record is wrong, or the word has some derived meaning (name of an edible root?)"
332,4,pct-15-the-story-of-skirt-simon-mimikwas,êkosi akâwâtêw nâha.,And so now this man took a fancy to her.,literal,literal,False,No footnote indicates figurative language for this sentence.,"[1] LB on mahîkhanisisah :  The translation given is literal; either the record is wrong, or the word has some derived meaning (name of an edible root?)"
332,5,pct-15-the-story-of-skirt-simon-mimikwas,êkosi wâpamêw ê-otinamiyit cîkahikan.,He saw her take an axe. She was carrying her little son.,literal,literal,False,No footnote indicates figurative language for this sentence.,"[1] LB on mahîkhanisisah :  The translation given is literal; either the record is wrong, or the word has some derived meaning (name of an edible root?)"
332,6,pct-15-the-story-of-skirt-simon-mimikwas,wîwahoyiwa okosisiyiwa. êkosi sipwêhtêw.,So now he went from where he was.,literal,literal,False,No footnote indicates figurative language for this sentence.,"[1] LB on mahîkhanisisah :  The translation given is literal; either the record is wrong, or the word has some derived meaning (name of an edible root?)"
332,7,pct-15-the-story-of-skirt-simon-mimikwas,"ita ôma kâ-ayâ-t, êkota ohci pêci-âstamohtêw, wîkihk ê-ohci-sipwêhtêt ana iskwêw.","Toward the place where he was, the woman came, when she left her tent. So then the poor Blackfoot hid from her.",literal,literal,False,No footnote indicates figurative language for this sentence.,"[1] LB on mahîkhanisisah :  The translation given is literal; either the record is wrong, or the word has some derived meaning (name of an edible root?)"
332,8,pct-15-the-story-of-skirt-simon-mimikwas,êkosi kâsôhtawêw ana kâ-kitimâkisit ayahciyiniw.,Then that woman looked out in every direction from the hilltop.,literal,literal,False,No footnote indicates figurative language for this sentence.,"[1] LB on mahîkhanisisah :  The translation given is literal; either the record is wrong, or the word has some derived meaning (name of an edible root?)"
332,9,pct-15-the-story-of-skirt-simon-mimikwas,êkosi ana iskwêw ispatinâhk nanâtawâpiw.,"Then, when she saw no one, she went away.",literal,literal,False,No footnote indicates figurative language for this sentence.,"[1] LB on mahîkhanisisah :  The translation given is literal; either the record is wrong, or the word has some derived meaning (name of an edible root?)"
332,10,pct-15-the-story-of-skirt-simon-mimikwas,"êkosi êkâ awiya ê-wâpamât, sipwêhtêw êkwa iskwêw ani.- êkosi ê-awasêwêyit, sipwêpahtâw nâpêw ana.","As soon as she was round a bend, that man started out on a run. When he got within sight of her, he hid from her.",literal,literal,False,No footnote indicates figurative language for this sentence.,"[1] LB on mahîkhanisisah :  The translation given is literal; either the record is wrong, or the word has some derived meaning (name of an edible root?)"
332,11,pct-15-the-story-of-skirt-simon-mimikwas,"êkosi ê-wâpamât, kâsôhtawêw. ay-ati-wâpahtam apisîs ê-sakâsiyik; êkota nahapiw iskwêw ana.","As they thus went along, he saw a small clump of trees; there the woman squatted down.",literal,literal,False,No footnote indicates figurative language for this sentence.,"[1] LB on mahîkhanisisah :  The translation given is literal; either the record is wrong, or the word has some derived meaning (name of an edible root?)"
332,12,pct-15-the-story-of-skirt-simon-mimikwas,"okosisa ohpimê êkota nahahyêw, okosisa.",She laid her little son down at one side.,literal,literal,False,No footnote indicates figurative language for this sentence.,"[1] LB on mahîkhanisisah :  The translation given is literal; either the record is wrong, or the word has some derived meaning (name of an edible root?)"
332,13,pct-15-the-story-of-skirt-simon-mimikwas,êkosi otinam cîkahikan; êkwa cîkaham asiskiy; êkwa wâtihkêw.,Then she took the axe; she chopped at the ground; she dug a pit.,literal,literal,False,No footnote indicates figurative language for this sentence.,"[1] LB on mahîkhanisisah :  The translation given is literal; either the record is wrong, or the word has some derived meaning (name of an edible root?)"
332,14,pct-15-the-story-of-skirt-simon-mimikwas,mâna awa nâpêw piyisk kisiwâk otihtêw awa nâpêw.,After a time the man had got quite close to her.,literal,literal,False,No footnote indicates figurative language for this sentence.,"[1] LB on mahîkhanisisah :  The translation given is literal; either the record is wrong, or the word has some derived meaning (name of an edible root?)"
332,15,pct-15-the-story-of-skirt-simon-mimikwas,"êkwa awa iskwêw pasikôw; nanâtawâpiw; êkâ kêkway ê-wâpahtahk, kâwi nahapiw.","Then the woman rose to her feet and looked about; when she saw nothing near, she squatted down again.",literal,literal,False,No footnote indicates figurative language for this sentence.,"[1] LB on mahîkhanisisah :  The translation given is literal; either the record is wrong, or the word has some derived meaning (name of an edible root?)"
332,16,pct-15-the-story-of-skirt-simon-mimikwas,"kwayasitêw, kayâs mahîkhanisisa ê-mônahwât.","She went into the pit, digging for old wolflings.",metaphor,metaphor,True,"Bloomfield's footnote on 'mahîkhanisisah' suggests the word may have a derived, non-literal meaning (e.g., an edible root), indicating a possible metaphorical use rather than straightforward 'wolflings'.","[1] LB on mahîkhanisisah :  The translation given is literal; either the record is wrong, or the word has some derived meaning (name of an edible root?)"
332,17,pct-15-the-story-of-skirt-simon-mimikwas,otinêw pêyak; pa-pakamisimêw.,She took one up; she flung it on the ground.,literal,literal,False,No footnote indicates figurative language for this sentence.,"[1] LB on mahîkhanisisah :  The translation given is literal; either the record is wrong, or the word has some derived meaning (name of an edible root?)"
332,18,pct-15-the-story-of-skirt-simon-mimikwas,êkosi mîna kwayasitêw.,Then she went into the pit again.,literal,literal,False,No footnote indicates figurative language for this sentence.,"[1] LB on mahîkhanisisah :  The translation given is literal; either the record is wrong, or the word has some derived meaning (name of an edible root?)"
332,19,pct-15-the-story-of-skirt-simon-mimikwas,"êkosi awa nâpêw ispahtâw; ê-pê-wayawiyit, kawipayihôw, ê-kâsôhtawât. mîna kâwi kwayasitêw.","At that, the man ran to where she was; when she came forth again, he threw himself flat on the earth, hiding from her.",literal,literal,False,No footnote indicates figurative language for this sentence.,"[1] LB on mahîkhanisisah :  The translation given is literal; either the record is wrong, or the word has some derived meaning (name of an edible root?)"
332,20,pct-15-the-story-of-skirt-simon-mimikwas,êkosi pasikôw awa nâpêw.,Again she entered the pit. At once the man rose to his feet.,literal,literal,False,No footnote indicates figurative language for this sentence.,"[1] LB on mahîkhanisisah :  The translation given is literal; either the record is wrong, or the word has some derived meaning (name of an edible root?)"
332,21,pct-15-the-story-of-skirt-simon-mimikwas,"wâpamêw, ôta isko, ôtê isi ê-kwayasitêyit, ostikwâniyihk isi.","He saw that up to here, up to this point she was in the pit, up to her head.",literal,literal,False,No footnote indicates figurative language for this sentence.,"[1] LB on mahîkhanisisah :  The translation given is literal; either the record is wrong, or the word has some derived meaning (name of an edible root?)"
344,0,pct-15-the-story-of-skirt-simon-mimikwas,êkosi nama wîhkâc wayawîw awa kâ-kitimâkisit nâpêw; nêpêwisiw.,And now that poor man never went out of their tent; he was ashamed. Then at one time.,literal,literal,False,The sentence describes the man's actions and shame literally; no figurative language.,[2] CHECK: ?? e-osami-nepewisit
344,1,pct-15-the-story-of-skirt-simon-mimikwas,"kîtahtawê, ""âhtokêtân!"" itwêwân.",“Let us move camp!” said his people.,literal,literal,False,"Direct quotation of speech, literal.",[2] CHECK: ?? e-osami-nepewisit
344,2,pct-15-the-story-of-skirt-simon-mimikwas,kinwês êwako ê-wîwit.,This was when he had been married for quite some time.,literal,literal,False,"Statement about the duration of his marriage, literal.",[2] CHECK: ?? e-osami-nepewisit
344,3,pct-15-the-story-of-skirt-simon-mimikwas,"êkosi mistahi miyosiw awa nâpêw kâ-wîwit, mâka mistahi ê-kitimâkisit. êkosi kîkisêpâ wayawîw.","Now, that man who had married the woman, was very good-looking, only that he was very poor.",literal,literal,False,Descriptions of appearance and poverty are literal.,[2] CHECK: ?? e-osami-nepewisit
344,4,pct-15-the-story-of-skirt-simon-mimikwas,"êkosi sipwêhtêw, konita itê ê-itohtêt, ê-osâm ê-nêpêwisit, mistahi ê-kitimâkisit.","So now, early one morning, he went out of the tent. He went away, no matter where, for very shame at his great poverty.",literal,literal,True,The phrase 'ê-osâm ê-nêpêwisit' (for very shame) is literal; the footnote marks it with a query but does not indicate figurative language.,[2] CHECK: ?? e-osami-nepewisit
345,0,pct-15-the-story-of-skirt-simon-mimikwas,êkosi awa oskinîkiw omisa kâ-onâpêmiyit ayâw ê-miywâsiniyiki ayiwinisa; otêma mîna mistahi miyosiyiwa.,"Now, that young man whose elder sister had taken that man for husband, had some fine clothes; his horse, too, was very handsome.",literal,literal,False,"The sentence describes the young man's fine clothes and horse in plain, literal terms; the footnote does not pertain to this sentence.","[3] LB on wîstâwa : I.e., of his sister's first husband."
345,1,pct-15-the-story-of-skirt-simon-mimikwas,êkwa awa nâpêw oskinîkiw otinêw wîstâwa otêmiyiwa; wiyahpitêw aspapiwin ohci.,Then that young man took his brother-in-law's horse and saddled it.,literal,literal,False,The sentence narrates taking and saddling a horse literally; the footnote explains the kinship term 'wîstâwa' but does not indicate figurative language.,"[3] LB on wîstâwa : I.e., of his sister's first husband."
360,0,pct-15-the-story-of-skirt-simon-mimikwas,êkosi tâpwê nama wiya pakitinik wîwa.,Accordingly his wife did not let him go from her.,literal,literal,False,"The sentence is a plain statement of action with no figurative language, and the footnote does not reference this sentence.","[4] CHECK kîskotâto-. HCW:  unsure
[5] LB on quote: Apparently I missed the verb."
360,1,pct-15-the-story-of-skirt-simon-mimikwas,"êkosi kotakak ê-kîskotâtocik, ôta pêmipayitwâwi, ""nama êskwa kikîskotâton."" ""âsay mihcêt kitôskinîkîmak,"" itik ôhi kâ-pimipayiyit.","So then, whenever the others went out to the attack, as they went past there, “Not yet have you gone to the attack. Already many of your men have gone,” they who rode past said to him.",literal,literal,True,"The footnote discusses the verb 'kîskotâton' with uncertainty, but describes no figurative language; the sentence remains a literal account of dialogue and action.","[4] CHECK kîskotâto-. HCW:  unsure
[5] LB on quote: Apparently I missed the verb."
405,0,pct-16-rock-sculptures-coming-day,"kîtahtawê nitawi-sipwêhtêwak, êkwa awa ayahciyiniw ita kâ-pimisihk kâ-nipahiht, kîkway têhtahêwak.","Presently they set out for that place, and where that Blackfoot lay who had been slain, they put him up on something.",idiom,idiom,True,"The footnote explains that 'kîkwa' is a word-avoidance term for 'scaffold', a conventional non-literal expression, thus idiomatic.","[1] LB on kîkwa :  Word-avoidance, têsipicikan : “scaffold”."
405,1,pct-16-rock-sculptures-coming-day,"êkwa ôma ita kâ-kî-pimisihk asiskiy ê-manisahkik, tâpiskôc ayîsiyiniw ê-pimisihk êkosi ê-isi-manisahkik; êkwa awa opwâsîmôw ita kâ-ôh-wâpamât ôhi ayahciyiniwa, êkota mîna asiskiy ê-ati-manisahkik, tâpiskôc ita ê-pimohtêt ayîsiyiniw ê-isi-manisahkik asiskiy.","Then they cut away some of the ground where he had lain, cutting it like a man lying there; and there whence that Assiniboine had seen that Blackfoot, there too they went cutting the ground, carving it out like a man walking.",simile,simile,False,"The phrase 'tâpiskôc ayîsiyiniw ê-pimisihk' explicitly compares the cutting to a man lying, using the simile marker 'tâpiskôc'.","[1] LB on kîkwa :  Word-avoidance, têsipicikan : “scaffold”."
405,2,pct-16-rock-sculptures-coming-day,"ita mîna ê-ati-nakît mâna, êkota ê-manisahkik asiskiy, piyisk ê-otihtât ôhi ayahciyiniwa.","And there where he had stopped on his way, they cut the ground, and finally where he had reached the Blackfoot.",literal,literal,False,No figurative language detected; the sentence describes actions literally.,"[1] LB on kîkwa :  Word-avoidance, têsipicikan : “scaffold”."
405,3,pct-16-rock-sculptures-coming-day,"êkwa mîna asiniya kâ-otinât, êkota mîna ê-manisahkik asiskiy.","And where he had taken the stone, there too they carved out the ground.",literal,literal,False,No figurative language detected; the sentence describes actions literally.,"[1] LB on kîkwa :  Word-avoidance, têsipicikan : “scaffold”."
405,4,pct-16-rock-sculptures-coming-day,"ita ê-tahkoskêt, êkwa mîna ita ê-nîpawit, ôhi ê-pakamahwât ayahciyiniwa, êkosi ê-isi-kiskinawâcihtâcik.","Where he stepped, and also where he stood as he killed the Blackfoot, even so they marked it.",literal,literal,False,No figurative language detected; the sentence describes actions literally.,"[1] LB on kîkwa :  Word-avoidance, têsipicikan : “scaffold”."
405,5,pct-16-rock-sculptures-coming-day,"ôhi ayahciyiniwa ita kâ-pimisiniyit, ita ê-itiskwêsihk ita kâ-masinahikâsot, êkota ê-ahâcik ôhi asiniya.","Where the Blackfoot had lain, there where the head of the image lay, there they placed that boulder.",literal,literal,False,No figurative language detected; the sentence describes actions literally.,"[1] LB on kîkwa :  Word-avoidance, têsipicikan : “scaffold”."
405,6,pct-16-rock-sculptures-coming-day,"mâmaskâc êkwêyâk ê-isi-wâpahtahkik ôhi ayahciyiniwa, ê-nipâyit, ê-mosci-pakamahomiht asiniya ohci.","It wonderfully resembled their actual experience, the sleeping Blackfoot being struck by a stone held in the hand.",literal,literal,False,"No figurative language detected; the sentence describes a resemblance literally, without simile marker or metaphor.","[1] LB on kîkwa :  Word-avoidance, têsipicikan : “scaffold”."
405,7,pct-16-rock-sculptures-coming-day,"êwako ohci kâ-ôh-masinahwâcik, ""kinwêsk ta-nôkwan,"" ê-itêyihtahkik. tâpwê kinwês kê-nôkwaniyiw êwako.","The reason they made the image of him was that they thought, “For a long time let it be visible.” And truly, for a long time this thing was to be seen.",literal,literal,False,No figurative language detected; the sentence reports a thought and outcome literally.,"[1] LB on kîkwa :  Word-avoidance, têsipicikan : “scaffold”."
409,0,pct-17-a-battle-coming-day,"""namôya nikiskêyihtên tânitê ê-ohtohtêt awa ayahciyiniw kâ-nipahiht.""","“I do not know from where he came, that Blackfoot who has been killed.”",literal,literal,True,"The footnote discusses a cultural taboo around directly saying 'whom I have killed,' but the sentence itself is a plain literal statement; no figurative language is present.","[1] LB:  I suspect that there is a tabu, - except for certain special circumstances, cf. below in this story, - against saying, “whome I (or we) have killed.”  Certainly some of my Plains Cree friends have killed their man, but I have never heard them, even in telling of war, mention such a fact."
416,0,pct-17-a-battle-coming-day,"mwêhci êkwa ê-otihtahk ôma ê-osêhcâyik, êkota kâ-ayâyit owîcêwâkana, êkoyikohk kisiwâk êkwa askôk.","By the time he reached the hill where his people were, they were close upon him.",literal,literal,False,"The footnote comments only on the morphological form of a word, not on figurative language. The sentence is plain narrative.","[2] LB on êh-wâwinipitâcik :  This word, as here recorded, may show the normal form of what I have generally taken to be wâyôniw : “he turns back.”  If so, it is strange that I seem never to have heard the latter as * wâwinîw ."
416,1,pct-17-a-battle-coming-day,kîtahtawê ka-pê-sâkêwêpayiyit êkwa owîcêwâkana.,Then suddenly out into view came his companions.,literal,literal,False,The footnote does not discuss figurative language. The sentence is a literal description of companions coming into view.,"[2] LB on êh-wâwinipitâcik :  This word, as here recorded, may show the normal form of what I have generally taken to be wâyôniw : “he turns back.”  If so, it is strange that I seem never to have heard the latter as * wâwinîw ."
416,2,pct-17-a-battle-coming-day,âsay ôki ayahciyiniwak otêmiwâwa nayawapiyiwa.,By this time the Blackfoots' horses were tired.,literal,literal,False,The footnote is irrelevant to figurative language. The sentence states a literal fact about tired horses.,"[2] LB on êh-wâwinipitâcik :  This word, as here recorded, may show the normal form of what I have generally taken to be wâyôniw : “he turns back.”  If so, it is strange that I seem never to have heard the latter as * wâwinîw ."
416,3,pct-17-a-battle-coming-day,"ê-wâwinipitâcik, ê-tapasîcik ôki ayahciyiniwak, awa wâpastimwa kâ-têhtapit ê-wâwinipitât otêma, ê-tapasît, âsay kisiwâk askôk nêhiyawa.","When they pulled them round, to flee, and when the one who rode the white horse pulled it round to run away, the Cree were already close upon him.",literal,literal,False,"The footnote concerns a verb form, not figurative meaning. The sentence describes literal actions of pulling horses around to flee.","[2] LB on êh-wâwinipitâcik :  This word, as here recorded, may show the normal form of what I have generally taken to be wâyôniw : “he turns back.”  If so, it is strange that I seem never to have heard the latter as * wâwinîw ."
416,4,pct-17-a-battle-coming-day,"ê-pasastêhwât otêma, kâ-pahkisiniyit.","When he struck his horse with the quirt, it fell.",literal,literal,False,"The footnote does not indicate figurative language. The sentence describes striking a horse and it falling, literally.","[2] LB on êh-wâwinipitâcik :  This word, as here recorded, may show the normal form of what I have generally taken to be wâyôniw : “he turns back.”  If so, it is strange that I seem never to have heard the latter as * wâwinîw ."
416,5,pct-17-a-battle-coming-day,nîhcipayiw awa ayahciyiniw.,The Blackfoot was thrown.,literal,literal,False,"The footnote is about word shape, not figurative usage. The sentence literally states the Blackfoot was thrown.","[2] LB on êh-wâwinipitâcik :  This word, as here recorded, may show the normal form of what I have generally taken to be wâyôniw : “he turns back.”  If so, it is strange that I seem never to have heard the latter as * wâwinîw ."
416,6,pct-17-a-battle-coming-day,"ê-wî-waniskât, kâ-tâwikipayihikot misatimwa nêhiyawa ê-têhtapiyit.","When he tried to get up, the Crees' horses trampled him.",literal,literal,False,No figurative language is indicated by the footnote. The sentence describes a literal trampling event.,"[2] LB on êh-wâwinipitâcik :  This word, as here recorded, may show the normal form of what I have generally taken to be wâyôniw : “he turns back.”  If so, it is strange that I seem never to have heard the latter as * wâwinîw ."
416,7,pct-17-a-battle-coming-day,"mîna ê-wî-waniskât, âsay otihtinik nêhiyawa, ê-ta-tahkamikot, ê-nipahikot.","When again he tried to get up, the Cree were already upon him, and killed him with knife-thrusts.",literal,literal,False,The footnote does not mention figurative language. The sentence narrates a literal killing.,"[2] LB on êh-wâwinipitâcik :  This word, as here recorded, may show the normal form of what I have generally taken to be wâyôniw : “he turns back.”  If so, it is strange that I seem never to have heard the latter as * wâwinîw ."
416,8,pct-17-a-battle-coming-day,"êkota ohci êkwa, nâh-nâway ê-ati-nipahihcik ayahciyiniwak, piyis mihcêt nipahâwak.","From then on, as they overtook and killed one alter the other of the Blackfoot, in the end they had slain many of them.",literal,literal,False,The footnote is unrelated to figurative meaning. The sentence describes sequential killing in literal terms.,"[2] LB on êh-wâwinipitâcik :  This word, as here recorded, may show the normal form of what I have generally taken to be wâyôniw : “he turns back.”  If so, it is strange that I seem never to have heard the latter as * wâwinîw ."
416,9,pct-17-a-battle-coming-day,ayis nayawapiyiwa otêmiwâwa.,For the Blackfoots' horses were tired.,literal,literal,False,The footnote does not indicate figurative language. The sentence gives a literal reason for the outcome.,"[2] LB on êh-wâwinipitâcik :  This word, as here recorded, may show the normal form of what I have generally taken to be wâyôniw : “he turns back.”  If so, it is strange that I seem never to have heard the latter as * wâwinîw ."
416,10,pct-17-a-battle-coming-day,"ôki piko wâhyaw kâ-kî-nakatihcik ayahciyiniwak, êyakonik piko takohtêwak wîkiwâhk.","Only those of the Blackfoot who had been left far behind, only they reached their camp.",literal,literal,False,The footnote pertains only to a word form. The sentence is a literal statement about survivors.,"[2] LB on êh-wâwinipitâcik :  This word, as here recorded, may show the normal form of what I have generally taken to be wâyôniw : “he turns back.”  If so, it is strange that I seem never to have heard the latter as * wâwinîw ."
416,11,pct-17-a-battle-coming-day,"êyakonik âcimowak ê-mihcêtiyit nêhiyawa, mîna âsay mihcêt ê-nipahihcik ayahciyiniwak.",They told of how the Cree were numerous and that already many Blackfoot had been slain.,literal,literal,False,The footnote does not describe figurative language. The sentence reports information literally.,"[2] LB on êh-wâwinipitâcik :  This word, as here recorded, may show the normal form of what I have generally taken to be wâyôniw : “he turns back.”  If so, it is strange that I seem never to have heard the latter as * wâwinîw ."
419,0,pct-17-a-battle-coming-day,"pêyak opwâsîmôw, mistahi ê-miyosit oskinîkiw, sihkosiwayâna ê-kikamoyit oskotâkâhk mîna otâsihk, kahkiyaw ê-mîkisiwiyiki otayôwinisa, mîna otastotin sihkosiwayâna ê-kikamoyit, êskana ê-kikamoyit otastotinihk, êwako êkota ê-ayât ôma ê-nôtinitôwiht, namôya nôtinikêw, ê-pêhât ôhtâwiya, câpihcikanis ê-tahkonahk, êkwa cîkahikani-pakamâkan ê-tahkonahk, êkwa napakihkomân, âsay nîso ê-pê-tahkamât câpihcikanis ohci ayahciyiniwa, êkwa pêyak ê-cîkahwât ôma ohci ocîkahikanis, êkosi nisto ê-nipahât, ostikwâniyiwa ôhi pâh-pahki ê-pahkwêkisamwât, ""pita nika-miyâw nôhtâwiy,"" ê-itêyihtahk, otêmiyiwa nîso ê-otinât mîna.","A certain Assiniboine, a very handsome youth, with weaselskins on his coat and on his breeches, with beads on all his clothes, and weaselskins also on his toque, and horns, beside, on his headgear, he, staying tight close to the fight, took yet no active part in it, for he was awaiting his father, holding in hand a lance and a tomahawk and a bowie knife; with his lance he had already transfixed two Blackfoot on the way hither, and had tomahawked one, so that he had slain three: taking a part of each one's scalp, in the thought, “Later I shall give them to my father,” and taking also two of their horses.",literal,literal,False,Sentence describes a person's appearance and actions literally; no figurative language detected.,"[3] LB:  A typical Central Algonquian sentence, such as for obvious reasons is not often obtained in dictation or in the laborious process fo syllabic writing.  In length and suppleness of subordination it resembled earlier Indo-European, e.g. Latin."
419,1,pct-17-a-battle-coming-day,"piyis mihcêtiyiwa owîcêwâkana, ê-takohtêyit.",Soon many of his companions had arrived.,literal,literal,False,Plain statement of fact about companions arriving; no figurative language.,"[3] LB:  A typical Central Algonquian sentence, such as for obvious reasons is not often obtained in dictation or in the laborious process fo syllabic writing.  In length and suppleness of subordination it resembled earlier Indo-European, e.g. Latin."
419,2,pct-17-a-battle-coming-day,kîtahtawê kâ-wâpamât ôhtâwiya ita ê-apit ê-pê-itohtêyit.,Presently he saw his father coming to where he sat.,literal,literal,True,"The footnote (Bloomfield's note 3) applies, commenting on the sentence's structure and rarity, but it contains no figurative expression. Sentence is literal.","[3] LB:  A typical Central Algonquian sentence, such as for obvious reasons is not often obtained in dictation or in the laborious process fo syllabic writing.  In length and suppleness of subordination it resembled earlier Indo-European, e.g. Latin."
421,0,pct-17-a-battle-coming-day,"""â, nîso nipê-tahkamâwak;"" ""otêmiwâwa nitôtinimâwa; mîna ostikwâniwâwa nitôtinên.""","“Oh, two I stabbed on the way; I took their horses; and I took their heads.”",idiom,idiom,True,"Bloomfield notes that 'ostikwâniwâwa' literally means 'their heads' but is used here for 'scalps,' a conventional non-literal substitution, fitting the idiom class.","[4] LB on ostikwâniwâwa : “Head” for “scalp”, as often; I do not know whether this locution dates back to the antecedents of the custom."
443,0,pct-17-a-battle-coming-day,"ômisi itwêw: ""hahahêy, tâpwê nipakwâtên ê-pistahowêyân!"" itwêw, ê-pasikôt, êkota ê-nitawi-nahapit ôhi oskinîkiwa kâ-nipahât.","Thus he spoke: “Alas, truly I am grieved at having made a fatal error!” he cried, rising to his feet, and went and sat by the youth he had killed.",literal,literal,False,The sentence describes actions and speech in a straightforward manner without non-literal expression.,[5] LB on omê :  Probably error for ôma .
443,1,pct-17-a-battle-coming-day,namwâc kinwêsk apiw âsay ostikwânihk ê-tawahokot ayahciyiniwa; kîpiwêpahok.,"He had not been there long, before the Blackfoot sent a bullet through his head; he fell hurtling.",literal,literal,False,"The sentence narrates events literally, with no figurative language present.",[5] LB on omê :  Probably error for ôma .
443,2,pct-17-a-battle-coming-day,"êkosi otinâw, âkawâyihk ê-itohtahiht awa mîna oskinîkiw.","So he was taken up and brought to a sheltered spot, and the body of the youth as well.",literal,literal,False,"Plain description of actions; no metaphor, simile, or idiom.",[5] LB on omê :  Probably error for ôma .
443,3,pct-17-a-battle-coming-day,âhci piko yêhyêw awa ayahciyiniwa ostikwânihk kâ-pâskisokot.,He who had been shot in the head by the Blackfoot was still breathing.,literal,literal,False,A literal statement about someone still breathing after being shot.,[5] LB on omê :  Probably error for ôma .
443,4,pct-17-a-battle-coming-day,"nicawâc nipiy ita ê-ayâyik, êkota itohtahâw, êkota ê-pimisihk, ê-akwanahiht wâpowayân.","He was taken to where there was water, and there he lay, covered with a blanket.",literal,literal,False,"The footnote only comments on a probable textual error, not on figurative language; the sentence itself is a literal account.",[5] LB on omê :  Probably error for ôma .
443,5,pct-17-a-battle-coming-day,"êkosi isi ohpimê itohtêwak ôki ayisiyiniwak, ôma ê-nôtinitocik kêyâpic.","Then the people went off, to fight again.",literal,literal,False,"A direct statement about people leaving to fight again, without figurative embellishment.",[5] LB on omê :  Probably error for ôma .
469,0,pct-18-a-brave-boy-coming-day,"êkwa ê-miyikot, êkwa itohtêw.","When the other gave it him, he went there.",literal,literal,False,No figurative language detected; the statement is a straightforward narrative.,[1] LB on nîso :  Evidently I here missed the word pêyak : “one (of them)”.
469,2,pct-18-a-brave-boy-coming-day,"êkwa ê-pônamiyit, pîhcâyihk ê-apiyit, nâciyôstawêw.",The others had made a fire and were sitting indoors; he crept up to them.,literal,literal,False,Describes actions literally.,[1] LB on nîso :  Evidently I here missed the word pêyak : “one (of them)”.
469,3,pct-18-a-brave-boy-coming-day,"êkwa ê-otihtât, isi-niyânaniyiwa, ê-nâh-nawaciyit.","When he got near them, they were five, a-roasting of meat.",literal,literal,False,Plain description of approaching and the number of people.,[1] LB on nîso :  Evidently I here missed the word pêyak : “one (of them)”.
469,4,pct-18-a-brave-boy-coming-day,"nawasawâpamôw; tânihi ê-miyohoyit, êwakoni pâskiswêw, ê-sâkowêt.","He took careful aim; he shot at those who wore the best clothes, and gave a whoop.",literal,literal,False,"Literal account of aiming, shooting, and giving a war whoop.",[1] LB on nîso :  Evidently I here missed the word pêyak : “one (of them)”.
469,6,pct-18-a-brave-boy-coming-day,"ê-tapasîyit nîso, ê-tâh-tâwikisiniyit mistikohk, osâm ê-sêkihât, êwakoni mîna pimwêw; nipahêw mîna.","While two fled, one kept bumping into things, so much had he frightened him; this one too he shot; he killed him too.",literal,literal,True,"Although the footnote notes a likely mishearing of 'nîso' for 'pêyak', it does not indicate figurative language; the sentence describes actions literally.",[1] LB on nîso :  Evidently I here missed the word pêyak : “one (of them)”.
469,7,pct-18-a-brave-boy-coming-day,êkosi nisto nipahêw.,So he had killed three.,literal,literal,False,Simple statement of the number killed.,[1] LB on nîso :  Evidently I here missed the word pêyak : “one (of them)”.
469,9,pct-18-a-brave-boy-coming-day,"ê-kiskêyihtahk ê-tapasîyit; pîhtokêw, otayiwinisiyiwa ê-otinahk, mîna pâskisikan pêyak, pêyak acosisa, pêyak cîkahikani-pakamâkan, êkwa pêyak câpihcicikanis, môhkomâna nêwo, mîna ostikwâniyihk ôta ôma ê-manisamwât.","When he saw that they had fled, he went inside and took their garments, and a gun, a set of arrows, a tomahawk, and a lance, and four knives, and he cut off this, on their heads here.",literal,literal,False,"Lists items taken and the act of cutting off, likely scalping, in a literal manner.",[1] LB on nîso :  Evidently I here missed the word pêyak : “one (of them)”.
469,10,pct-18-a-brave-boy-coming-day,"kahkiyaw omaskisiniyiwa otinam, êkwa ê-kîwêhtatât, ôhi kâ-kaskatahomiht wîcêwâkana, ê-pîhtokatât, ê-miyât.","He took all their moccasins, and took it all back with him and gave it, when he brought it into their hut, to his wounded companion.",literal,literal,False,Describes taking moccasins and sharing spoils; no figurative language.,[1] LB on nîso :  Evidently I here missed the word pêyak : “one (of them)”.
483,0,pct-18-a-brave-boy-coming-day,"mistahi miywêyihtam awa oskinîkiw, êkwa ê-sipwê-têhtapit, ê-pê-sîhkitisahwâyit ôhi nâpêsisa misatimwa.","The young man was very glad, and rode away, while the boy drove on the horses.",literal,literal,False,The sentence describes literal actions and emotions with no figurative language.,[2] CHECK tipiskwah
483,1,pct-18-a-brave-boy-coming-day,kapê-tipisk pimipayiwak.,They rode all night.,literal,literal,True,The footnote '[2] CHECK tipiskwah' flags a word form but does not indicate any figurative language; the sentence itself is a literal statement.,[2] CHECK tipiskwah
483,2,pct-18-a-brave-boy-coming-day,"ê-kîsikâyik, ê-wâpamât awa oskinîkiw misatimwa, ""tâpwê miyosiwak!"" itêyihtam.","When day came and the young man saw the horses, “Really, they are fine ones!” he thought.",literal,literal,False,"It reports a character's thought literally, with no metaphor, simile, or idiom.",[2] CHECK tipiskwah
483,3,pct-18-a-brave-boy-coming-day,"kapê-kîsik pimâmôwak, mîna kapê-tipisk.","They fled all day, and again all night.",literal,literal,False,The sentence literally describes the duration of their flight.,[2] CHECK tipiskwah
483,4,pct-18-a-brave-boy-coming-day,nîsotipiskwa namôya nipâwak.,For two nights they did not sleep.,literal,literal,False,It is a straightforward literal statement about not sleeping.,[2] CHECK tipiskwah
483,5,pct-18-a-brave-boy-coming-day,"êkoyikohk ê-wâpamâcik mostoswa, nawaswêw awa nâpêsis.","Then, as they saw some buffalos, the boy gave chase.",literal,literal,False,The sentence recounts a literal action of giving chase.,[2] CHECK tipiskwah
483,7,pct-18-a-brave-boy-coming-day,"miywêyihtam awa oskinîkiw, êkota ê-nîhtakosît, ê-wî-wiyanihtâkêcik, ê-wî-mîcisocik.","The young man was glad; he dismounted, and they skinned it and cut it up and made ready to eat.",literal,literal,False,"It describes literal actions of dismounting, skinning, and preparing to eat.",[2] CHECK tipiskwah
485,0,pct-18-a-brave-boy-coming-day,"êkwa wiyawâw ê-kîsi-wiyanihtâkêcik, êkwa ê-kîsitêpocik, ê-paminawasocik, iyikohk ê-kîsi-mîcisocik, mîna sipwêhtêwak.","But, as for them, when they had cleaned their game, and cooked their meal, and eaten, they went on.",literal,literal,False,"Plain description of actions (cleaning game, cooking, eating, departing); no figurative language.","[3] LB on kâ-kîh-itwêt :  Probably read as kâ-kîh-itwêhk : “it was so reported”, as in translation."
485,1,pct-18-a-brave-boy-coming-day,"nîswâw ê-nipâcik, kîtahtawê kâ-wâpahtahkik wîkiwâwa.","After two nights on the way, presently they came in sight of their camp.",literal,literal,False,Literal statement of travel duration and sighting the camp; no non-literal expression.,"[3] LB on kâ-kîh-itwêt :  Probably read as kâ-kîh-itwêhk : “it was so reported”, as in translation."
485,2,pct-18-a-brave-boy-coming-day,miywêyihtam awa kâ-kî-kaskatahoht.,The one who had been wounded was glad.,literal,literal,False,Direct statement of the wounded person's gladness; no figurative language.,"[3] LB on kâ-kîh-itwêt :  Probably read as kâ-kîh-itwêhk : “it was so reported”, as in translation."
485,3,pct-18-a-brave-boy-coming-day,"ispî ê-wâpamihcik, ê-pê-sipwêpayit pêyak oskinîkiw, awîniki ôki êyakonik, ""nipahâwak,"" kâ-kî-itwêt.","When they were seen, a young man came to them from the camp; whom did he see, but those of whom it had been said that they were killed!",literal,literal,True,"Bloomfield's footnote only clarifies the verb form as 'it was so reported'; the expression is a literal report of speech, not figurative.","[3] LB on kâ-kîh-itwêt :  Probably read as kâ-kîh-itwêhk : “it was so reported”, as in translation."
485,4,pct-18-a-brave-boy-coming-day,"êkota ohci kîwêpayiw awa, ê-nitawi-wîhtamawât ôhi okimâwa ê-takosiniyit okosisiyiwa mîna ôhi kâ-kî-kaskatahomiht, ê-isi-pêhtahkik, ê-nitawi-nakiskawâcik.","Then this man rode back to tell the chief that his son had come home, as well as the man who had been wounded; and when they heard this, they went to meet them.",literal,literal,False,"Straightforward narrative of riding back, telling the chief, and going to meet them; no figurative language.","[3] LB on kâ-kîh-itwêt :  Probably read as kâ-kîh-itwêhk : “it was so reported”, as in translation."
485,5,pct-18-a-brave-boy-coming-day,"ê-pêtastimwêyit awa okosisa, okimâwa, awa nâpêsis ôhi kâ-kaskatahomiht niyânan miyêw misatimwa; wiya mîna niyânan ayâwêw misatimwa.","That boy, the chief's son, who brought the horses, gave five of them to the man who had been wounded; five horses he kept.",literal,literal,False,Factual account of the gift of horses; no metaphor or idiom.,"[3] LB on kâ-kîh-itwêt :  Probably read as kâ-kîh-itwêhk : “it was so reported”, as in translation."
485,6,pct-18-a-brave-boy-coming-day,mistahi miywêyihtam awa okimâw.,The chief was very glad.,literal,literal,False,Simple statement of the chief's gladness; no figurative language.,"[3] LB on kâ-kîh-itwêt :  Probably read as kâ-kîh-itwêhk : “it was so reported”, as in translation."
485,7,pct-18-a-brave-boy-coming-day,"piyisk kahkiyaw awiyak miywêyihtamwak; mîna ayahciyiniwa nisto ê-nipahât awa nâpêsis, miywêyihtamwak ôki ayisiyiniwak, ê-miyawâtahkik, ê-nîmihitocik, awa ohci nâpêsis osâm ê-sôhkêyimiht, ""tâpwê nâpêhkâsôw!"" ê-itêyimiht, ôhi mîna nâpêwa ê-kaskatahomiht êkâ kâ-wî-nakatât, osâm namôya cêskwa mitoni ê-oskinîkit.","Then everyone was glad; also because the boy had slain three Blackfoot those people were glad, and celebrated the outcome with a dance, thinking that boy very brave, thinking of him, “Truly, he is a brave warrior!” especially because he had refused to abandon the wounded man, even though he was not yet full-grown.",literal,literal,False,"Describes gladness, reasons, celebration, and thoughts; the quoted praise 'nâpêhkâsôw' is a direct literal statement ('he is a brave warrior') within the narrative.","[3] LB on kâ-kîh-itwêt :  Probably read as kâ-kîh-itwêhk : “it was so reported”, as in translation."
485,8,pct-18-a-brave-boy-coming-day,êwako anima ohci kâ-ôh-miywêyihtahkik ayîsiyiniwak.,That was why those people were glad.,literal,literal,False,Summarizing reason for gladness; no figurative expression.,"[3] LB on kâ-kîh-itwêt :  Probably read as kâ-kîh-itwêhk : “it was so reported”, as in translation."
499,1,pct-19-the-jealous-warrior-coming-day,"nama isko ê-takosihkik wîkiwâhk, mostoswa wâpamêwak.","Before they reached their camp, they came in sight of some buffalos.",literal,literal,False,The sentence is a plain description of reaching camp and seeing buffalo; no figurative language. The footnote discusses a different sentence.,"[1] LB on êh-wayawîhtamâtot :  A particle, wayawîhtah “going outside,” is here compounded with the verb; if correctly recorded, it is of unusual formation."
499,2,pct-19-the-jealous-warrior-coming-day,"pêyak nipahêwak, êkota ê-nâh-nawacîcik, ê-mîcisocik.",They killed one and stopped to preserve the meat and to eat.,literal,literal,False,"Literal description of killing, stopping, and eating; no figurative language. The footnote does not apply.","[1] LB on êh-wayawîhtamâtot :  A particle, wayawîhtah “going outside,” is here compounded with the verb; if correctly recorded, it is of unusual formation."
499,3,pct-19-the-jealous-warrior-coming-day,"ê-kîsi-mîcisocik, awa kâ-kî-nipahât owîkimâkana pasikôw; sipwêhtêw, ohpimê ê-nitawi-nahapit, ê-wayawîhtamâtot, ê-tapahtiskwêyit.","When they had eaten, he who had slain his wife arose; he went and sat down somewhere, weeping alone, with his head bowed in grief.",literal,literal,True,"The sentence describes actions literally. The footnote comments on the unusual formation of 'ê-wayawîhtamâtot', but this is grammatical, not figurative.","[1] LB on êh-wayawîhtamâtot :  A particle, wayawîhtah “going outside,” is here compounded with the verb; if correctly recorded, it is of unusual formation."
499,4,pct-19-the-jealous-warrior-coming-day,"êkosi awa kotak oskinîkiw kâ-kî-itât, ""mâtoyini, ka-nipahitin"", kâ-kî-itwêt, wâpamêw ê-tapahtiskwêyiyit, ê-mâtoyit, ê-itêyimât.","Then that youth who had said to him, “If you weep, I will kill you,” saw him with bowed head and, as he thought, weeping.",literal,literal,False,Literal recounting of the youth's thought and sight; no figurative language. The footnote does not apply.,"[1] LB on êh-wayawîhtamâtot :  A particle, wayawîhtah “going outside,” is here compounded with the verb; if correctly recorded, it is of unusual formation."
499,5,pct-19-the-jealous-warrior-coming-day,"otinam pâskisikan, ê-nitawâpamât.",He took his gun and went to look at him.,literal,literal,False,Literal action of taking a gun and going to see; no figurative language. The footnote does not apply.,"[1] LB on êh-wayawîhtamâtot :  A particle, wayawîhtah “going outside,” is here compounded with the verb; if correctly recorded, it is of unusual formation."
499,6,pct-19-the-jealous-warrior-coming-day,"ê-wâpamât, tâpwê mâtoyiwa.","When he saw him, he was really weeping.",literal,literal,False,Literal statement of seeing and weeping; no figurative language. The footnote does not apply.,"[1] LB on êh-wayawîhtamâtot :  A particle, wayawîhtah “going outside,” is here compounded with the verb; if correctly recorded, it is of unusual formation."
503,0,pct-20-a-great-herd-coming-day,"kayâs mostoswak, paskwâwi-mostoswak, nânitaw mitâtaht tipahikan, êkoyikohk askiy nama kêkway nôkwan, ê-akoskahkik paskwâwi-mostoswak.","The old-time buffalos, for a distance of some ten miles the earth was not visible, as the buffalos covered it.",literal,literal,False,The footnote only comments on the morphology of 'ê-tawitisahwâcik' and does not indicate any figurative language; the sentence is purely literal.,"[1] LB on êh-tawocahwâcik : Probably the normal form is êh-tawitisahwâcik , initial stem taw- : “open”, transitive verb final -tisahw- : “drive” (cf. pimitisahwêw : “he drives him on”)."
503,1,pct-20-a-great-herd-coming-day,"êwako âcimôwin namôya kayâs, mâskôc niyânano-mitanaw askiy êkospî ôma iyikohk ê-mihcêticik mostoswak.","This story is not old, perhaps fifty years ago it was, when the buffalos were so many.",literal,literal,False,"The footnote does not apply; the sentence is a straightforward statement about the story's age and the buffalo's abundance, with no figurative elements.","[1] LB on êh-tawocahwâcik : Probably the normal form is êh-tawitisahwâcik , initial stem taw- : “open”, transitive verb final -tisahw- : “drive” (cf. pimitisahwêw : “he drives him on”)."
503,2,pct-20-a-great-herd-coming-day,"nâpêwak niyânan êwakonik ê-âcimocik ê-wâpamâcik, piko ê-pimohtêcik ôki nêhiyawak, akohpa ômisi ê-wêpinahkik, ê-tawitisahwâcik mostoswa; êkwa ôtê nâway kâwi ômisi ê-pê-tipwayâyit ê-misihtawayâyit.","Five men they were who told of it, having seen it when they were out for a walk, these Cree.",literal,literal,False,The footnote concerns verb morphology and does not indicate figurative usage; the description of men walking and shaking blankets is literal.,"[1] LB on êh-tawocahwâcik : Probably the normal form is êh-tawitisahwâcik , initial stem taw- : “open”, transitive verb final -tisahw- : “drive” (cf. pimitisahwêw : “he drives him on”)."
503,3,pct-20-a-great-herd-coming-day,"êkwa mitâtaht tipahikan êkoyikohk isko ê-ayâcik paskwâwi-mostoswak, iyikohk ê-mihcêticik, êkâ ê-tawâyik ita kâ-pimohtêcik.","They shook their blankets like this, to drive the buffalos apart, and behind them the herd closed in again.",literal,literal,False,The footnote is unrelated; the sentence describes the extent of the buffalo herds without any non-literal language.,"[1] LB on êh-tawocahwâcik : Probably the normal form is êh-tawitisahwâcik , initial stem taw- : “open”, transitive verb final -tisahw- : “drive” (cf. pimitisahwêw : “he drives him on”)."
503,4,pct-20-a-great-herd-coming-day,"êkoyikohk isko, mitâtaht tipahikan isko mihcêtiyit mostoswa, ê-wâpamâcik nêhiyawak kayâs, nânitaw niyânano-mitanaw askiy.",And for a distance of ten miles there were buffalos so numerous that there was no opening where they walked.,literal,literal,False,No figurative language is present; the footnote's morphological note does not apply to this literal description of the herd's size.,"[1] LB on êh-tawocahwâcik : Probably the normal form is êh-tawitisahwâcik , initial stem taw- : “open”, transitive verb final -tisahw- : “drive” (cf. pimitisahwêw : “he drives him on”)."
503,5,pct-20-a-great-herd-coming-day,êwako pêyak âcimowin.,"Ten miles in length was the herd of buffalos which these Cree saw of old, some fifty years ago.",literal,literal,False,"The sentence is a simple statement identifying a story, with no figurative language; the footnote is irrelevant.","[1] LB on êh-tawocahwâcik : Probably the normal form is êh-tawitisahwâcik , initial stem taw- : “open”, transitive verb final -tisahw- : “drive” (cf. pimitisahwêw : “he drives him on”)."
504,0,pct-20-a-great-herd-coming-day,pêyak nâpêw powâmêkan isiyîhkâsôw; êwako kâ-wâpamât ôhi mostoswa.,One man was called Powamekan; he saw these buffalos.,literal,literal,False,Plain statement of a man's name and action; no figurative language.,[4] LB on tâmpêsin :  So recorded;  is this the tawipîsin who occurs in text 10?
504,1,pct-20-a-great-herd-coming-day,êkwa pêyak nâpêw tâmpêsin isiyîhkâsôw.,And one man was called Tampesin.,literal,literal,False,"Plain statement of a man's name; footnote only questions a name variant, not figurative language.",[4] LB on tâmpêsin :  So recorded;  is this the tawipîsin who occurs in text 10?
504,2,pct-20-a-great-herd-coming-day,êkwa pêyak wataniy isiyîhkâsôw.,And one was called Bird-Tail.,literal,literal,False,Plain statement of a man's name ('Bird-Tail'); no figurative language.,[4] LB on tâmpêsin :  So recorded;  is this the tawipîsin who occurs in text 10?
504,3,pct-20-a-great-herd-coming-day,êkonik ê-wâpamâcik iyikohk ê-mihcêtiyit paskwâwi-mostoswa.,They saw the herd of buffalos that was so great.,literal,literal,False,Literal description of seeing a large herd; no figurative language.,[4] LB on tâmpêsin :  So recorded;  is this the tawipîsin who occurs in text 10?
511,0,pct-21-a-poor-assiniboine-becomes-chief-adam-sakewew,"""nah ôhi kanawêyihta,"" itêw.","“Take these things and save them up,” he told her.",literal,literal,False,The footnote is an editorial note about the word 'nah' and does not indicate figurative language; the sentence is a literal directive.,[1] CHECK nah
547,0,pct-21-a-poor-assiniboine-becomes-chief-adam-sakewew,"osîhêw atimo-otâpânâskwa, ê-pasahwât mistikwa, napakitâpânâskwa ê-osîhât.","He built a dog-sled with split trees, a flat dog-sled.",literal,literal,False,No figurative language detected; the sentence describes building a sled literally.,[2] LB on tahpotêw :  Probably takohtêw : “he came back to the house.”
547,1,pct-21-a-poor-assiniboine-becomes-chief-adam-sakewew,"ê-kî-kîsihât, takohtêw.","When he had finished it, he tied it up.",literal,literal,True,The footnote suggests a variant reading 'takohtêw' but identifies no figurative language; the sentence is a literal statement about finishing and tying up the sled.,[2] LB on tahpotêw :  Probably takohtêw : “he came back to the house.”
547,2,pct-21-a-poor-assiniboine-becomes-chief-adam-sakewew,"êkota napakâhtikohk ahêw mostoswayâna mîna mahîhkaniwayâna, nanâtohk atâwâkana.","On the boards of it he put buffalo-robes, wolfskins, and all kinds of furs.",literal,literal,False,No figurative language detected; the sentence literally describes placing furs on the sled.,[2] LB on tahpotêw :  Probably takohtêw : “he came back to the house.”
547,3,pct-21-a-poor-assiniboine-becomes-chief-adam-sakewew,"sipwêhtêw, ê-itohtêt wâskahikanihk, otatâwêwa ê-nitawâpamât.",He went off to see the trader in his house.,literal,literal,False,No figurative language detected; the sentence literally describes going to see the trader.,[2] LB on tahpotêw :  Probably takohtêw : “he came back to the house.”
561,0,pct-21-a-poor-assiniboine-becomes-chief-adam-sakewew,"ê-kîsi-postayôwinisêt awa iskwêw, êkwa awa nâpêw postayôwinisêw, wêmistikôsiwi-ayôwinisa; astotin, postastotinêw.","When the woman had dressed up, the man also dressed up in white-man's clothes, and put on his hat.",literal,literal,False,No figurative language detected; the sentence literally describes dressing up in white-man's clothes and putting on a hat. The footnote does not apply to this sentence.,[3] LB's translation merged into first sentence of next paragraph.
561,1,pct-21-a-poor-assiniboine-becomes-chief-adam-sakewew,âsay namôya kitimâkisiwak.,Now they were no longer poor.,literal,literal,False,"Straightforward literal statement that they were no longer poor. No metaphor, simile, or idiom. The footnote does not apply.",[3] LB's translation merged into first sentence of next paragraph.
561,2,pct-21-a-poor-assiniboine-becomes-chief-adam-sakewew,"otinam; oyâkanihk iskotêwâpoy sîkinam, êkwa êwako ê-minihkwêcik.",He took the whiskey and poured it into a bowl and then they drank it.,literal,literal,True,"The sentence literally describes taking whiskey, pouring it, and drinking. The footnote notes that the translation was merged into the next paragraph, but it indicates no figurative language.",[3] LB's translation merged into first sentence of next paragraph.
571,0,pct-21-a-poor-assiniboine-becomes-chief-adam-sakewew,"""kahkiyaw pêtâyiw pôsihtâyêko ta-pê-sipwêhtêwak."" ""mahti nika-wâpamimâwa owîkimâkana mistahi kâ-atoskêyit.""","“When you have loaded it all, let them set out and come here. I should like to see his wife who does so much work.”",literal,literal,True,The footnote suggests a probable error in 'pêtâyiw' but does not indicate any figurative language; the sentence is a literal instruction to load and set out.,[4] LB on pêtâyiw : Probably an error.
616,0,pct-21-a-poor-assiniboine-becomes-chief-adam-sakewew,âcimostawêw tânisi kâ-tôtahk.,He told them how he had done.,literal,literal,False,The sentence is a plain statement of telling someone about actions; no figurative language is present.,[5] LB on kîh-kîsihtâwâw : Wrongly recorded; probably I overheard the prefix ni- : “I”.
616,1,pct-21-a-poor-assiniboine-becomes-chief-adam-sakewew,"""anohc kâ-piponiyik kî-kîsihtâwâw êwako ôma kê-wâpahtamêk ôhi êkwa kâ-miyitakok."" ""êkosi nititik, 'okimâw.'""","“This winter I have paid him for all this which you see here, and these things which I have given you. He called me 'Chief.'”",literal,literal,False,"The sentence contains direct speech stating facts (payment, giving, being called Chief); no metaphor, simile, or idiom. The footnote comments only on a recording error, not on figurative language.",[5] LB on kîh-kîsihtâwâw : Wrongly recorded; probably I overheard the prefix ni- : “I”.
620,0,pct-22-an-embassy-to-the-snakes-simon-mimikwas,"mitoni ninikotwâsinân, ê-sipwêhtêyâhk.",There were six of us who set out.,literal,literal,False,"The sentence is a literal statement of number and departure, with no figurative language.",[1] CHECK ?? kâsow VTA - RELATIONAL -wânân 1eAIrel3
620,1,pct-22-an-embassy-to-the-snakes-simon-mimikwas,"wiyâpahtamâhko mîkiwâhpa, nikâsowânân, êkâ ta-wâpamikoyâhkok ayahciyiniwak, ê-pimohtatâyâhk ôtê ohci ayiwinisa, ê-nitawi-wîtaskiyâhk wâhyaw awasâpisk.","When we saw any tipis, we hid from the people, lest the Blackfoot see us. We were carrying garments with us, from here, for we were bound on an embassy far beyond the Rocky Mountains.",literal,literal,True,The sentence describes actions literally; the footnote provides a grammatical gloss for 'nikâsowânân' and does not indicate figurative language.,[1] CHECK ?? kâsow VTA - RELATIONAL -wânân 1eAIrel3
620,2,pct-22-an-embassy-to-the-snakes-simon-mimikwas,"piyisk nôtihtênân asinîwaciy, têpiskâki piko ê-pimohtêyâhk, êkâ awiyak ta-nôtinikoyâhk, ê-wî-kakwê-takohtêyâhk itê kâ-itohtêyâhk.","At last we came to the Rocky Mountains, walking the while only at night, lest anyone fight with us, for we meant to reach our destination.",literal,literal,False,"The sentence is a plain narrative of travel and intent, with no figurative language.",[1] CHECK ?? kâsow VTA - RELATIONAL -wânân 1eAIrel3
620,3,pct-22-an-embassy-to-the-snakes-simon-mimikwas,piyisk awasâpisk nitakohtânân.,At last we arrived beyond the Rockies.,literal,literal,False,"The sentence states arrival in a straightforward, literal manner.",[1] CHECK ?? kâsow VTA - RELATIONAL -wânân 1eAIrel3
635,0,pct-22-an-embassy-to-the-snakes-simon-mimikwas,"êkosi êkwa, ""wâpamaci ayahciyiniw, wî-nipahiski, wêpinâhkanik ôki misatimwak kâ-miyikawiyêk."" ""mistahi mâh-mîhkawikiwak êkonik."" ""piko kîwê- tapasîhkêk."" ""êkosi ta-miywâsin, takosiniyani kitaskîhk.""","And so then, “If you see Blackfoot and they want to kill you, give rein to these horses that have been given to you. They are very swift. Simply flee for home. In this way you will easily reach your country.”",literal,literal,True,"The footnote merely clarifies the meaning of 'kîwê-' as 'homeward', with no indication of figurative language; the text is a literal command.",[2] LB on kihîh :  Probably kîwêh- : “homeward”.
640,0,pct-22-an-embassy-to-the-snakes-simon-mimikwas,"""tâpwê nisâkihikwak kinêpikoyiniwak,"" kî-itwêw êwako kisêyiniw: ""'pitanê êkâ wîhkâc maci-wîcêhtocik, wiyâpahtotwâwi,' nikî-itwân mâna, ispî ê-okimâwiyân."" ""êwako ohci nanâtohk ayîsiyiniwak kâ-ôh-kî-sâkihicik: namôya wîhkâc n-ôh-nipahtâkân."" ""kâkikê nikî-ayân ayahciyiniwak otaskîwâhk."" ""êkosi kiyîwêyâni nitaskîhk isi, nikî-mâna-pîkiskâtâwak ayahciyiniwak."" ""êwako ohci, kwayask ê-itâtisiyân, kâ-ôh-kisêyinîwiyân."" ""'êwako ani kakwê-ayâk, nitawâsimisitik, êwako.'"" ""'kahkiyaw ayîsiyiniw ka-miyo-wîcêwâwâw,' nikî-itâwak mâna nitawâsimisak.""","“Truly, the Snake people were fond of me,” said that old man; “'Would they might never deal wrongly with each other, when they see one another,' I used to say, when I was chief. That is why all kinds of people loved me: I never killed people. All the time I was in the Blackfoots' country. And when I went home, they would always regret my departure, the Blackfoot. Because I was of decent and righteous character, is why I reached old age. 'That is the way you must try to be, my children, even thus. You must deal rightly with every human being,' I always told my children.”",literal,literal,False,"The footnote comments on a possible mistranslation of direction in the verb 'pikiskatawak', which is not about figurative language; the paragraph contains no metaphors, similes, idioms, or other non-literal expressions.",[3] pikiskatawak Direction possibly mistranslated.
696,0,pct-24-a-blackfoot-adulteress-and-her-salteau-husband-mrs-maggie-achenam,êkwa mâh-mâsihêw iskwêw.,Then the woman lay with him.,idiom,idiom,True,"The footnote explains that mâh-mâsihêw literally means 'wrestle' but is a common euphemism for 'lay with', making it a conventional non-literal idiom.","[1] LB on mâh-mâsihêw :  Literally, “wrestle”; in the present sense a common and, strangely enough, euphemistic expression."
699,0,pct-24-a-blackfoot-adulteress-and-her-salteau-husband-mrs-maggie-achenam,âhci piko mâsihêw nâpêwa ôhi.,Still she lay with that man.,literal,literal,False,"The sentence is a plain, literal description of the woman still lying with the man; no figurative language is present.",[2] LB:  Our narratress forgets to develop this motif.
699,1,pct-24-a-blackfoot-adulteress-and-her-salteau-husband-mrs-maggie-achenam,kêtahtawê êkwa ocihcîyiw otinam; ocâhcanisiyiwa otinimêw.,Presently she took his hand; she took a ring from his finger.,literal,literal,True,"The sentence is a straightforward, literal account of her taking his hand and ring; Bloomfield's footnote comments on narrative structure ('forgets to develop this motif'), not on figurative language.",[2] LB:  Our narratress forgets to develop this motif.
705,0,pct-24-a-blackfoot-adulteress-and-her-salteau-husband-mrs-maggie-achenam,"""namôya."" ""konita ê-kî-mâtôhkâsoyân, ê-kotêsi-miywêyihtamân ê-sipwêhtêt,"" itêw.","“No. I only pretended to weep, but I was really glad when he went,” she told him.",literal,literal,False,Bloomfield's footnote merely notes an unknown particle and does not indicate any figurative language; the meaning is straightforward.,[3] LB on êh-kotêsi-miywêyihtamân :  The particle kotêsi here compounded with the verb is otherwise unknown to me and may be wrongly recorded.
732,0,pct-24-a-blackfoot-adulteress-and-her-salteau-husband-mrs-maggie-achenam,êkwa ê-wâpaniyik sipwêhtêw; tapasîw êkwa.,Then in the morning she went away; she fled.,literal,literal,False,No figurative language present; straightforward description of departure and flight.,[4] Book has no space between êk and êh-wâpamât .
732,2,pct-24-a-blackfoot-adulteress-and-her-salteau-husband-mrs-maggie-achenam,"tahto-kîsikâw pimohtêw, wayawîtimihk ê-nipât.",She walked every day and slept out of doors.,literal,literal,False,No figurative language; literal description of daily walking and sleeping outdoors.,[4] Book has no space between êk and êh-wâpamât .
732,3,pct-24-a-blackfoot-adulteress-and-her-salteau-husband-mrs-maggie-achenam,"kêtahtawê sâkêwêw, ispatinâhk kâ-wâpamât ayîsiyiniwa ê-pâpayiyit.",Presently she came out upon a place where she saw a man riding that way over a hill.,literal,literal,False,No figurative language; literal description of coming out and seeing a man riding.,[4] Book has no space between êk and êh-wâpamât .
732,5,pct-24-a-blackfoot-adulteress-and-her-salteau-husband-mrs-maggie-achenam,iyikohk êkâ ê-wâpamât sipwêhtêw.,"When she saw him no longer, she went on.",literal,literal,True,"The footnote notes an orthographic detail, not figurative language; the sentence is literal.",[4] Book has no space between êk and êh-wâpamât .
732,6,pct-24-a-blackfoot-adulteress-and-her-salteau-husband-mrs-maggie-achenam,"âsay mîna ê-sâkêwêt, kâ-wâpamât âsay mîna ê-pâpayiyit; kâsôhtawêw.","When she came out over the next hill, she saw him again riding toward her; she hid from him.",literal,literal,False,No figurative language; literal description of seeing the man again and hiding.,[4] Book has no space between êk and êh-wâpamât .
732,7,pct-24-a-blackfoot-adulteress-and-her-salteau-husband-mrs-maggie-achenam,sipwêhtêw êkâ ê-wâpamât.,She set out when she saw him no longer.,literal,literal,False,No figurative language; literal description of setting out after losing sight.,[4] Book has no space between êk and êh-wâpamât .
732,8,pct-24-a-blackfoot-adulteress-and-her-salteau-husband-mrs-maggie-achenam,otihtam mîkiwâhpa mistahi ê-mihcêniyiki.,She reached a place where there were many tipis.,literal,literal,False,No figurative language; literal description of reaching a place with many tipis.,[4] Book has no space between êk and êh-wâpamât .
732,9,pct-24-a-blackfoot-adulteress-and-her-salteau-husband-mrs-maggie-achenam,âsay mîna êkota otihtêw ocîmisima.,This time too she came to where her lover was.,literal,literal,False,No figurative language; literal statement of arriving where her lover was.,[4] Book has no space between êk and êh-wâpamât .
732,11,pct-24-a-blackfoot-adulteress-and-her-salteau-husband-mrs-maggie-achenam,takosiniyiwa êkota owîkimâkana ê-pê-nitonâkot; mâka kotaka nâpêwa papâ-kwâsihik.,"Her husband came there, looking for her; but the other man kept her away from her husband.",literal,literal,False,No figurative language; literal description of the husband's arrival and the other man's actions.,[4] Book has no space between êk and êh-wâpamât .
762,0,pct-24-a-blackfoot-adulteress-and-her-salteau-husband-mrs-maggie-achenam,"""êha,"" itêw; ""ê-pê-tapasiyân.""","“No,” she answered her; “I ran away and came here.”",literal,literal,True,"Footnote [5] explains the literal discourse function of 'êha' as a negative agreeing answer, not any figurative usage.","[5] This is the agreeing answer to a yes-or-no question;  if the question, as here, is put negatively, êhag corresponds to our “No.”"
796,0,pct-25-how-women-were-treated-mrs-maggie-achenam,"kêtahtawê âsay mîna ê-âh-ihkihk, mîna kotak ayahciyiniw kâ-âsitêyimât kotaka nâpêwa.","Another thing which used to happen, was when some Blackfoot became suspicious about another man.",literal,literal,False,"The footnote comments on the phonetic heaviness of 'ây', not on any figurative language; the sentence is a plain statement.",[1] CHECK heaviness of ây
830,0,pct-27-how-the-blackfoot-killed-their-wives-mrs-maggie-achenam,acosisa tahkonam awa ayahciyiniw.,That Blackfoot took some arrows.,literal,literal,False,Simple literal statement of taking arrows.,[1] NB weird reduplication
830,1,pct-27-how-the-blackfoot-killed-their-wives-mrs-maggie-achenam,"ê-nakiskawât owîkimâkana êkwa pêyak nâpêsisa ê-wîcêwâyit, nîkân owîkimâkana pa-pî-pimwêw.","When he encountered his wife and a boy who was with her, first he shot arrow after arrow into his wife.",literal,literal,True,"Contains the reduplicated form 'pa-pî-pimwêw' noted in the footnote, but the expression remains literal.",[1] NB weird reduplication
830,2,pct-27-how-the-blackfoot-killed-their-wives-mrs-maggie-achenam,"êkwa nâpêsisa mîna, mîna êwakoni pimwêw; nipahêw.","Then the boy, too, him too he shot; he killed him.",literal,literal,False,Literal description of shooting and killing.,[1] NB weird reduplication
830,3,pct-27-how-the-blackfoot-killed-their-wives-mrs-maggie-achenam,êkwa oskinîkiwa nitonawêw; papâ-têhtapiw sakâhk.,Then he looked for the young man; he rode about in the woods.,literal,literal,False,Literal description of searching and riding about.,[1] NB weird reduplication
833,0,pct-27-how-the-blackfoot-killed-their-wives-mrs-maggie-achenam,"êwako mîna pêyak ayahciyiniw otôtamôwin; maywês ihtakohk wiyasôwêwin êwako kâ-kî-ispayik; mêkwâc paskwâwi-mostoswa ê-ohtâpanihocik ayîsiyiniwak, ayahciyiniwak, mîna pwâsîmowak, sasîwak, kinêpikoyiniwak, kâ-otaskîwikamikowak, nahkawiyiniwak, êwako anima kâ-kî-ihkihk.","This too was a custom of the Blackfoot; before there was any law was when this took place; when the people were still living on buffalo-flesh, - the Blackfoot and the Assiniboine, the Sarsi, the Snakes, the Earth-Lodge People, the Salteaux, - that was when this took place.",literal,literal,True,"The sentence lists historical facts about the Blackfoot custom and other tribes, with no non-literal expression. Bloomfield's footnote comments on an unidentified tribal name but does not describe any figurative usage.",[2] LB on k-ôtaskîwikamikowak :  I have not been able to identify this tribe.
846,0,pct-29-an-assiniboine-war-party-is-stopped-by-evil-portents-chihtchikwayow,"wâhyaw ê-ihtâcik, kîtahtawê pêtisâpahtamwak ê-mâyi-kîsikâyik; sakamo pê-kitoyiwa, kâh-kitoyiwa piyêsiwa.","When they had gone a long way, at one time they saw a storm coming; unceasingly the Thunderers were coming with repeated noise.",literal,literal,False,The sentence describes seeing a storm and hearing the Thunderers in literal terms; Bloomfield's footnote does not refer to this sentence.,[1] LB on asê-takosinomakaniyiw :  The sandstorm is viewed as though the Thunderers were presenting themselves backwards; hence solid rain instead of liquid.
846,1,pct-29-an-assiniboine-war-party-is-stopped-by-evil-portents-chihtchikwayow,"êkwa kisiwâk ê-pê-mâyi-kîsikâyik, ocistikosiwak.","When the storm came near, they made a shelter.",literal,literal,False,"The sentence states they made a shelter when the storm approached; no figurative language is indicated, and the footnote does not apply.",[1] LB on asê-takosinomakaniyiw :  The sandstorm is viewed as though the Thunderers were presenting themselves backwards; hence solid rain instead of liquid.
846,2,pct-29-an-assiniboine-war-party-is-stopped-by-evil-portents-chihtchikwayow,"apiwak, opâskisikaniwâwa ê-cimatâcik; êkwa akotâwak otakohpiwâwa; êkota pîhcâyihk ayâwak.","They stayed in one place, fixing their guns upright in the ground; over them they hung their blankets; they stayed underneath there.",literal,literal,False,"The sentence details their actions of fixing guns and hanging blankets; it is a plain description, and the footnote is not relevant.",[1] LB on asê-takosinomakaniyiw :  The sandstorm is viewed as though the Thunderers were presenting themselves backwards; hence solid rain instead of liquid.
846,3,pct-29-an-assiniboine-war-party-is-stopped-by-evil-portents-chihtchikwayow,"asê-takosinomakaniyiw, yêkaw pisisik êkotowahk ohci kâ-kimiwaniyik.",It came backwards; a downpour of sand was the rain.,metaphor,metaphor,True,"Bloomfield's footnote explains that the sandstorm is metaphorically viewed as the Thunderers presenting themselves backwards, causing solid sand rain instead of liquid rain.",[1] LB on asê-takosinomakaniyiw :  The sandstorm is viewed as though the Thunderers were presenting themselves backwards; hence solid rain instead of liquid.
846,4,pct-29-an-assiniboine-war-party-is-stopped-by-evil-portents-chihtchikwayow,êkosi pasikôwak; sipwêhtêwak âsay mîna.,Then they arose; they set out again.,literal,literal,False,"The sentence simply states they arose and set out again; there is no figurative language, and the footnote does not apply.",[1] LB on asê-takosinomakaniyiw :  The sandstorm is viewed as though the Thunderers were presenting themselves backwards; hence solid rain instead of liquid.
849,0,pct-29-an-assiniboine-war-party-is-stopped-by-evil-portents-chihtchikwayow,"pêyak oskinîkiw: ""nitawi-nipa; mîcisôhâhkahk nipahaci.""","One youth was told, “Go kill it; let us eat, when you have killed it.”",literal,literal,True,"Bloomfield's footnote only says to check the word 'micisowahkahk', giving no indication of figurative language. The sentence is a straightforward command to kill something and eat it.",[2] CHECK micisowahkahk
854,0,pct-29-an-assiniboine-war-party-is-stopped-by-evil-portents-chihtchikwayow,êkwa ê-mêkwâ-pimohtêcik kisâstêyiw; nôhtêyâpâkwêwak.,"Then, as they marched along, the weather grew hot; they became thirsty.",literal,literal,True,The footnote is a textual note about 'eh-mekwac' and does not indicate figurative language. The sentence is literal.,[3] CHECK eh-mekwac - HCW:  REPAIR
854,1,pct-29-an-assiniboine-war-party-is-stopped-by-evil-portents-chihtchikwayow,nama kêkway nipiy kî-miskamwak.,They could not find any water.,literal,literal,False,No figurative language detected; the statement is literal.,[3] CHECK eh-mekwac - HCW:  REPAIR
854,2,pct-29-an-assiniboine-war-party-is-stopped-by-evil-portents-chihtchikwayow,"êkwa atimwa pêyak wîcêwêwak, omaskisiniwâwa ê-otâpêyit; paskêpahtâw awa atim, ê-nôhtêyâpâkwêt.",They had a dog with them to carry their moccasins; this dog left the trail in its thirst.,literal,literal,False,No figurative language detected; the description is literal.,[3] CHECK eh-mekwac - HCW:  REPAIR
854,3,pct-29-an-assiniboine-war-party-is-stopped-by-evil-portents-chihtchikwayow,"kîtahtawê ê-itâpicik, kî-minihkwêyiwa.","Soon when they looked, it had drunk.",literal,literal,False,No figurative language detected; the statement is literal.,[3] CHECK eh-mekwac - HCW:  REPAIR
888,0,pct-32-the-man-who-wore-red-mrs-maggie-achenam,êkwa kotak nâpêw mâmaskâc êsa kî-miywêyihtam ê-mihkosihot.,"Now, there was another man, the story goes, who greatly liked to wear red clothes.",literal,literal,False,"The footnote is empty, and the sentence is a plain, literal statement about a man who liked red clothes.","[1] LB has a footnote number on nisto-pipon , but no footnote."
888,1,pct-32-the-man-who-wore-red-mrs-maggie-achenam,"pêyakwâw ê-wawêsît, mihkosiyiwa opakwahtêhona; êkwa asikanêyâpiy opîhtasinânêyâpîw; êkwa mihkwêkinwêtâsa kikitâsêw; êkwa mihkokwana otastotinihk itamoyiwa.","Once when he dressed up, his belt was red, and red yarn he had for his ammunition-bag; he wore red flannel breeches; a red feather was on his hat.",literal,literal,False,"The footnote is empty, and the sentence is a literal list of red clothing items.","[1] LB has a footnote number on nisto-pipon , but no footnote."
888,2,pct-32-the-man-who-wore-red-mrs-maggie-achenam,êkwa nisto-pipon isiyîhkâtêwa kayâs ayîsiyiniwak ê-kî-wiyâhtâcik; êkotôwa mîna ê-kikiskahk ê-mâcît.,"And 'three-year' were called some things which the old-time people wore; one of these also he had on, as he hunted.",literal,literal,False,"The footnote marker is on 'nisto-pipon' but no footnote content exists; the term 'three-year' is a literal compound name for certain worn items, not figurative.","[1] LB has a footnote number on nisto-pipon , but no footnote."
898,0,pct-33-cannibal-possession-mrs-maggie-achenam,"""ka-kakwêcimik,"" itêw osîma, ""'awîna kâ-mîcisot?' kika-itik."" ""'wiya awa nisîm,' kika-ititin."" ""'cî?' ititâni, ""êha,"" kika-itwân."" ""êkây êkosi wî-itwêyini, ka-nipahitin.""","“He will ask you,” she told her sister, “'Who has been eating here?' he will ask you. 'Why, my sister here,' I will say of you. When I ask you, 'Isn't that so?' you will answer, 'Yes.' If you do not speak thus, I will kill you.”",literal,literal,True,"The footnote discusses the interrogative particle 'cî', which is a grammatical note with no indication of figurative language; the sentence is literal.","[1] LB on cî :  This particle, the regular sign of a yes-or-no question, is not ordinarily used along; one says tâpwê cî?"
923,0,pct-34-the-pock-mark-cure-mrs-maggie-achenam,êkwa kêtayôwinisêw oskinîkiw.,Then the youth took off his clothes.,literal,literal,False,"Plain narration of the youth undressing, with no figurative language.",[1] LB on kakêtihk : Unknown word
923,1,pct-34-the-pock-mark-cure-mrs-maggie-achenam,"pîhtokêwak êkwa matotisânihk, pimiy mîna ôma, masko-pimiy.","Then they entered the sweat-lodge, with that fat, that bear's-grease.",literal,literal,False,Literal description of entering the sweat-lodge with bear's grease.,[1] LB on kakêtihk : Unknown word
923,2,pct-34-the-pock-mark-cure-mrs-maggie-achenam,akwanahamwân omatotisâniwâw.,Their companions covered their sweatlodge for them.,literal,literal,False,Straightforward statement about companions covering the sweatlodge.,[1] LB on kakêtihk : Unknown word
923,3,pct-34-the-pock-mark-cure-mrs-maggie-achenam,"êkwa êkosi ê-sîkahasiniyêt kisêyiniw, ê-pôh-pôtâtât oskinîkiwa, piyis namôya ta-ihtakoniyiw ôma kâ-ocikisiyit.","Thereupon, when the old man poured the fat on the stone, and kept blowing on the youth, at last the pock-marks on his face began to disappear.",literal,literal,False,"Describes ritual actions (pouring fat, blowing) and the gradual disappearance of pock-marks without figurative comparison.",[1] LB on kakêtihk : Unknown word
923,4,pct-34-the-pock-mark-cure-mrs-maggie-achenam,"piyis ê-mêstinahk pimiy ôma, mîna kîhtwâm pîhtokatâwân.","When he had used up that fat, some more was handed in to them.",literal,literal,False,"Narrative of using up the fat and receiving more, no figurative language.",[1] LB on kakêtihk : Unknown word
923,5,pct-34-the-pock-mark-cure-mrs-maggie-achenam,"êwako ê-mêstinahk, âsay nama kêkway ihtakoniyiw ocikisiwin.","When he had used this up, his pock-marks were gone.",literal,literal,False,"States the completion of the process: pock-marks are gone, a literal outcome.",[1] LB on kakêtihk : Unknown word
923,6,pct-34-the-pock-mark-cure-mrs-maggie-achenam,"êkwa ê-pâskît, namôya kakêtihk ta-kahkâpêwiw oskinîkiw.","And when he opened the lodge, whole and without flaw in body was the youth.",literal,literal,True,"Bloomfield's footnote on 'kakêtihk' calls it an unknown word, but the sentence as a whole is a literal description of the youth's healed state; no figurative language is indicated.",[1] LB on kakêtihk : Unknown word
937,0,pct-35-a-woman-kills-a-great-serpent-coming-day,"otinêw asiniya ê-pakamahwât, ê-nipahât.",She took a stone and struck it so as to kill it.,literal,literal,False,Literal description of taking a stone and striking; neither the footnote nor the sentence indicates non-literal language.,[1] LB on êh-otihciyit :  Meaning unknown; probably error.
937,1,pct-35-a-woman-kills-a-great-serpent-coming-day,"êkosi mistik otinam, ê-itohtêt ê-pakamahwât; nipahêw, kâ-wâpamât tâwayihk oskahtikoyihk otêskana ê-kikamoyit, ê-pêyakoyit.",Then she took a stick and went up to it and beat it; she killed it; and then she saw that in the middle of its forehead it had a single horn.,literal,literal,False,Literal narrative of the killing and observation of the horn; no figurative expression present.,[1] LB on êh-otihciyit :  Meaning unknown; probably error.
937,2,pct-35-a-woman-kills-a-great-serpent-coming-day,"êkwa ê-otihciyit kinêpikwa, tâpiskôc sôniyâw ostikwân êsinâkwaniyik.",And the serpent's head looked like bright metal.,simile,simile,True,"The footnote concerns the unknown word 'êh-otihciyit' and does not describe figurative language, but the sentence directly contains an explicit comparison with 'tâpiskôc' ('like'), making it a simile.",[1] LB on êh-otihciyit :  Meaning unknown; probably error.
937,3,pct-35-a-woman-kills-a-great-serpent-coming-day,namôya wâpamêw tâni iyikohk ê-iskosiyit ôhi kinêpikwa kâ-nipahât.,She could not see how long this serpent was which she had killed.,literal,literal,False,Literal statement about not seeing the serpent's length; no figurative language.,[1] LB on êh-otihciyit :  Meaning unknown; probably error.
937,4,pct-35-a-woman-kills-a-great-serpent-coming-day,"mitoni ê-sôhkêyimot awa iskwêw, kâ-nipahât ôhi kinêpikwa.","Very brave was this woman, to have slain that serpent.",literal,literal,False,Literal appraisal of the woman's bravery; no metaphor or idiom.,[1] LB on êh-otihciyit :  Meaning unknown; probably error.
937,5,pct-35-a-woman-kills-a-great-serpent-coming-day,"êkosi sipwêhtêw, ê-âmaciwêt.","So she went from there, up the bank.",literal,literal,False,Plain description of leaving and going up the bank.,[1] LB on êh-otihciyit :  Meaning unknown; probably error.
937,6,pct-35-a-woman-kills-a-great-serpent-coming-day,êkota kâ-wâpahtahk ê-misâyik wâti.,There she saw a great cave.,literal,literal,False,Simple statement of seeing a cave; no figurative elements.,[1] LB on êh-otihciyit :  Meaning unknown; probably error.
960,0,pct-36-the-great-serpent-coming-day,"ômisi itwêw awa ostêsimâw: ""hahâw, nimosô, piyêsiw, 'kîspin kêkway sêkihikoyani, kisiwâk kika-osâpamitin,' kikî-itwân; êwako ohci nama kêkway kâ-ôh-kostamân,"" itwêw awa ostêsimâw.","Thus spoke the elder brother: “Now then, 0 my grandfather, Thunderer, 'If by anything you should be frightened, from close by I shall be looking at you,' you said; that is why I fear nothing,” said the elder brother.",literal,literal,False,"The footnote only expresses uncertainty about the word 'osâpamâtn' and does not indicate any figurative language; the sentence is direct speech with no idiom, metaphor, or simile.",[1] CHECK osâpamâtn - HCW unsure
984,0,pct-37-man-and-bear-coming-day,"""mâka pita wâskahikanihk ka-itohtânânaw, kika-atâwêyahk môsw-asiniya êkwa kaskitêw êkwa ayiwinisa, êkâ kita-isi-nôhtêpayiyahk kêkway, pêyak askiy ka-kakwê-ayâyahk,"" itêw.","“But first we shall go to the fort, to buy bullets and powder and clothes, so that we may not run short of anything, as we plan to stay a year,” he told him.",literal,literal,False,The footnote only suggests a spelling correction and does not describe figurative language; the sentence is a straightforward plan with no non-literal expressions.,[1] LB on ka-kakw-âyâyahk : Probably read ka-kakwê-ayâyahk .
1022,0,pct-37-man-and-bear-coming-day,"ê-pîkiskwêcik, ôki kâ-nipâcik, pêyak kâ-pêhtahk otôtêmiwâwa ê-pîkiskwêyit, kâ-têpwêt, ""niyanân!"" ê-itwêt.","When they spoke, one of those who were sleeping there, heard that it was their fellow-tribesmen speaking, and shouted, saying, “It is we!”",literal,literal,False,"The footnote is a grammatical note on pronoun usage, not indicating any figurative language; the sentence itself is a straightforward narrative without non-literal expressions.",[2] LB on :  Note the exclusive first person plural.
1030,0,pct-37-man-and-bear-coming-day,"""êkosi êcika ani kê-nipahit, maywês nipiwaki!"" itêyihtam.",“And so this creature will kill me if I do not die soon enough for him!” he thought.,literal,literal,False,"The footnote provides a literal translation and grammatical note, describing no figurative language; the sentence is a straightforward expression of thought without idiom, metaphor, or simile.","[3] LB:  Literally, “he will kill me before I die with relation to him.”  Intransitive verbs have a set of forms which related the action (without making transitive) to a third person; the English"
1092,0,pct-37-man-and-bear-coming-day,âstawinam ôma otiskotêm.,He extinguished his fire.,literal,literal,False,"Plain description of extinguishing a fire, no figurative language.",[4] LB on êh-kiti-kitâpamikot : -kiti- is probably my error.
1092,1,pct-37-man-and-bear-coming-day,"ê-kî-âstawinahk, kîtahtawê kâ-simaciyit ôho wâkayôsa, ê-itapiyit tahki êkotê, tâpiskôc kêkway ê-wâpahtamiyit; piyis pê-itohtêyiwa ita kâ-apit.","When he had put it out, presently the bear got up on its hind legs and kept looking over there, as if it saw something; at last it came to where he sat.",simile,simile,False,Contains the simile marker 'tâpiskôc' ('as if') in 'as if it saw something'.,[4] LB on êh-kiti-kitâpamikot : -kiti- is probably my error.
1092,2,pct-37-man-and-bear-coming-day,"tâpiskôc ê-wî-tapasiyit, itêyihtam, ê-kitâpamikot ôhi wâkayôsa.","It seemed to him as if it wanted to flee, the way the bear kept looking at him.",simile,simile,True,"The footnote notes a probable transcription error in 'ê-kitâpamikot', but the sentence still uses 'tâpiskôc' ('as if') to express a simile.",[4] LB on êh-kiti-kitâpamikot : -kiti- is probably my error.
1092,3,pct-37-man-and-bear-coming-day,"pasikôw, ê-ati-sipwêhtêt.",He got up and went from that place.,literal,literal,False,Literal action of getting up and leaving.,[4] LB on êh-kiti-kitâpamikot : -kiti- is probably my error.
1092,4,pct-37-man-and-bear-coming-day,"sêmâk ita ê-pasahcâyik, êkota ati-itohtêyiwa, mitoni ê-kisiskâhtêyit, tahki sisonê sakâhk ê-ati-itohtêyit.","At once the bear made for the gully, walking very fast, keeping always along the edge of the woods.",literal,literal,False,Literal description of the bear's movement along the woods.,[4] LB on êh-kiti-kitâpamikot : -kiti- is probably my error.
1092,5,pct-37-man-and-bear-coming-day,"piyis ê-otihtahk mistahi ê-sakâyik, êkota sêskisiyiwa.","At last, when it came to where the woods were dense, it went into the brush.",literal,literal,False,Literal statement of the bear entering dense brush.,[4] LB on êh-kiti-kitâpamikot : -kiti- is probably my error.
1092,6,pct-37-man-and-bear-coming-day,"wîsta sêskisiw; piyis ita ê-kaski-sakâyik, êkota kâ-nahapiyit.","He too went among the trees; finally, where the woods were densest, it sat down.",literal,literal,False,Literal account of the man entering the woods and the bear sitting down.,[4] LB on êh-kiti-kitâpamikot : -kiti- is probably my error.
1092,7,pct-37-man-and-bear-coming-day,wîsta êkota nahapiw.,"He sat down there, too.",literal,literal,False,Literal action of the man sitting down.,[4] LB on êh-kiti-kitâpamikot : -kiti- is probably my error.
1092,8,pct-37-man-and-bear-coming-day,kîtahtawê êkotê kâ-ohtohtêcik tahki âh-itâpiyiwa ôhi wâkayôsa.,Soon the bear began to look repeatedly in the direction whence they had come.,literal,literal,False,Literal description of the bear looking back.,[4] LB on êh-kiti-kitâpamikot : -kiti- is probably my error.
1092,9,pct-37-man-and-bear-coming-day,kîtahtawê kâ-pêhtahk ê-matwê-kâ-kîskosîwiht.,Presently he heard some people whistling.,literal,literal,False,Literal report of hearing whistling.,[4] LB on êh-kiti-kitâpamikot : -kiti- is probably my error.
1095,0,pct-37-man-and-bear-coming-day,êkwa mitoni êkwa miyw-âyâw.,By this time he was very well.,literal,literal,False,"States well-being plainly, no figurative language.",[5] LB on kihci-môhkomâna : No doubt Coming-Day meant to make him an American as a compliment to me; in the sequel he turns out to be a Frenchman.
1095,1,pct-37-man-and-bear-coming-day,"nistwâw ê-nipât, êkoyikohk kotak sîpiy otihtam.","After three nights, he reached another river.",literal,literal,False,Describes travel in literal terms.,[5] LB on kihci-môhkomâna : No doubt Coming-Day meant to make him an American as a compliment to me; in the sequel he turns out to be a Frenchman.
1095,2,pct-37-man-and-bear-coming-day,"êkosi kisiwâk êkwa êkota wâskahikan ê-ayâyik, wîstâwa êkota ê-ayâyit, kihci-môhkomâna, wîstâwa êkota ê-ayâyit, kihci-môhkomâna ê-owîstâwit, osîma ê-onâpêmiyit.","Now close by this place was a trading-post, where his brother-in-law lived, an American, for he had an American, his younger sister's husband, as his brother-in-law.",literal,literal,False,"Reference to 'kihci-môhkomâna' is a conventional label for an American, not figurative; the footnote discusses character identity, not non-literal language.",[5] LB on kihci-môhkomâna : No doubt Coming-Day meant to make him an American as a compliment to me; in the sequel he turns out to be a Frenchman.
1095,3,pct-37-man-and-bear-coming-day,"êwako ohci, ê-kiskêyihtahk êwako, ita kâ-ôh-itohtêt, kâ-ôh-isi-kîwêt.","For this reason, because he knew this, he had taken this way toward home.",literal,literal,False,Provides a literal explanation for the journey.,[5] LB on kihci-môhkomâna : No doubt Coming-Day meant to make him an American as a compliment to me; in the sequel he turns out to be a Frenchman.
1096,0,pct-37-man-and-bear-coming-day,âsay kî-pêhtamiyiwa ê-nipahihcik.,They had already heard that those people had been killed.,literal,literal,False,Straightforward statement with no figurative language.,"[6] LB on ê-wîh-pôsit : Word avoidance: mihtos “raft”, freely used in Text 36."
1096,1,pct-37-man-and-bear-coming-day,"""aspin apisîs pimâtisiw; 'mâskôc ta-nipiw,' ê-kî-itiht,"" itâcimostâmâwa owâhkômâkana.","“The last that was seen of him, he was scarcely alive; 'No doubt he will die,' was said of him,” was the story his relatives were told.",literal,literal,False,Quoted speech relaying a story; no figurative expression present.,"[6] LB on ê-wîh-pôsit : Word avoidance: mihtos “raft”, freely used in Text 36."
1096,2,pct-37-man-and-bear-coming-day,mîna ôhi osîma âsay kî-pêhtamiyiwa.,"His sister, too, had heard it.",literal,literal,False,Plain statement of fact.,"[6] LB on ê-wîh-pôsit : Word avoidance: mihtos “raft”, freely used in Text 36."
1096,3,pct-37-man-and-bear-coming-day,"êkwa osîhtâw ita ê-wî-pôsit, ôma sîpiy ê-wî-âsowahahk.","So now he made that on which to embark, so as to cross this river.",literal,literal,True,"The phrase 'ê-wî-pôsit' (on which to embark) is a word avoidance for 'mihtos' (raft) per the footnote; this is a cultural substitution, not a figurative expression.","[6] LB on ê-wîh-pôsit : Word avoidance: mihtos “raft”, freely used in Text 36."
1096,4,pct-37-man-and-bear-coming-day,"ê-kîsihtât, êkwa ê-pôsit, êkwa ê-pimiskât, ê-âpasâpit, êkoyikohk tawâyihk sîpîhk ê-ihtât, kâ-pê-pahkopêyit ôhi wâkayôsa.","When he had finished it, and embarked, and paddled across, as he looked back, just as he was in the middle of the stream, into the water went the bear.",literal,literal,False,Narrative sequence describing actions; no non-literal language.,"[6] LB on ê-wîh-pôsit : Word avoidance: mihtos “raft”, freely used in Text 36."
1096,5,pct-37-man-and-bear-coming-day,"ita ê-kapât, êkota cîki kapâyiwa.","Close by where he landed, it came ashore.",literal,literal,False,Literal description of the bear coming ashore.,"[6] LB on ê-wîh-pôsit : Word avoidance: mihtos “raft”, freely used in Text 36."
1096,6,pct-37-man-and-bear-coming-day,âsay mâka nama kêkway ayâw ta-mîcit.,By this time again he had nothing to eat.,literal,literal,False,Plain statement about lacking food.,"[6] LB on ê-wîh-pôsit : Word avoidance: mihtos “raft”, freely used in Text 36."
1096,7,pct-37-man-and-bear-coming-day,ayis ôhi wâkayôsa mâh-mistahi asamêw; êwako ohci kâ-ôh-kitâcik onîmâwiniwâwa.,For he had always given the bear much to eat; that was how they had used up their supplies.,literal,literal,False,Explains the cause of depleted supplies; no figurative language.,"[6] LB on ê-wîh-pôsit : Word avoidance: mihtos “raft”, freely used in Text 36."
1096,8,pct-37-man-and-bear-coming-day,êwako ôma kâ-kapâcik ê-ministikôwiyik.,That place where they came ashore was an island.,literal,literal,False,Straightforward identification of the landing place as an island.,"[6] LB on ê-wîh-pôsit : Word avoidance: mihtos “raft”, freely used in Text 36."
1096,9,pct-37-man-and-bear-coming-day,êkosi êkota tahkohcâyihk namôya wâhyaw kâ-ayâyit ôhi wîstâwa.,"And not far from there, at the top of the bank, was where his brother-in-law lived.",literal,literal,False,Factual statement about the brother-in-law's location.,"[6] LB on ê-wîh-pôsit : Word avoidance: mihtos “raft”, freely used in Text 36."
1096,10,pct-37-man-and-bear-coming-day,êkwa sakâhk êkota apiw mîna awa wâkayôs.,"He stayed there in the woods, with the bear.",literal,literal,False,Literal description of staying in the woods with the bear.,"[6] LB on ê-wîh-pôsit : Word avoidance: mihtos “raft”, freely used in Text 36."
1099,0,pct-37-man-and-bear-coming-day,"""hâ, nikwêmê, nisâkwêyimon!"" ""ôki wêmistikôsiw awa kâ-wî-otihtak kika-nipahik."" ""êkwa mîna nitôtêmak otihtakwâwi, kîskwêwak oskinîkiwak; kika-nipahikwak."" ""namôya nika-kî-kostikwak oskinîkiwak; kika-nipahikwak."" ""namôya kinôhtê-tako-wîcêtin,"" itêw.","“Oh, Brother, I cannot do that! These people, this Frenchman to whom I am going, will kill you. And when I reach my fellow-tribesmen, the young men are reckless; they will kill you. It is unlikely that I can bring the young men to respect my wishes; they will kill you. I do not want to have you with me when I arrive where the others are,” he told it.",literal,literal,True,"The footnote comments on the conduct of white men compared to reckless Indian adolescents, but it does not point to any figurative language in the Cree text. The text consists of literal statements and a refusal.","[7] LB: In such a matter, the conduct to be expected of a white man is on a level with that of the most reckless Indian adolescent."
1104,0,pct-37-man-and-bear-coming-day,"êkosi ati-pasikôw, ê-nakatât ôhi wâkayôsa, ê-âsowahahk ôma apisîs ê-nipîwisiyit; ministikohk ayisk kâ-nakatât.","Then he arose, and left the bear, and crossed the bit of water that lay between; for it was on an island that he left the bear.",literal,literal,True,The footnote notes a diminutive suffix on 'nipîwisiyit' but does not indicate figurative language; the sentence literally describes crossing a small body of water.,[9] CHECK -siyit as an inanimate diminutive suffix on 'have water'
1104,1,pct-37-man-and-bear-coming-day,"ê-kîsi-âmaciwêt, kisiwâk ayisk kâ-ayâyik ôma wâskahikan, êkota ê-itohtêt, cîki ê-ihtât, kâ-pê-wayawiyit ôhi wêmistikôsiwa.","When he had climbed the bank, he went to the house, for it was right by there. When he came near, that Frenchman came out.",literal,literal,False,The footnote does not apply; the sentence is a literal description of climbing a bank and approaching a house.,[9] CHECK -siyit as an inanimate diminutive suffix on 'have water'
1104,2,pct-37-man-and-bear-coming-day,"ê-wâpamikot, nîpawiyiwa, ê-kitâpamikot.","When he saw him, he stood still and looked at him.",literal,literal,False,The footnote does not apply; the sentence literally describes seeing someone and standing still.,[9] CHECK -siyit as an inanimate diminutive suffix on 'have water'
1104,3,pct-37-man-and-bear-coming-day,"piyisk cîki ê-ihtât, mitoni nisitawêyimik.","At last, when he had come closer, the other fully recognized him.",literal,literal,False,The footnote does not apply; the sentence literally describes coming closer and being recognized.,[9] CHECK -siyit as an inanimate diminutive suffix on 'have water'
1106,0,pct-37-man-and-bear-coming-day,"pâhpiw; ""kiwâpamin ôma; namôya ê-nipahikawiyân, kâ-wâpamiyan,"" ê-itikot.","He laughed; “You see me here; since you see me, it cannot be that I have been killed,” he told him.",literal,literal,False,"The footnote discusses a grammatical error (obviative mixing) and not any figurative language; the sentence contains no metaphor, simile, or idiom.",[10] LB on êh-itikot :  Obvious case of mixing up third person and obviative; narrator should have said êh-itât .
1110,0,pct-37-man-and-bear-coming-day,"êkosi ê-ati-paminawasoyit osîma, ta-miyo-mîcisot, ê-itêyimikot, êkwa wiya ê-âcimostawât wîstâwa ôhi iyikohk ê-kwatakihtât, ê-itêyihtahk.","Then his sister went on to cook, meaning that he should eat well, while he told his brother-in-law of his sufferings, as they seemed to him.",literal,literal,False,The sentence contains no figurative language; the footnote does not apply to this sentence.,"[11] LB on omatôwahk : Gesture to trousers; ordinarily one says nitâs : “my trousers”, mitâs : “trousers” etc.; but this primarily means the native legging-like breeches, aid in this passage a distinction between the two is desired."
1110,2,pct-37-man-and-bear-coming-day,"ê-kîsi-mîcisocik, sêmâk wâpowayân, papakiwayânasâkay, ospwâkana, ciscêmâsa, kocawâkanisa ê-miyikot wîstâwa, ""ômatôwahk namôya ka-kî-miyitin; namôya ka-miywêyimâw,"" ê-itikot; ""kisîm ta-kaskikwâtam ta-otâsiyan,"" itik.","When, they had eaten, at once his brother-in-law gave him a blanket, a shirt, a pipe, tobacco, and matches, and said to him, “These things here I cannot give you; you would not like them; your sister will sew something into leggings for you,” he told him.",literal,literal,True,"The footnote explains the literal use of 'ômatôwahk' to refer to the items, which is a conventional distinction rather than figurative language.","[11] LB on omatôwahk : Gesture to trousers; ordinarily one says nitâs : “my trousers”, mitâs : “trousers” etc.; but this primarily means the native legging-like breeches, aid in this passage a distinction between the two is desired."
1121,0,pct-37-man-and-bear-coming-day,"iyikohk mîna ê-tipiskâyik, ""ahâw, niwîkimâkan, mahti mistahi astâ êkwa mîciwin, kistês kâ-mîcit mâna."" ""mâskôc awa nânitaw ê-itâpacihtât, namôya êkoyikohk ta-kî-kitât, iyikohk mâna kâ-astêyiki.""","When night had come again, “Now my wife, place a great deal of food for your brother to eat. It must be that he uses it for something or other; he could not possibly eat up as much as is always at his place.”",literal,literal,True,"The footnote gives a literal translation of the quoted speech and does not indicate any figurative language; the sentence contains straightforward commands and speculation without metaphor, simile, or idiom.","[12] LB:  Literally, “Place in great amount the food which your brother always eats.”"
1123,0,pct-37-man-and-bear-coming-day,"tâpwê ê-wî-kawisimocik, mistiyâkanihk êkotowihk êkwa astâw mîciwina, êkota ê-nitawi-pakitinamwât ita mâna kâ-nipâyit ostêsa.","Accordingly, when they were about to go to bed, she put food into a huge dish and went and set it down for her brother where he always slept. ed, and then they all got up and went about their day's work.",literal,literal,False,The sentence narrates actions in a straightforward manner without figurative language; the footnote does not describe any figurative expression.,[13] CHECK heaviness of the reduplicant
1123,1,pct-37-man-and-bear-coming-day,"piyis mistahi ê-tipiskâyik, êkwa ê-kawisimocik, namôya wî-nipâw awa wêmistikôsiw, ê-kanawêyimât wîstâwa.","Then, when it was deep night, and they had gone to bed, that Frenchman did not go to sleep, but watched his brother-in-law. At last day broke.",literal,literal,False,The sentence describes time and actions literally; the footnote does not indicate figurative language.,[13] CHECK heaviness of the reduplicant
1123,2,pct-37-man-and-bear-coming-day,piyisk wâpaniyiw. kîtahtawê kâ-matwê-wayawiyit wîstâwa.,Presently he heard his brother-in-law go out of the house.,literal,literal,False,This is a plain description of an event; the footnote does not mention figurative language.,[13] CHECK heaviness of the reduplicant
1123,3,pct-37-man-and-bear-coming-day,"ê-tawinahk, wâpamonâpiskohk ohci kâ-wâpamât, ê-atimohtêyit, wiyâkan ê-tahkonamiyit, sîpîhk ê-itohtêyit, aspin ê-âkawêwêyit.","He opened the door, and with a mirror he saw him, as he went off holding the dish, and made for the river, disappearing round a bend. He kept on the lookout for him.",literal,literal,False,The sentence recounts a sequence of observed actions without metaphor or simile; the footnote does not relate to figurative usage.,[13] CHECK heaviness of the reduplicant
1123,4,pct-37-man-and-bear-coming-day,tahki asawâpamêw. nama mayaw pê-sâkêwêyiwa.,It was quite a while before he came back into view.,literal,literal,False,"A simple statement about waiting; no figurative language is present, and the footnote is silent on such.",[13] CHECK heaviness of the reduplicant
1123,5,pct-37-man-and-bear-coming-day,"iyikohk ê-pê-sâkêwêyit, pôti nama kêkway mîciwin pêtâyiwa, nayêstaw wiyâkan.","When he came into view, there, he was bringing no food at all, only the empty bowl.",literal,literal,False,"A concrete observation about what was brought; no non-literal phrasing, and the footnote does not suggest otherwise.",[13] CHECK heaviness of the reduplicant
1123,6,pct-37-man-and-bear-coming-day,"iyikohk ê-pîhtokêyit, êkoyikohk itohtêw, êkwa ê-kotawêt, êkwa ê-paminawasot, êkwa kahkiyaw waniskâwak, êkwa ê-âh-atoskêcik.","When the other came in, he went there and built the fire and cooked, and then they all got up and went about their day's work.",literal,literal,False,The sentence lists routine activities literally; the footnote does not apply to figurative interpretation.,[13] CHECK heaviness of the reduplicant
1128,0,pct-37-man-and-bear-coming-day,"ômisi itêw: ""êsa awa mâna mistahi kâ-asamat kistês; êsa awa mâna wâkayôsa ê-nitawi-asamât."" ""nikî-nitawi-otihtên ita mâna kâ-asamât; mâka namôya niwâpamâw wâkayôs,"" itêw; ""hâw, nawac êkwa mistahi astawâhkan wiyâkanihk, ta-kîspoyit wâkayôsa,"" itêw.","He said to her: “As to this great amount of food you have been giving your brother, it seems he has been going off to feed it to a bear. I have been down to the place where he feeds it; but I have not seen the bear,” he told her; “So now, do you put a great deal into the bowl, that the bear may stuff itself,” he told her.",literal,literal,True,"The footnote comments on the speaker's possible ill intent, not on any non-literal meaning, so the language is literal.",[14] LB:  Perhaps with ill intent toward the bear.
1144,0,pct-38-bad-owl-adam-sakewew,kîtahtawê wêmistikôsiwak mâhamwak êkota wîcihôwin.,"At the time of which I shall tell, the White Men were going down the river for the Hudson's Bay Company.",metaphor,metaphor,True,"The footnote notes that wêmistikôsiwak literally means 'Frenchman' but is used here for 'white man' in general, a non-literal extension of the term.","[1] LB on wêmistikôsiwak :  Really “Frenchman”, but the term is often used for “white man” in general; this is here the case, if my understanding of wîcihôwin as “Hudson's Bay Company” is correct.  I have tried to analyze the incidents in this story in _Atti del XXII Congresso degli Americanisti_ (Rome, 1928) II, 23 ff."
1144,1,pct-38-bad-owl-adam-sakewew,êkwa kayâs ê-mâhamoht oskinîkiw pêyak wîcihiwêw.,"And when thus, long ago, they went down stream, a certain young man joined the Indians who were going along.",literal,literal,False,No figurative language is present; the sentence describes a young man joining a group traveling downstream.,"[1] LB on wêmistikôsiwak :  Really “Frenchman”, but the term is often used for “white man” in general; this is here the case, if my understanding of wîcihôwin as “Hudson's Bay Company” is correct.  I have tried to analyze the incidents in this story in _Atti del XXII Congresso degli Americanisti_ (Rome, 1928) II, 23 ff."
1144,2,pct-38-bad-owl-adam-sakewew,"êwako ê-pê-kîwêyit owîcêwâkana, kisâtam mâmihk, ê-wîwit êkotê, ê-otinât iskwêwa.","Then, when his companions went home again, he stayed in the east, for he had taken a woman to wife there.",literal,literal,False,"The sentence narrates the man staying in the east after marrying, with no non-literal expressions.","[1] LB on wêmistikôsiwak :  Really “Frenchman”, but the term is often used for “white man” in general; this is here the case, if my understanding of wîcihôwin as “Hudson's Bay Company” is correct.  I have tried to analyze the incidents in this story in _Atti del XXII Congresso degli Americanisti_ (Rome, 1928) II, 23 ff."
1144,3,pct-38-bad-owl-adam-sakewew,"mwêhci ê-nisto-pipohk, êkoyikohk kâ-sipwêhtêt, ê-masinahikêt mac-ôhôw.",Three years later Bad-Owl hired himself out to the Whites and went away from there.,literal,literal,False,"The sentence states that Bad-Owl left after three years to work for the Whites; the name 'Bad-Owl' is a proper noun, not a figure of speech.","[1] LB on wêmistikôsiwak :  Really “Frenchman”, but the term is often used for “white man” in general; this is here the case, if my understanding of wîcihôwin as “Hudson's Bay Company” is correct.  I have tried to analyze the incidents in this story in _Atti del XXII Congresso degli Americanisti_ (Rome, 1928) II, 23 ff."
1144,4,pct-38-bad-owl-adam-sakewew,"nêtê ita ê-âywêpicik mâna, êkotê ê-askamâkocik omaskêkôwa pêyak.","Down yonder, at a place where they always stopped to rest, a certain Swampy Cree was awaiting their arrival.",literal,literal,False,"The sentence describes a Swampy Cree awaiting the travelers at a resting place, without figurative language.","[1] LB on wêmistikôsiwak :  Really “Frenchman”, but the term is often used for “white man” in general; this is here the case, if my understanding of wîcihôwin as “Hudson's Bay Company” is correct.  I have tried to analyze the incidents in this story in _Atti del XXII Congresso degli Americanisti_ (Rome, 1928) II, 23 ff."
1144,5,pct-38-bad-owl-adam-sakewew,"mitâtasiyiwa owîkimâkana awa kisêyiniw, omaskêkôw, ê-manitôwit.","That old man, that Mushkago, had ten wives, for he was of manitou nature.",literal,literal,False,The statement that the old man had many wives because he was of manitou nature is a literal description within the story's worldview.,"[1] LB on wêmistikôsiwak :  Really “Frenchman”, but the term is often used for “white man” in general; this is here the case, if my understanding of wîcihôwin as “Hudson's Bay Company” is correct.  I have tried to analyze the incidents in this story in _Atti del XXII Congresso degli Americanisti_ (Rome, 1928) II, 23 ff."
1144,6,pct-38-bad-owl-adam-sakewew,"kostik sakâw-iyinîsa, osâm ê-manitôwit, mêyosiyici iskwêwa, sôskwâc ê-otinât.","The Bush People feared him because he was of manitou nature: whenever there was a pretty woman, at once he would take her for himself.",literal,literal,False,The sentence explains why he was feared and his actions toward women; no figurative language is evident.,"[1] LB on wêmistikôsiwak :  Really “Frenchman”, but the term is often used for “white man” in general; this is here the case, if my understanding of wîcihôwin as “Hudson's Bay Company” is correct.  I have tried to analyze the incidents in this story in _Atti del XXII Congresso degli Americanisti_ (Rome, 1928) II, 23 ff."
1144,7,pct-38-bad-owl-adam-sakewew,"êkâ tiyâpwêhtâkoci, sêmâk nipahêw.","If people resisted him, at once he would kill them.",literal,literal,False,This is a plain statement that killing immediately followed resistance.,"[1] LB on wêmistikôsiwak :  Really “Frenchman”, but the term is often used for “white man” in general; this is here the case, if my understanding of wîcihôwin as “Hudson's Bay Company” is correct.  I have tried to analyze the incidents in this story in _Atti del XXII Congresso degli Americanisti_ (Rome, 1928) II, 23 ff."
1144,8,pct-38-bad-owl-adam-sakewew,piyisk êkota ohci kostâw.,"In time thus, he came to be feared.",literal,literal,False,"The sentence concludes that he came to be feared, with no figurative elements.","[1] LB on wêmistikôsiwak :  Really “Frenchman”, but the term is often used for “white man” in general; this is here the case, if my understanding of wîcihôwin as “Hudson's Bay Company” is correct.  I have tried to analyze the incidents in this story in _Atti del XXII Congresso degli Americanisti_ (Rome, 1928) II, 23 ff."
1154,0,pct-38-bad-owl-adam-sakewew,"""nîsta iskwêw kikî-nihtâwikihik!"" ""piko wâh-tôtaman kâ-tôtaman!"" itêw.",“You too were born of a woman! It seems that you do anything that comes into your head!” he said to the other.,literal,literal,True,"Bloomfield's footnote suggests a possible slip of the tongue or error of record, not a figurative use; the translation follows the recorded text literally.","[2] The translation follows the text; probably however, the last word is a slip of the tongue or an error of record for ka-tôtên , giving the meaning: “You will do whatever you want,” i.e., “I shall have to take the consequences of interfering with you; I cannot do other than I am doing.”"
1161,0,pct-38-bad-owl-adam-sakewew,"êkwa ômisi itwêw: ""haw, sipwêhtêk!"" ""konita awa tômaskatihkway ka-kostâwâw,"" itwêw.","So he said, “Now, go away from here! Like fools you will be fearing this greasy old scab,” he said.",simile,simile,False,"The footnote discusses the cultural interpretation of the white man's words as bravado, not figurative language. The sentence contains the explicit comparison 'Like fools', which is a simile.","[3] LB:  The white man's words are no doubt correctly quoted; but the Indians take them for mere bravado, and assume that the white man shares their fear of the old sorceror.  Else, why does he give him presents?"
1185,0,pct-38-bad-owl-adam-sakewew,êkoyikohk kâ-kiskisopayit awa mac-ôhôw opawâkana.,Only then did Bad-Owl remember his dream guardian.,literal,literal,False,The sentence is a straightforward narrative statement with no figurative language; the footnote describes a different context not relevant to this sentence.,[4] A pair of moose is the Bony Spectre's characteristic gift.
1254,1,pct-39-a-bony-spectre-abducts-a-woman-adam-sakewew,piyisk misiwê wâpatonisk astêw.,Then he put the white clay all over his body.,literal,literal,False,The footnote discusses kinship terms and does not describe any figurative usage; the sentence is a plain statement of action.,"[1] LB:  “Their son”: father's brother and mother's sister use the terms, “my son” and “my daughter” more often than the specific nikosim , nitôsim ; the distinction between these is unknown to me; Lacombe's statement (Dict. 669f.) is confused."
1254,2,pct-39-a-bony-spectre-abducts-a-woman-adam-sakewew,"âta ê-âhkosiyit okosisiwâwa, otinêw, ê-wayawîhtahât awa oskinîkiw.","Although their son was ill, the youth took him up, and carried him out of the tent.",literal,literal,False,The footnote does not apply; this is a straightforward narrative of taking up an ill son.,"[1] LB:  “Their son”: father's brother and mother's sister use the terms, “my son” and “my daughter” more often than the specific nikosim , nitôsim ; the distinction between these is unknown to me; Lacombe's statement (Dict. 669f.) is confused."
1254,3,pct-39-a-bony-spectre-abducts-a-woman-adam-sakewew,"ê-pîhtokahât ôhi awâsisa, miyw-âyâyiwa.","When he brought the child in again, he was well.",literal,literal,False,The footnote is irrelevant; the sentence literally describes the child being brought back and being well.,"[1] LB:  “Their son”: father's brother and mother's sister use the terms, “my son” and “my daughter” more often than the specific nikosim , nitôsim ; the distinction between these is unknown to me; Lacombe's statement (Dict. 669f.) is confused."
1255,0,pct-39-a-bony-spectre-abducts-a-woman-adam-sakewew,êkosi kîtahtawê wîwiw; tâpiskôc wîwiwak ostêsa.,"Then, in the course of time, he took a wife; he took his wife from the same family as had his elder brother.",simile,simile,True,"Bloomfield's footnote gives a literal translation 'they had wives in the same way' and notes the text's interpretation is a surmise, pointing to figurative language; the Cree uses the simile marker 'tâpiskôc' ('like'), making this a simile.","[2] LB:  Literally, “they had wives in the same way”; the interpretation in the text is a surmise."
1279,0,pct-39-a-bony-spectre-abducts-a-woman-adam-sakewew,"""hây, nitawâsimisak kî-nîpawîstâtowak."" ""âta nôton, 'êkâ wiya êkotôwahk iyinito-ayisiyiniw ohtin iskwêw,' nikî-itâw awa nikosis; ""manitôwiwak iyini-ayisiyiniw,"" nikî-itâw mâna, wiyîhtamawaki kêkway, âhci piko kâ-tôtahk, kâ-katâc ê-onâpêmiyit kâ-maskahtwêt awa nikakêpâtisîm, êkâ ê-tâpwêhtawit."" ""- nikosis, êkosi awa ê-tâpwêt, awa kikosâk kâ-isi-wîhtamâsk."" ""kapê-tipisk ka-nikamohitinân, tânisi ta-tôtaman."" ""kiyâm niya kitimâkihtawin."" ""mistahi nisâkihtânân nipâskisikaninâna."" ""êwako awa ostêsimâw kiciwâm ninahihtâk;"" ""tânisi ê-itak tôtam, awa kikosâk ê-kakêpâtisit, kâ-nitawi-kimotamâsk kiwîkimâkana."" ""êkosi anihi ê-tâpwêt, ôma kâ-itisk.""","“Alas, my children have stood facing each other! Although often, 'Do not take a woman of the common, mortal men,' I said to my son; 'Of manitou nature are real men,' though I told him more than once, when I instructed him, yet none the less he did so, robbing, as if none other would serve, one who had a husband, this stubborn fool of mine, who does not heed my words. - My son, even thus he speaks true, this thy fellow-husband, in what he has told thee. All night we will teach thee songs and how to do. Pray, hear me with pity. We greatly prize our guns. This one here, your kinsman now, obeys my word; as I tell him, he does, while he, your fellow-husband is foolish and stubborn, and thus has gone and stolen your wife from you. But in this he spoke true which he told you.”",idiom,idiom,True,"Footnote [3] indicates that 'kî-nîpawîstâtowak' has a literal meaning of 'they have stood in relation to each other, by each other' but an unknown actual meaning, suggesting it is a conventional non-literal expression (idiom).","[3] LB:  Literally, “they have stood in relation to each other, by each other”, but the actual meaning is unknown to me.
[4] LB on nôton :  Unknown word.
[6] LB on kiciwâm :  Thus it appears that niciwâm : “my brother (man speaking(” has, among its many uses that of “my fellow-husband's brother.”"
1282,0,pct-39-a-bony-spectre-abducts-a-woman-adam-sakewew,"""pêyakotipiskwa piko ôta nika-ayânân; wâpahki nika-kîwânân awa kistim.""",“One night only we shall stay here; tomorrow your daughter-in-law here and I shall go home.”,literal,literal,False,"The footnote explains the morphological division of 'pêyakotipiskwa', not figurative language; the sentence is straightforwardly literal.","[7] LB on pêyakotipiskwa :  Not to be divided by hyphen; -tipiskwa (particle) and -tipiskwê- (verb) are the non-initial (suffixal) forms corresponding to tipisk and tipiskwâw .  Similarly, kîsikâw : “it is day” has the odd non-initial verb-forming suffix -kîsihkwê- ."
1296,0,pct-39-a-bony-spectre-abducts-a-woman-adam-sakewew,êkosi osîhtâwân têsipicikan.,Accordingly a scaffold was built for him.,literal,literal,False,"The sentence describes the construction of a scaffold in plain, non-figurative language; the footnote does not concern this sentence.","[8] LB on kâ-matwêwêyit :  If correctly recorded, an animate form, my impression is, however, that -wêwê- : “noise” forms only inanimate verbs; if so, we should read matwêwêyik ."
1296,1,pct-39-a-bony-spectre-abducts-a-woman-adam-sakewew,"êkwa ê-tipiskâyik, êkotê itohtahâw awa iskwêw kâ-âhkosit.","Then, at nightfall, the sick woman was taken there.",literal,literal,False,"This is a straightforward statement about taking the sick woman at nightfall, with no figurative elements; the footnote is not relevant here.","[8] LB on kâ-matwêwêyit :  If correctly recorded, an animate form, my impression is, however, that -wêwê- : “noise” forms only inanimate verbs; if so, we should read matwêwêyik ."
1296,2,pct-39-a-bony-spectre-abducts-a-woman-adam-sakewew,"ê-kîwêcik, namwâc cêskwa otihtam awa wîkiwâw, awa oskinîkiw, awa mîna ostêsimâw, âsay ita wîtimwa kâ-akociniyit, êkota âsay kâ-matwêwêyik, ê-sâkowêwiht.","When they went back home, that youth with his elder brother had not yet reached their dwelling-place, when already, from where the latter's sister-in-law lay high on the scaffold, there came the report of a gun, and they heard shouting.",literal,literal,True,The sentence narrates events literally; the footnote comments on a possible grammatical mis-recording of 'kâ-matwêwêyit' but does not indicate any figurative language.,"[8] LB on kâ-matwêwêyit :  If correctly recorded, an animate form, my impression is, however, that -wêwê- : “noise” forms only inanimate verbs; if so, we should read matwêwêyik ."
1321,0,pct-40-crooked-moccasin-and-the-bony-spectre-adam-sakewew,"""hâw, kotokwaskisin, nîswâw kêtisk ayîsiyinîwiwin kôtahon ôta ohci."" ""âsay niyânanwâw kêtisk ayîsiyiniwak pê-ayâwak ôta askîhk."" ""êkosi nîswâw kâ-itwêyân."" ""awa nakatamani askiy, kotak âniskê kita-ayisiyinîwiw."" ""êwako nipahikêhkâci: kotak mîna êkota ohci kita-ayisiyinîwiw.""","“There, Crooked-Moccasin, twice a full span of human life you have here won from me. Already five times the full span have mortal men so far stayed on this earth. Thus it is that I say twice. When you in your present person leave the earth, another will take up mortal life where you leave off. When he dies of old age, still another will from that point on live a human life.”",literal,literal,True,"The footnote discusses the particle 'kêtisk' and notes uncertainty in translation, but does not describe any figurative language; the passage describes lifespans in literal terms.","[1] LB on kêtisk :  On the meaning of this particle (given by Lacombe as “juste ce qu'il faut”) hinges the whole passage.  It is not made clearer by the explanation at the end of the text.  In both places, my translation is guess-work."
1323,0,pct-40-crooked-moccasin-and-the-bony-spectre-adam-sakewew,"""ôma mîna pêyak ê-otahoyan, miyêtawêyini kita-âpacihtâyan."" ""namôya wiya ayîsiyiniw ka-kakwê-kitimahâw, têpiyâhk êkâ kêkway ta-mêskoskaman, kînikâw ohtiskawinamâski ana kê-wîci-mêtawêmat."" ""êkwa ôma nipâskisikan."" ""awa kêtiskâwi-kêtiski-ayisiyinîwit, âpihtaw âpihtâwi-ayisiyinîwici êwako awa, kiyi-otihtikoyêk wêmistikôsiw."" ""êwako awa kita-wâpamêw ta-mihcêtiyit wêmistikôsiwa."" ""êkospî ôma kika-âpacihtân.""","“Here is another thing which you have won from me, to use when you engage in contests. You will not, indeed, try to destroy people, but, only so that you need fear nothing, if he draw a sharp weapon against you, with whom you are playing. And here is my gun. When he who lives the full span of mortal life is halfway through his human course, then the Frenchman will come to where you are. He will see the Frenchmen grow many. At that time you will use this thing.”",literal,literal,False,"The sentence is a straightforward statement about an object to be used in contests, with no figurative language.",[2] LB on ta-mêskoskaman :  Another word I do not know; perhaps wrongly recorded.  I translate as though it read ta-kostaman : “that thou fear it.”
1325,0,pct-40-crooked-moccasin-and-the-bony-spectre-adam-sakewew,"""nanâtohk kita-isi-mêtawêw; êkota kîsta kika-âpacihtân."" ""êkwa kîwêyani, ôta ohci ka-kîwân."" ""kâ-wîkiyan âstamita kâ-sakâk, kotak âscam-itahîs apisîs sakâsin."" ""êkota kika-ohtinên kita-asamiyan."" ""êkota ayâwak môswak; êyakonik kimiyitin."" ""osâm mistahi kikitimâkisin; kikitimâkisinâwâw kâ-ayisiyinîwiyêk."" ""pimiy asamîhkan,"" itik ôhi pâkahkosa; ""hâ, ôma ita kîwêhtatâ nipâskisikan; ayisk k-ôtahon.""","“He will play all kinds of games; that is where you too will use it. Now, when you go home, go directly home from here. In the wood that is this side of where you dwell, a bit to this side is a small clump of trees. From there you will get that with which to feed me. In that place are moose; I give them to you. You are too pitiable; you all are too pitiable who are mortal men. Give me an offering of fat,” the Bony Spectre told him; “And yes, take home this gun of mine; for you have won it from me.”",literal,literal,False,Literal instruction about playing games and using something; no figurative language.,[3] LB on sakâsin :  Probably for sakâsiw .
1342,0,pct-40-crooked-moccasin-and-the-bony-spectre-adam-sakewew,êwako âcimowin kayâs.,This is an ancient tale.,literal,literal,False,"The sentence states plainly that the tale is ancient; no figurative language is present, and the footnote provides no relevant information.",[4] 
1342,1,pct-40-crooked-moccasin-and-the-bony-spectre-adam-sakewew,êwako kisêyiniw nipahikêhkâw.,This old man died of age.,literal,literal,False,"The sentence literally reports the old man's death of old age; no metaphor or idiom is involved, and the footnote says nothing about it.",[4] 
1342,2,pct-40-crooked-moccasin-and-the-bony-spectre-adam-sakewew,"êkota, ôma niya, kisêyinîwici ayîsiyiniw, êwako pêyak kêtisk ayisiyiniw; kotak ta-nihtâwikiw.","Here, when even as I, a man grows old, that is one full span of life; another will be born.",literal,literal,False,"The description of a full span of life and the birth of another is straightforward, with no indication of figurative language; the footnote offers no commentary.",[4] 
1342,3,pct-40-crooked-moccasin-and-the-bony-spectre-adam-sakewew,êkoyikohk isko kêtisk ayisiyiniwiwin; nama êskwa ihtâw êwako.,So long is a full span of life; not yet does he exist.,literal,literal,False,The statement about the length of a full span of life is literal; the footnote is void and does not suggest any non-literal reading.,[4] 
1342,4,pct-40-crooked-moccasin-and-the-bony-spectre-adam-sakewew,kêyâpic kinwêsk kitayân askiy; kêyâpic nama mayaw ta-pêkopayiw.,Still for a long time the earth will be; not yet for a while will it go to pieces.,literal,literal,False,"Although 'go to pieces' could be read idiomatically in English, the Cree is taken literally as the earth physically breaking apart; no figurative language is indicated, and the footnote is silent.",[4] 
1354,1,pct-41-the-youth-who-was-a-bony-spectre-coming-day,"nika-kakwêcihkêmon pita,"" itwêyiwa; ""ê, kikitimâkêyimitin mâka, nikosis, piko ta-atâwêyân,"" itêw.","Let me first inquire,” said his father; “But I love and cherish you, my son, and there is nothing for me to do but buy her,” he told him.",literal,literal,True,"Bloomfield's footnote on t-âtâwêyân discusses the semantic range of atâwêw ('trades') and expresses uncertainty about the translation 'buy her', but it does not indicate any figurative language; the sentence is a literal statement of the father's intention to trade/buy.","[1] LB on t-âtâwêyân : The word is atâwêw : “he trades (especially furs against White Man's products)”; I do not know whether it can bear the meaning I have given in the translation, or how else it may fit here."
1358,0,pct-41-the-youth-who-was-a-bony-spectre-coming-day,"ê-pîhtokêyit, ômisi itêw, ê-kîsi-mîcisocik: ""hâw, nitôtêm, kâ-ôh-natomitân, pêyak oskinîkiskwêw ê-akâwâtamâtân."" ""nisto êtokê kitayâwâwak oskinîkiskwêwak,"" itêw; ""niyanân wiya ôtê paskwâhk kâ-ayâwâyâhk,- êkoyikohk miyo-atimêw mostoswa, iyikohk ê-ispisît,- êwako kimiyitin, miyiyini kitânis."" ""namôya niya ê-wî-wîcêwak, nikosis ê-wî-wîcêwât."" ""namôya apiw; kî-wayawîw."" ""mâka ê-nôhtê-wîcêwât, 'mahti kakwêcim,' kâ-ôh-isit,"" itêw.","When the latter came to the tent, he spoke thus to him, after they had eaten: “Now, Fellow-Tribesman, the reason I have invited you is because I want one of the young women. It appears that you have three young women,” he said to him; “That creature which we have here in the Plains Country, - then does he well pursue the buffalo, when he has his growth, - such a one I give you, if you give me your daughter. It is not I that wish to consort with her, but my son wishes to consort with her. He is not here; he has gone out. But, wishing to be married to her, 'Do ask him,' he has said to me,” he told him.",idiom,idiom,True,"Bloomfield's footnote describes a circumlocution for 'horse', which is a conventional non-literal expression indicating an idiom.","[2] LB on êwako :  He makes a circumlocution, instead of using the word “horse.”  This may be the same word-avoidance as that which I met; the old man is talking, if not to a foreigner, at least to a member of a different branch of the Cree tribe, of a markedly different dialect."
1359,0,pct-41-the-youth-who-was-a-bony-spectre-coming-day,"""yahô, nitôtêm, niya ani wiya nika-miywêyihtên, paskwâw-iyiniw tita-otêmiyân."" ""tâpwê mâka niyanân itê kâ-otaskiyâhk ma-manêpayiwak misatimwak,"" itêw; ""namôya anohc nânitaw ka-kî-ititin, nitôtêm."" ""wiya tipêyimêw otawâsimisa ninôtokwêm; wiya kî-âyimihik ê-wî-ohpikihât,"" itêw; ""mahti kiyi-itêyihtahk; nika-wîhtamawâw,"" itêw.","“Hoho, Fellow-Tribesman, as for me, I shall be glad to have an animal like the Plains Cree. Truly there where we others dwell, there is a lack of horses,” he told him; “I cannot at this time tell you anything, Fellow-Tribesman. It is my wife who has decision over her children; it is to her they gave trouble when she labored to bring them up,” he told him; “Let us see what she thinks; I shall tell her of this,” he told him.",literal,literal,True,"The footnote discusses a possible error in the word 'tita-otêmiyân' and suggests it should mean 'to have a Plains Cree in my family'; this is a literal statement, not figurative language.","[3] LB on tit-ôtêmiyân :  The word here is otêmiw : “he has a horse, dog, or other familiar animal”.  Probably the form in the text is an error of speech or record for tit-otôtêmiyân , from otôtêmiw : “he has a kinsman,” and the sentence should be translated, “to have a Plains Cree in my family.” Cf. the next note."
1362,0,pct-41-the-youth-who-was-a-bony-spectre-coming-day,"""nâh, êkosi mâna mâka kê-mêkiyahk!"" ""wiyâyêpac wiya otôtêmiyahk!"" itwêw awa nôtokêsiw.","“Goodness, do let us give her, then! We ought to be glad to have him in our family!” said the old woman.",literal,literal,True,"The footnote comments on 'otôtêmiyahk' as a possible error for 'otêmiyahk' or 'tit-ôtêmiyahk', meaning 'to have such an animal', which is a literal expression; no figurative language is indicated.","[4] LB on otôtêmiyahk :  Perhaps the reverse of the preceding error, for otêmiyahk or tit-ôtêmiyahk : “to have such an animal”."
1386,0,pct-41-the-youth-who-was-a-bony-spectre-coming-day,"êkosi êkwa êkota ayâwak, iyikohk ê-mâwacîhitocik, ê-mihcêtisicik, nanâtohk ê-âh-isi-wîhkohtocik, mîna ê-nîmihitocik.","So there they stayed, when the band had assembled in great number, inviting one another to all manner of feasts, and dancing religious dances.",literal,literal,False,"The footnote [5] concerns a textual variant of a word, not figurative language. The sentence describes actions literally.",[5] CHECK wîhkayimik - ? cîhkêyimik  PROBABLY
1386,1,pct-41-the-youth-who-was-a-bony-spectre-coming-day,"wiya oskinîkiw kîtahtawê pêyak cîhkêyimik oskinîkiwa, pisisik ê-kiyokâkot.",In time a certain other young man became fond of this youth and constantly visited him.,literal,literal,False,The footnote does not indicate figurative language; the sentence is a straightforward statement about a young man's behavior.,[5] CHECK wîhkayimik - ? cîhkêyimik  PROBABLY
1386,2,pct-41-the-youth-who-was-a-bony-spectre-coming-day,"mâka ôhi wîtimwa tahki mawinêhok, ê-pakêsêcik.",His sisters-in-law kept bothering him to play the cup-game with them.,literal,literal,False,No figurative language is noted; the sentence literally reports the sisters-in-law's bothering.,[5] CHECK wîhkayimik - ? cîhkêyimik  PROBABLY
1386,3,pct-41-the-youth-who-was-a-bony-spectre-coming-day,ayis namôya mâcîwak: ôma ê-otami-wa-wîhkohtowiht.,"For they did no hunting, but were busy with feasting one another.",literal,literal,False,The clause is a plain explanation: they did not hunt but feasted. No figurative expression.,[5] CHECK wîhkayimik - ? cîhkêyimik  PROBABLY
1386,4,pct-41-the-youth-who-was-a-bony-spectre-coming-day,"piyisk awa oskinîkiw kâ-ôh-kâ-ka-kiyokêt, êwako mîna kiskêyihtam ê-mêtawêt, piyisk ê-wîhtamawât kotaka oskinîkiwa ê-ayât awa paskwâw-iyiniw pakêsêwiyâkan.","After a time that young man who kept visiting them had, he too, learned the game, and in time told the other young men that the Plains Cree had a bowl for the cup-game.",literal,literal,False,"Although the footnote is attached to this sentence, it only questions a word form (cîhkêyimik), not figurative usage. The content is literal.",[5] CHECK wîhkayimik - ? cîhkêyimik  PROBABLY
1386,5,pct-41-the-youth-who-was-a-bony-spectre-coming-day,"kîtahtawê mâna pîhtokêyiwa oskinîkiwa, ê-wî-kiskinawâpahtamiyit ôma omêtawêwin, ê-kiskinôhamawât; piyisk kiskêyihtamiyiwa; piyis mâna nitomâw êkotê ê-mêtawêcik, ê-kiskinôhamawât oskinîkiwa; piyisk kâ-kapê-kîsik mêtawêw, nêtê kâ-kîsi-miywêyihtahk pisisik kâ-kî-mêtawêt.","Presently some young man would always be coming into the tipi, to learn that game of his by looking on, and he would teach it to him; in time the other would learn it; in time he would be invited to come where they were playing and teach it to the young men; presently he was playing all day and every day, with the same addiction that had kept him always a-playing in his home off yonder.",literal,literal,False,The description of learning and teaching the game is literal; 'addiction' translates a Cree term for pleasure/enjoyment without non-literal meaning.,[5] CHECK wîhkayimik - ? cîhkêyimik  PROBABLY
1386,6,pct-41-the-youth-who-was-a-bony-spectre-coming-day,"êkosi êkwa tôtam, pisisik ê-mêtawêt.","That was what he did, he played all the time.",literal,literal,False,The closing summary is a literal statement of his constant playing.,[5] CHECK wîhkayimik - ? cîhkêyimik  PROBABLY
1390,0,pct-41-the-youth-who-was-a-bony-spectre-coming-day,"""piciwân êkwa wîkiwâw paskwâw-iyiniw,"" itâw.","“The Plains Cree's people are moving their camp,” he was told.",literal,literal,True,"The footnote only flags 'piciwânan' as weird, without indicating any figurative meaning; the sentence is a literal statement about moving camp.",[6] CHECK piciwânan WEIRD
1391,0,pct-41-the-youth-who-was-a-bony-spectre-coming-day,"""êhêhêy haha"" itwêyiwa ôhi sakâw-iyiniwa; ""nitôtêm, âyimisiw ana; namôya ani okisêwâtisiwiniw."" ""kîspin kêkway kâ-kisiwâhikot, âyimisiw."" ""namôya kisêwâtotam kîkwaya."" ""âsay ani ê-kisiwâhat, êkâ kâ-ôh-pê-wîhtamâkawiyan ê-wî-picit."" ""sôskwâc, kîspin kêkway kikiskêyihtên, kakwê-âhkamêyimo."" ""manitôwiw ani!"" itik ôhi nâpêwa.","“Dear me!” said that Bush Cree; “Fellow-Tribesman, he is a dangerous person; he has no kindliness at all. If anything angers him, he is dangerous. He has no kindliness toward anything. You have already incurred his displeasure: that is why you were not sent the message that he is about to break camp. Without delay, if you have any knowledge beyond the common, try to gather your energies. He is a manitou person, I tell you!” that man said to him.",literal,literal,False,The footnote only discusses a textual variant reading; the sentence contains no explicit figurative language and is interpreted literally.,[7] LB on oh-pih-wîhtamâkawiyin :  Probably read k-ôh-pêh-
1402,0,pct-41-the-youth-who-was-a-bony-spectre-coming-day,"""êhâ, êkosi ana kê-nipahit kôhtâwiy!","“Oh, if that is so, then your father will kill me!",literal,literal,False,The sentence is a plain statement expressing a condition with no figurative language; the footnote discusses a later phrase and does not apply here.,"[8] LB on namoya :  The normal combination is nama kêkway : “nothing”; here the more general negative namoya is used, probably because kêkway kiskêyihtam : “he knows something” has here the specialized sense of “he has mystic knowledge.”"
1402,1,pct-41-the-youth-who-was-a-bony-spectre-coming-day,"namôya kêkway nikiskêyihtên,"" itêw.","I have no mystic knowledge,” he told her.",idiom,idiom,True,"The footnote explains that 'kêkway kiskêyihtam' has a specialized non-literal sense 'he has mystic knowledge', making it a conventional idiom.","[8] LB on namoya :  The normal combination is nama kêkway : “nothing”; here the more general negative namoya is used, probably because kêkway kiskêyihtam : “he knows something” has here the specialized sense of “he has mystic knowledge.”"
1428,0,pct-41-the-youth-who-was-a-bony-spectre-coming-day,"êkosi kiyipa mîna âsay kâ-pê-matwêwêyik, ê-pê-sâkowêyit.","Then quickly again came the report of a shot, as that person came a-whooping.",literal,literal,False,The footnote only says 'CHECK - add verb HCW' and does not describe figurative language. The sentence describes a shot report and whooping literally.,[9] CHECK - add verb HCW
1428,1,pct-41-the-youth-who-was-a-bony-spectre-coming-day,"mâka yôtiniyiw; ôta ê-takohtêyit, iskotêw kwâskwêyâstitâyiwa, mistahi ê-yôtinipayihtâyit.","But a wind blew; as that one arrived, he blew the flame into a leaping flare, striking it as with a gust of wind.",literal,literal,False,"The footnote does not mention figurative language. The Cree describes the wind and blowing literally; the English 'as with a gust of wind' is a translator's addition, not an explicit simile in the source.",[9] CHECK - add verb HCW
1428,2,pct-41-the-youth-who-was-a-bony-spectre-coming-day,"êyiwêhk ê-itâpit, akâmiskotêw mihti ê-astêyik, êkota kî-apiyiwa ayîsiyiniwa, mitoni ê-kawâhkatosoyit, wîstêpahkwaya ê-wiyâhtamiyit.","When the youth at last looked, across the fire, where lay a log of firewood, there sat a man, very lean and clad in bits of smoky leather.",literal,literal,False,Footnote not about figurative language. The sentence is a literal description of a man sitting by the fire.,[9] CHECK - add verb HCW
1428,3,pct-41-the-youth-who-was-a-bony-spectre-coming-day,"ê-kitâpamât, wîsta nama pakisâpamik.","As he looked upon him, the other did not move his eyes from him.",literal,literal,False,Footnote not about figurative language. The sentence literally describes mutual looking.,[9] CHECK - add verb HCW
1432,0,pct-41-the-youth-who-was-a-bony-spectre-coming-day,"""êhê êy, ha ha, nôsisê!","“Alas, alas, my grandchild!",literal,literal,False,"The footnote comments on 'âhcih', not present in this sentence; the exclamation contains no figurative language.","[10] LB on âhcih : âhcih : “from one place to another; continuing, in spite”; probably read ohci : “thence, therefore, by means of that.”"
1432,1,pct-41-the-youth-who-was-a-bony-spectre-coming-day,"âta ani nîsta nikî-kitimâkêyimâw, tâpwê ana ê-kitimâkêyihtâkosit, mâka pêyak kêkway nikî-mihtawamâw, ôma kâ-tôtâsk âhci."" ""namôya kika-nipin; âta wiya, 'ninipin,' kitêyihtên."" ""mâka kika-papâ-wa-wîcêtin."" ""pimiya kika-omîciwininânaw, êkotôwahk anihi ê-omîciwiniyân,"" itik; êkwa, ""hâ, nôsisê, kakwê-waniskâ!","The fact is, to be sure, that I have blessed him, for truly he was in a piteous state, but one thing I regret having given him, that with which he is doing this to you. You will not die; even though, 'I shall die,' is your thought. But you will go about with me.",literal,literal,False,"The footnote glosses 'âhcih' as 'from one place to another; continuing, in spite' but identifies no figurative language; the sentence is literal speech with no metaphor, simile, or idiom.","[10] LB on âhcih : âhcih : “from one place to another; continuing, in spite”; probably read ohci : “thence, therefore, by means of that.”"
1440,0,pct-41-the-youth-who-was-a-bony-spectre-coming-day,"êkwa nâha kisêyiniw miywêyihtam, ""ê-nipahâhkatosot ninahâhkisîm,"" ê-itêyihtahk. êkwa awa oskinîkiskwêw namôya mâna wî-mîcisôw, ê-ati-asamiht; piyis mâna tâpwêhtawêw ôhtâwiya, ê-kâ-kakwê-sîhkimikot.","Then that old man off yonder rejoiced, thinking, “My son-in-law has starved to death.” And that young woman was always unwilling to eat, when she was given food; but in the end she always obeyed her father, who kept urging her.",literal,literal,True,"The footnote only notes a likely typo in 'tâpwêhtawêw'; no figurative language is described. The sentence is literal (rejoicing, obedience, urging).",[11] tâpwêhtawêw probably typo
1440,1,pct-41-the-youth-who-was-a-bony-spectre-coming-day,"mistahi kwatakihtâw, pisisik ê-mâtot, ê-sâkihât onâpêma, tahki ê-sîhkimiht, kwayask ta-mîcisot, mâka mayaw ohpimê kâ-itohtêt, âsay ê-mâtot.","She was very unhappy, weeping all the time, for love of her husband, as she was being constantly urged to eat well; but as soon as she could go off alone, already she was in tears.",literal,literal,False,"No footnote applies; the sentence conveys literal emotional states and actions (unhappy, weeping, love, urged, alone, tears).",[11] tâpwêhtawêw probably typo
1462,1,pct-41-the-youth-who-was-a-bony-spectre-coming-day,"otakohpiwâwa pimiwitâwak, ayis ê-wî-katikonicik.","They took their blankets with them, for they were going to stay out all night.",literal,literal,False,"Straightforward action described plainly without metaphor, simile, or idiom.",[12] LB on kâ-pêh-sâkôwêwiht :  Probably read kâ-pêh-sâkôwêyit : “the other came a-whooping.”
1462,2,pct-41-the-youth-who-was-a-bony-spectre-coming-day,"êkwa kîtahtawê ê-pa-pimohtêcik, mâtâhêwak wâwâskêsiwa.","Presently, as they walked along, they came upon the track of an elk.",literal,literal,False,Literal description of finding animal tracks; no figurative language.,[12] LB on kâ-pêh-sâkôwêwiht :  Probably read kâ-pêh-sâkôwêyit : “the other came a-whooping.”
1462,3,pct-41-the-youth-who-was-a-bony-spectre-coming-day,êwakoni ma-mitihtêwak.,They followed its trail.,literal,literal,False,Plainly states they followed the trail; non-figurative.,[12] LB on kâ-pêh-sâkôwêwiht :  Probably read kâ-pêh-sâkôwêyit : “the other came a-whooping.”
1462,4,pct-41-the-youth-who-was-a-bony-spectre-coming-day,"iyikohk ê-otâkosik, êkoyikohk wâpamêwak.",Toward evening they came in sight of it.,literal,literal,False,Literal temporal and visual detail; 'came in sight of it' is ordinary language.,[12] LB on kâ-pêh-sâkôwêwiht :  Probably read kâ-pêh-sâkôwêyit : “the other came a-whooping.”
1462,6,pct-41-the-youth-who-was-a-bony-spectre-coming-day,"êkwa êkota pânahikêwak, ê-wî-kotawêcik, ""wâpahki itâp ka-kîwânânaw,"" ê-itwêcik ôki oskinîkiwak.","Right where they were, they cleared away the snow, to make a fire for “Tomorrow we shall go home,” said those youths.",literal,literal,False,"Describes actions of clearing snow and making a fire, with no figurative element.",[12] LB on kâ-pêh-sâkôwêwiht :  Probably read kâ-pêh-sâkôwêyit : “the other came a-whooping.”
1462,7,pct-41-the-youth-who-was-a-bony-spectre-coming-day,"tâpwê ê-kî-kotawêcik, ê-nawacîcik, êkosi ati-ta-tipiskâyiw.","When then they had built their fire and were making their roasts, night came on.",literal,literal,False,Narrative of fire-building and nightfall; straightforward and literal.,[12] LB on kâ-pêh-sâkôwêwiht :  Probably read kâ-pêh-sâkôwêyit : “the other came a-whooping.”
1462,8,pct-41-the-youth-who-was-a-bony-spectre-coming-day,"êkwa mistahi nikohtêwak, êkâ ta-kawacicik, ê-itêyihtahkik.","Then they prepared a great amount of firewood, so as not to suffer from the cold.",literal,literal,False,Literal account of gathering firewood to avoid cold; no non-literal expression.,[12] LB on kâ-pêh-sâkôwêwiht :  Probably read kâ-pêh-sâkôwêyit : “the other came a-whooping.”
1462,10,pct-41-the-youth-who-was-a-bony-spectre-coming-day,piyisk pa-pimisinwak; namôya ê-wî-nipâcik.,In due time they lay down; but they did not mean to sleep.,literal,literal,False,"Describes lying down without intent to sleep; plain, non-figurative.",[12] LB on kâ-pêh-sâkôwêwiht :  Probably read kâ-pêh-sâkôwêyit : “the other came a-whooping.”
1462,11,pct-41-the-youth-who-was-a-bony-spectre-coming-day,"kîtahtawê kêkway kâ-pêhtahkik ê-pê-matwêwêyik, kâ-pê-sâkôwêwiht.",Presently they heard the report of a gun and someone coming a-whooping.,literal,literal,True,The footnote concerns a textual variant of 'kâ-pê-sâkôwêwiht' but does not indicate figurative language; 'a-whooping' is a literal description of a sound.,[12] LB on kâ-pêh-sâkôwêwiht :  Probably read kâ-pêh-sâkôwêyit : “the other came a-whooping.”
1465,1,pct-41-the-youth-who-was-a-bony-spectre-coming-day,"pita ta-mâsihkêw!"" ""pisisik mâna kâ-âcimihcik êkosi ê-wî-tôtahkik, ôma kâ-wî-tôtâsk!"" itêw osîma.","Let us give him a fight! That which they are said always to be wanting to do, he is now about to do to you!” he told his brother.",literal,literal,False,The footnote discusses 'bony spectres' which is not present; the sentence is a literal call to fight and a statement about expected actions.,"[13] LB:  I do not know what the bony spectres do, beyond wrestling."
1485,0,pct-41-the-youth-who-was-a-bony-spectre-coming-day,"""hâh, nisîm, êkâya pakitinâtân!"" ""iyây-ihkinokwê, awa pâkahkos kâ-kanawêyihtahk kîscâsinawa opakêsêwiyâkan!"" itêwak.","“Come, Brother, let us not lose hold of him! What strange thing may it be, that this bony spectre is possessed of our cousin's gaming-bowl!” they said of it.",literal,literal,False,"Bloomfield's footnote discusses the grammatical form of 'iyây' and makes no mention of figurative language; the sentence is a straightforward statement without idiom, metaphor, or simile.",[14] CHECK iyây (IC of heavy reduplication?) YUP and (VII) dubitative.
1515,0,pct-41-the-youth-who-was-a-bony-spectre-coming-day,tâpwê nitawi-sîhkimêw ôhtâwiya.,So he went to make the request of his father.,literal,literal,False,"The sentence is plain literal description of an action. The footnote discusses a morphological variant in sentence 3, not figurative language, so it does not apply here.","[15] LB on oscâsiwâwa :  The normal form is wîstsâsiwâwa , but cf., a few lines below, ostâsah for wîstâsah ; perhaps a neologism."
1515,1,pct-41-the-youth-who-was-a-bony-spectre-coming-day,tâpwê pakâhtâw maskihkiya awa kisêyiniw.,"Accordingly, the old man set the medicines to boil.",literal,literal,False,The sentence literally describes the old man boiling medicines. The footnote does not mention this sentence or any figurative language.,"[15] LB on oscâsiwâwa :  The normal form is wîstsâsiwâwa , but cf., a few lines below, ostâsah for wîstâsah ; perhaps a neologism."
1515,2,pct-41-the-youth-who-was-a-bony-spectre-coming-day,"ê-kîsihtât, êwako ôma ohci mîna ê-minahâcik wîscâsiwâwa, êkosi tâpwê pimâtisiyiwa.","When he had finished this, again, they gave to their cousin to drink, and now truly he lived.",literal,literal,False,The sentence literally states that they gave the cousin a drink and he lived. The footnote notes a variant form of 'wîscâsiwâwa' but does not describe any figurative language.,"[15] LB on oscâsiwâwa :  The normal form is wîstsâsiwâwa , but cf., a few lines below, ostâsah for wîstâsah ; perhaps a neologism."
1515,3,pct-41-the-youth-who-was-a-bony-spectre-coming-day,"êkwa asamêwak, êkwa wîstawâw ê-mîcisocik.","Then they gave him food, and they, too, ate.",literal,literal,False,"The sentence literally describes giving food and eating. No figurative expression is present, and the footnote is not concerned with this sentence.","[15] LB on oscâsiwâwa :  The normal form is wîstsâsiwâwa , but cf., a few lines below, ostâsah for wîstâsah ; perhaps a neologism."
1546,0,pct-41-the-youth-who-was-a-bony-spectre-coming-day,"""nîscâs, niwâpamânân nitawêmânân."" ""kêyâpic namôya nânapâcihow."" ""tâpwê êsa kikî-mihtâtik."" ""mayaw ê-nisitawêyimikoyâhk sêmâk pahpahkikawâpiw,"" itêw.","“Cousin, we have seen our kinswoman. Even now she wears no finery. It seems that truly she has been grieving for you. As soon as she recognized us, she shed tears,” he told him.",literal,literal,True,The footnote discusses the kinship term 'nitawêmânân' but does not suggest figurative language; the statement is literal.,"[16] LB on ntawêmânân : nitawêmâw : “my sister (man speaking); my brother (woman speaking)” is widely used between persons of the opposite sex; whether the use here, in the sense of “my cross-cousin's wife (man speaking)” is specialized or not, I cannot say."
1599,0,pct-42-gaspard-louis-moosomin,âsay mîna namôya mîcisôw ê-âpihtâ-kîsikâyik.,At noon again he did not eat.,literal,literal,False,"The footnote is about punctuation, not figurative language, and the sentence is a plain literal statement.",[1] No period in book.
1599,1,pct-42-gaspard-louis-moosomin,piyisk ê-tipiskâyik namôya mîcisôw.,"Then, in the evening, he did not eat.",literal,literal,False,"The footnote is about punctuation, not figurative language, and the sentence is a plain literal statement.",[1] No period in book.
1599,2,pct-42-gaspard-louis-moosomin,"êkwa mistahi pakwâtam awa iskwêw ê-wâpaniyik mîna ê-asamât, namôya wî-mîcisoyiwa.","The woman greatly disliked this. In the morning, when again she gave him food, he would not eat.",literal,literal,False,"The footnote is about punctuation, not figurative language, and the sentence is a plain literal statement.",[1] No period in book.
1599,3,pct-42-gaspard-louis-moosomin,"piyisk mîna tipiskâyiw, êkâ ê-wî-mîcisot.","Night came, and still he would not eat.",literal,literal,False,"The footnote is about punctuation, not figurative language, and the sentence is a plain literal statement.",[1] No period in book.
1620,0,pct-42-gaspard-louis-moosomin,tâpwê awa iskwêw wêpinêw atimwa.,So the woman turned the dogs loose.,literal,literal,False,"The sentence describes a literal action of turning dogs loose, with no figurative language. Bloomfield's footnote does not apply to this sentence.",[2] LB on nayêw :  The last word is almost certainly an error; probably read nayômêw : “he carried her on his back”; the sentence is somewhat tangled.
1620,1,pct-42-gaspard-louis-moosomin,êkwa wîtimwa nayômêw êkwa ocawâsimisa.,Then he took his sister-in-law and the children on his back.,literal,literal,True,"Bloomfield's footnote [2] corrects 'nayêw' to 'nayômêw' meaning 'carried on his back', a literal action. The note addresses a textual error, not figurative language, so the sentence remains literal.",[2] LB on nayêw :  The last word is almost certainly an error; probably read nayômêw : “he carried her on his back”; the sentence is somewhat tangled.
1620,2,pct-42-gaspard-louis-moosomin,pêyak awa iskwêw nayômêw; êkwa awa nâpêw tahkonêw wîtimwa mîna nayômêw.,"The woman took one on her back; the man took hold of his sister-in-law, and bore her on his back.",literal,literal,False,Both clauses describe literal actions: taking on one's back and taking hold of someone. No figurative language is present.,[2] LB on nayêw :  The last word is almost certainly an error; probably read nayômêw : “he carried her on his back”; the sentence is somewhat tangled.
1620,5,pct-42-gaspard-louis-moosomin,êkwa kâ-pêtisâpamâcik miskwamîhk ê-pê-pmohtêyit ôhi iskwêwa.,And then they saw that woman come walking toward them over the ice.,literal,literal,False,The sentence depicts a literal observation of a woman walking on ice. It contains no figurative expressions.,[2] LB on nayêw :  The last word is almost certainly an error; probably read nayômêw : “he carried her on his back”; the sentence is somewhat tangled.
1635,0,pct-42-gaspard-louis-moosomin,"""kipê-nitomitin, nicâhkos!"" itêw êsa awa kâ-nitawi-nipahât.","“I have come to invite you, my gossip,” he who had come to kill her said to her.",literal,literal,True,"The footnote explains that 'nicâhkos' literally means 'my sister-in-law' used between women, with no figurative extension; the term is used literally in a deceptive context.","[3] LB on nicâhkos :  he addresses her as “my sister-in-law”, with a word used by woman to woman.  He throws off the disguise a few lines below, when he addressed his real sister-in-law as nîtim , a word used only between persons of opposite sex."
1650,0,pct-42-gaspard-louis-moosomin,"""tâpwê kikitimahin, nîtim, êkâ wîkimiyin,"" itwêw êsa awa iskwêw; ""'tâpwê êtokê ê-kitimâkêyimât ôhi otawâsimisa?' kititêyimitih!"" itêw êsa wîtimwa.","“Truly, you cause me sorrow, Brother-in-Law, by not marrying me,” said that woman; “'I wonder if he really loves the children!' I have been thinking of you!” she said to her brother-in-law.",idiom,idiom,True,"The footnote explains that 'otawâsimisah' literally means 'his children' but is conventionally used for 'his brother's children', a fixed non-literal expression.","[4] LB on otawâsimisah :  Literally, “his children”, instead of “his brother's children”; so usually of straight nephews and nieces, rather than the specific terms, nikosim and nicôsim ."
1659,0,pct-42-gaspard-louis-moosomin,"nêwiwak êsa, mistahi ê-manitôwicik.","They were four, who had great manitou power.",literal,literal,False,Literal statement about the number of people and their spiritual power; no figurative language.,"[5] LB on ê-wîh-kosâpahtahkik :  This is the Ojibwa tcîsâhkân , Menomini tsî?sâhkyan , cf. Skinner, _Anthropological Papers of the American Museum of Natural History_, XIII, 192."
1659,1,pct-42-gaspard-louis-moosomin,"tâpwê mâci-osîhtâwak êsa, ê-wî-kosâpahtahkik, ê-wî-kakwê-nipahâcik.","And so they set about building that which they would use for the medium's work, meaning to try to kill him.",literal,literal,True,Footnote provides cognate forms for 'ê-wî-kosâpahtahkik' but does not indicate figurative usage; sentence is literal description of building the medium's tent.,"[5] LB on ê-wîh-kosâpahtahkik :  This is the Ojibwa tcîsâhkân , Menomini tsî?sâhkyan , cf. Skinner, _Anthropological Papers of the American Museum of Natural History_, XIII, 192."
1659,2,pct-42-gaspard-louis-moosomin,"tâpwê âta ê-pê-nitomiht, opawâkaniyiwa ê-nitomikot, namôya tâpwêhtam.","Truly, though he was summoned from his home, though their dream spirit summoned him, he gave no heed.",literal,literal,False,Literal description of summons and disregard; no figurative language.,"[5] LB on ê-wîh-kosâpahtahkik :  This is the Ojibwa tcîsâhkân , Menomini tsî?sâhkyan , cf. Skinner, _Anthropological Papers of the American Museum of Natural History_, XIII, 192."
1659,3,pct-42-gaspard-louis-moosomin,"nêwo-tipiskâw tahto-tipiskâw ê-kosâpahtahkik ôki maci-ayîsiyiniwak, namôya kî-itohtêyiwa.","For four nights every night those evil men used the medium's tent, but he did not go there.",literal,literal,True,Contains 'ê-kosâpahtahkik'; footnote is on the same root but does not describe figurative language; sentence is literal about using the tent.,"[5] LB on ê-wîh-kosâpahtahkik :  This is the Ojibwa tcîsâhkân , Menomini tsî?sâhkyan , cf. Skinner, _Anthropological Papers of the American Museum of Natural History_, XIII, 192."
1677,0,pct-42-gaspard-louis-moosomin,"""nika-wîcêwâwak,"" itwêw êsa kaspwân; ""anohc ôma kâ-pipohk, êkwa kâ-wî-takohtêt wîhtikôw,"" itwêw êsa; ""âta wiya namôya nikêhcinâhon ta-kî-nipahak."" ""nawac piko nikostâw,"" itwêw êsa kaspwâl.","“I shall go with them,” said Gaspard; “This winter is when the Windigo will come,” he said; “To be sure, I am not certain that I shall be able to kill him. Rather, in fact, I fear him,” said Gaspard.",literal,literal,False,The footnote comments only on the pronunciation of 'kaspwâl' and does not indicate any figurative language; the passage is a literal statement of intent and belief.,"[6] LB on kaspwâl :  Plainly so pronounced: l exists in neighboring dialects, while r is quite impossible.  But I cannot accout for the w in the Cree form."
1679,0,pct-42-gaspard-louis-moosomin,"ômisi êsa itêw: ""anohc êkwa kâ-wî-tipiskâk wîhtikôw kâ-wî-takosihk."" ""kîstanaw nitawâpitân,"" itêw êsa wîwa.","He said to her, “In this very night that is now at hand, is when the Windigo will arrive. Let us too be on the lookout,” he told his wife.",literal,literal,True,"The sentence reports speech and a straightforward suggestion to be on the lookout; there is no metaphor, simile, or idiom apparent. The footnote checks a word form but indicates no figurative meaning.",[7] CHECK ntawâpahtân.  HCW: probably best
1689,0,pct-42-gaspard-louis-moosomin,"""tânisi êtokê ka-kî-isi-nipahânaw?"" ""ômisi kakwê-isi-nipahâtân,"" itwêwak êsa ôki oskinîkiwak; ""'mahti wâh-wîhtamâtotân kêkway kita-isi-kî-ohci-nipahikawiyahk,' kika-itânaw,"" itwêwak êsa oskinîkiwak.","“How do you suppose we shall be able to kill him? Let us try to kill him in this way,” said those young men; “'Let us tell one another by what means each of us can be killed,' we will say to him,” said the young men.",literal,literal,False,The sentence is a direct report of speech with no figurative language; its meaning is literal. The footnote does not mention any figurative expression.,[8] CHECK kiy-si...
1726,0,pct-43-the-birth-of-wisahketchahk-coming-day,"""kinâpêm-mihko!"" itêw awa owîkimâkana.",“Your husband's blood!” he said to his wife.,literal,literal,True,"The footnote explains the morphological formation as a nonce-compound, but does not describe any non-literal meaning; without evidence of figurative usage, the phrase is taken literally.","[1] LB on kinâpêm-mihkoh :  “Your husbands blood” would be kinâpêmak omihkowâw ; what we have here is a nonce-formation on the model of the normal type kinêpiko-mihkoh : “snake-blood”, in which the first member is a species of animal."
1727,0,pct-43-the-birth-of-wisahketchahk-coming-day,"""nâ, mâkw awa nika-kakwâhyakihikoh!"" itwêw awa iskwêw, ê-ati-wayawît, ê-itohtêt ôhi mistikwa.","“Heavens, but he has frightened me!” cried the woman, as she left the tent and went to that tree.",literal,literal,False,"The footnote discusses a phonological/grammatical contraction (mâkw âwa for mâkah awa), not figurative language; the sentence contains a routine exclamation.","[2] LB on mâkw âwa :  For mâk âwa, mâkah awa ; so often, on the model of êwakw âwa, êwakoh awah and similar combinations, where the first word ends in -o ."
1734,0,pct-43-the-birth-of-wisahketchahk-coming-day,"""hâw, niwîkimâkan, kikî-sâkihtân; ka-osôkanin!"" ""pimitisa kinâpêminaw, nisôkan!""","“There, my husband, you were fond of them; you shall have buttocks! Go follow our husband, 0 my buttocks!”",literal,literal,False,The footnote provides a cultural note about the constellation but does not describe any figurative language.,"[3] The father turns into the constellation called okînânis .  As to the buttocks, the Menomini have a constellation awêhseh osîkan : “Bear's Rump”."
1747,0,pct-43-the-birth-of-wisahketchahk-coming-day,"""cahcak, pêsiw nitawâsimisak;"" ""nikaskêyihtên ê-wî-nôhâwasoyân.""","Crane, bring me my children; I am sad with longing to suckle my child.”",literal,literal,True,"Bloomfield's footnote comments on 'cahcak' as a personal name derived from 'crane', but this is a linguistic note on word formation, not figurative language; the sentence is a literal request.","[4] LB on câhcak :  For câhcakiw : “crane”; she makes a personal name of it by dropping the final -iw , cf. e.g., cîhcîkwâyôw : “Gnawed-Tail” (as a man's name), for cîhcîkwâyôwêw : “he is gnawed at the tail.”"
1756,0,pct-43-the-birth-of-wisahketchahk-coming-day,"ômisi itwêw awa cahcakiw; ""hâw, cêskwa nîkân ôtê ayîsiyiniw kita-ohpikiw;"" ""'namêw' kika-isiyihkâtikwak,"" itêw ôhi tihtipistikwâna.","Thus spoke the crane: “There, off in yon future time man will come into being; 'Sturgeon,' they will call you,” it said to that Rolling Head.",literal,literal,True,The footnote clarifies that 'Rolling Head' refers to a constellation but does not describe figurative language; the sentence is a literal speech act and naming.,[5] LB:  But the same informat tells me that Wisahketchak's mother is now the constellation called cihcipistikwân : “Rolling-Skull.”
1757,0,pct-43-the-birth-of-wisahketchahk-coming-day,"êkwa tâpwê mistahi mâtôw awa wîsahkêcâhk osîmisa, ê-wâpamât okâwiya ê-pakastawêhomiht.","Then truly Wisahketchahk's little brother wept much, when he saw his mother thrown into the water.",literal,literal,False,"The footnote discusses syntactic awkwardness of obviative marking, not figurative language; the sentence is a straightforward narrative description.","[6] LB on osîmisah :  This construction, joining a non-obviative pronominal particle ( awa ) to an obviative noun, and using non-obviative verbs with the combination is usual in Menomini, but decidedly awkward in Cree."
1765,0,pct-43-the-birth-of-wisahketchahk-coming-day,"êkosi ê-wî-nâtât, otapoyiwa êkota ê-ati-mitimêyâhtawêt wîsahkêcâhk, kâ-pôsiwêpahokot ôhi kisêyiniwa.","When, accordingly, Wisahketchahk came to fetch it, and was climbing out by holding on to the paddle, the old man threw him down into the canoe.",literal,literal,True,The footnote only checks the word 'otapoyiwa' and does not indicate any figurative language; the sentence describes physical actions literally.,[7] CHECK otapoyiwa (?otapôyiwa) HCW:  contract
1765,1,pct-43-the-birth-of-wisahketchahk-coming-day,"êkosi ê-ati-sipwêhtêyit, ê-nakatâcik osîmisa.","Then he started off, so that they left Wisahketchahk's little brother behind.",literal,literal,False,"The sentence states that he started off and they left the brother behind, with no figurative expression.",[7] CHECK otapoyiwa (?otapôyiwa) HCW:  contract
1765,2,pct-43-the-birth-of-wisahketchahk-coming-day,êkwa tâpwê mistahi mâtoyiwa.,The child wept bitterly.,literal,literal,False,"The adverb 'mistahi' (greatly) modifies 'wept' in a straightforward, non-idiomatic way.",[7] CHECK otapoyiwa (?otapôyiwa) HCW:  contract
1775,1,pct-44-adventures-of-wisahketchahk-mrs-maggie-achenam,"pa-pimisin, êkwa wiyâsa ê-pimastât, ê-wî-mîcisot.","He lay there, having placed the pieces of meat along the ground, intending to eat.",literal,literal,False,The footnote only says 'CHECK ayi' and does not indicate any figurative language; the sentence is a plain description of lying down and placing meat.,[1] CHECK ayi
1775,2,pct-44-adventures-of-wisahketchahk-mrs-maggie-achenam,"êkwa ayih oskana cîkaham, pimiy ê-osîhtât; wîhkwâhk asiwatâw.","And the bones he broke, to make fat; he put it into the bladder.",literal,literal,False,The footnote only says 'CHECK ayi' and does not indicate any figurative language; the sentence literally describes breaking bones and making fat.,[1] CHECK ayi
1775,3,pct-44-adventures-of-wisahketchahk-mrs-maggie-achenam,êkwa itohtêw sîpîhk.,Then he went to the river.,literal,literal,False,The footnote only says 'CHECK ayi' and does not apply here; the sentence is a literal statement about going to the river.,[1] CHECK ayi
1775,4,pct-44-adventures-of-wisahketchahk-mrs-maggie-achenam,wâpamêw ayi wacaskwa.,He saw some muskrats.,literal,literal,False,The footnote only says 'CHECK ayi' and does not indicate figurative language; the sentence simply states he saw muskrats.,[1] CHECK ayi
1779,0,pct-44-adventures-of-wisahketchahk-mrs-maggie-achenam,êkwa wîsahkêcâhk askamawêw sakâhk.,Then Wisahketchahk watched it from the brush.,literal,literal,False,Literal description of Wisahketchahk watching from the brush; no figurative language detected.,[2] CHECK ayi
1779,1,pct-44-adventures-of-wisahketchahk-mrs-maggie-achenam,"sîpîhk sisonê ê-kwêskosimât, sêkimêw wacaskwa.",From the bank of the stream he whistled at the muskrat and frightened it.,literal,literal,False,Literal actions of whistling and frightening; no figurative language.,[2] CHECK ayi
1779,2,pct-44-adventures-of-wisahketchahk-mrs-maggie-achenam,tapasîw wacask; koskopayihtâw ôma pimiy; êkwa sîpîhk pimâhotêw.,The muskrat fled; it spilled the fat; the fat floated on the water.,literal,literal,False,"Literal account of the muskrat fleeing, spilling fat, and the fat floating; no figurative language.",[2] CHECK ayi
1779,3,pct-44-adventures-of-wisahketchahk-mrs-maggie-achenam,"êkwa wîsahkêcâhk pimipahtâw sîpiy ôma ayi ê-sâ-sôpahtahk pimiy, sîpîhk.",Then Wisahketchahk ran and lapped up the fat from the river.,literal,literal,True,"Bloomfield's footnote '[2] CHECK ayi' pertains to a lexical item in this sentence; the sentence is otherwise literal, describing running and lapping up fat.",[2] CHECK ayi
1779,4,pct-44-adventures-of-wisahketchahk-mrs-maggie-achenam,êkwa wîsahkêcâhk kisiwâsiw.,Angry was Wisahketchahk.,literal,literal,False,Literal statement of anger; no figurative language.,[2] CHECK ayi
1800,0,pct-44-adventures-of-wisahketchahk-mrs-maggie-achenam,kêtahtawê akwâyâhokôw.,In time the water carried him to the bank.,literal,literal,False,"The footnote only suggests a possible verb form for sentence 3, and this sentence is plain literal.",[3] possible êh-nitonikêt.
1800,1,pct-44-adventures-of-wisahketchahk-mrs-maggie-achenam,pa-pimisin sisonê nipîhk.,He lay there by the water's edge.,literal,literal,False,"The footnote only suggests a possible verb form for sentence 3, and this sentence is plain literal.",[3] possible êh-nitonikêt.
1800,2,pct-44-adventures-of-wisahketchahk-mrs-maggie-achenam,êkwa waniskâw; ocahpihcisa nitonawêw.,hen he got up; he looked for his tobacco-pouch.,literal,literal,True,"The footnote suggests 'possible êh-nitonikêt' as a variant, but describes no figurative language; the sentence is literal.",[3] possible êh-nitonikêt.
1800,3,pct-44-adventures-of-wisahketchahk-mrs-maggie-achenam,nama kêkway miskawêw.,He could not find it at all.,literal,literal,False,"The footnote only suggests a possible verb form for sentence 3, and this sentence is plain literal.",[3] possible êh-nitonikêt.
1800,4,pct-44-adventures-of-wisahketchahk-mrs-maggie-achenam,"kêtahtawê ê-itâpit, nipîhk akohciniyiwa.","Then once, as he looked that way, it lay there in the water.",literal,literal,False,"The footnote only suggests a possible verb form for sentence 3, and this sentence is plain literal.",[3] possible êh-nitonikêt.
1800,8,pct-44-adventures-of-wisahketchahk-mrs-maggie-achenam,"asiskiy mâna kâskipitam, ê-nitôkâwinikêt.",He merely clawed up mud whenever he made a grasp.,literal,literal,False,"The footnote only suggests a possible verb form for sentence 3, and this sentence is plain literal.",[3] possible êh-nitonikêt.
1800,9,pct-44-adventures-of-wisahketchahk-mrs-maggie-achenam,kapê-kîsik ayâw êkota sîpîsisihk.,All day he was there in the brook.,literal,literal,False,"The footnote only suggests a possible verb form for sentence 3, and this sentence is plain literal.",[3] possible êh-nitonikêt.
1800,12,pct-44-adventures-of-wisahketchahk-mrs-maggie-achenam,"kisiwâsiw, ocahpihcisa ê-wanihât.",He was angry at having lost his tobacco-pouch.,literal,literal,False,"The footnote only suggests a possible verb form for sentence 3, and this sentence is plain literal.",[3] possible êh-nitonikêt.
1800,13,pct-44-adventures-of-wisahketchahk-mrs-maggie-achenam,kêtahtawê itâpiw; ispimihk wâpamêw ê-akociniyit.,Then at one time he looked that way; he saw it hanging up aloft.,literal,literal,False,"The footnote only suggests a possible verb form for sentence 3, and this sentence is plain literal.",[3] possible êh-nitonikêt.
1839,0,pct-44-adventures-of-wisahketchahk-mrs-maggie-achenam,"êkwa ê-âstawîyik, nama kêkway mahkêsîs.","But when the fire subsided, there was no fox.",literal,literal,True,"The footnote explains the grammatical usage of 'nama kîkway' with an animate noun, which is a literal statement about the absence of the fox, not figurative language.","[4] LB:  Not “bad grammar” or simplification for my benefit:  the Sweet Grass people regularly use nama kîkway with animates, as, nama kîkway ayôskanak : “There aren't any (more) raspberries.”"
1841,1,pct-44-adventures-of-wisahketchahk-mrs-maggie-achenam,"kêtahtawê ê-pa-pimohtêt, pêhtam ê-matwê-pâh-pâhpihk.","Then once, as he walked along, he heard loud and repeated laughter.",literal,literal,False,The sentence describes hearing laughter literally; no figurative language is present.,"[5] CHECK -yihk.  Obviative impersonal??  HCW: ??
[6] LB on picikîskisîsah :  Bird not identified."
1841,2,pct-44-adventures-of-wisahketchahk-mrs-maggie-achenam,kwêski itohtêw sakâhk: nama kêkway.,He went into the brush at either side: nothing.,literal,literal,False,The sentence describes searching the brush literally; no figurative language is present.,"[5] CHECK -yihk.  Obviative impersonal??  HCW: ??
[6] LB on picikîskisîsah :  Bird not identified."
1841,3,pct-44-adventures-of-wisahketchahk-mrs-maggie-achenam,"âsay mîna sipwêhtêw; kêtahtawê kâ-wâpamât picikîskisîsa ê-yâyakonamiyit oskîsikosiyiwa, ê-âh-akociwêpinamiyit sakâhk, êkwa ê-koskwâskopitamiyit, kâwi mâna ê-tâpiskopayiyiki.","He went on again; soon he saw some jays pulling out their eyes and tossing them so they caught in the brush, and shaking the bushes, whereupon the eyes would spring back into place.",literal,literal,True,The sentence describes jays' actions literally within the narrative; Bloomfield's footnote identifies the bird but does not indicate figurative language.,"[5] CHECK -yihk.  Obviative impersonal??  HCW: ??
[6] LB on picikîskisîsah :  Bird not identified."
1869,0,pct-44-adventures-of-wisahketchahk-mrs-maggie-achenam,"""nisîmitik, nîstâ nika-ocêwi-n,"" itêw.","“Little Brothers, I too shall be a fly,” he said to them.",literal,literal,True,"The footnote comments only on the humorous morphological formation of 'nik-ôcân' as if from a stem ocâ- 'to be a fly,' and does not indicate any figurative meaning.","[7] LB on nik-ôcân :  The demoninative of ocêw : “fly”, is ocêwiw , used below; here the humorous formation is as though there were a primitive verb stem ocâ- : “to be a fly.”"
1888,0,pct-44-adventures-of-wisahketchahk-mrs-maggie-achenam,êkwa mîcisôwak êkota sâkahikanihk.,"Then they ate, there in the lake.",literal,literal,False,Plain statement of action with no figurative expression.,[8] CHECK pitihkwaskamikisin. HCW:  Probably lexicon error.
1888,1,pct-44-adventures-of-wisahketchahk-mrs-maggie-achenam,kêtahtawê ohpahôwak.,Presently they flew up.,literal,literal,False,Literal description of flying up.,[8] CHECK pitihkwaskamikisin. HCW:  Probably lexicon error.
1888,2,pct-44-adventures-of-wisahketchahk-mrs-maggie-achenam,nîkâniw wîsahkêcâhk.,Wisahketchahk was in the lead.,literal,literal,False,'Was in the lead' is a common literal expression for leading a group.,[8] CHECK pitihkwaskamikisin. HCW:  Probably lexicon error.
1888,3,pct-44-adventures-of-wisahketchahk-mrs-maggie-achenam,ayîsiyiniwa nitonawêw ohcitaw.,"He looked for people, just to be contrary.",literal,literal,False,Literal statement about looking for people to be contrary.,[8] CHECK pitihkwaskamikisin. HCW:  Probably lexicon error.
1888,4,pct-44-adventures-of-wisahketchahk-mrs-maggie-achenam,"piyisk miskawêw, tahki cîki êkota ê-pimihât.","At last he found them, and kept flying close to where they were.",literal,literal,False,Literal description of finding people and flying close.,[8] CHECK pitihkwaskamikisin. HCW:  Probably lexicon error.
1888,5,pct-44-adventures-of-wisahketchahk-mrs-maggie-achenam,êkwa mâkwêyimowak niskak; tapasîwak.,The geese became worried; they fled.,literal,literal,False,Literal statement about geese becoming worried and fleeing.,[8] CHECK pitihkwaskamikisin. HCW:  Probably lexicon error.
1888,6,pct-44-adventures-of-wisahketchahk-mrs-maggie-achenam,êkwa wiya wîsahkêcâhk êkota ati-pimihâw.,But Wisahketchahk flew on in that place.,literal,literal,False,Literal statement about Wisahketchahk continuing to fly.,[8] CHECK pitihkwaskamikisin. HCW:  Probably lexicon error.
1888,8,pct-44-adventures-of-wisahketchahk-mrs-maggie-achenam,"ê-wî-tapasît, pôskopayihêw otaskêkinwa; pitihkwaskamikisiw.","When he made to flee, he burst the skin he had been given; down he went with a crash.",literal,literal,True,Footnote [8] suggests a lexicon error in 'pitihkwaskamikisiw' but does not indicate any figurative language; the sentence is a literal description of bursting the skin and falling with a crash.,[8] CHECK pitihkwaskamikisin. HCW:  Probably lexicon error.
1900,0,pct-44-adventures-of-wisahketchahk-mrs-maggie-achenam,êkwa mistikwa ah-cimasoyit tawâyihk pimisin.,He lay down between two trees.,literal,literal,False,"The footnote 'CHECK ah-cimasoyit' is a linguistic verification note, not a description of figurative language; the sentence describes a physical action literally.",[9] CHECK ah-cimasoyit
1959,0,pct-44-adventures-of-wisahketchahk-mrs-maggie-achenam,"êkwa, ""pîhtokê,"" kâ-itikot iskwêwa, ""kipê-wîwin,"" itêw.","Then, “Come in,” said the woman to him, “I have come to take you to wife,” he said to her.",literal,literal,True,"The footnote only indicates a need to check the phrase 'kipê-wîwin', with no mention of figurative language; the sentence appears literal in both Cree and English.",[10] CHECK kipê-wîwin
1977,0,pct-45-wisahketchahk-visits-his-little-brother-the-duck-coming-day,"êkosi wîsahkêcâhk ômisi itwêw wîsahkêcâhk: ""êkâya nânitaw itwêhkan nôtokêsiw,"" itwêw wîsahkêcâhk: ""nisîm wî-pê-kiyokêw; êkâya nânitaw itwêhkan.""","Thereupon to her said Wisahketchahk: “Do not say anything, Old Woman,” said Wisahketchahk; “My little brother is coming to visit us; when he comes, do you be still!”",literal,literal,True,Bloomfield's footnote suggests an alternate reading of 'itwêyak' as 'itwêhkan'; this is a philological note and does not indicate figurative language. The sentence is a literal instruction to be quiet.,[1] LB on itwêyak :  Read itwêhkan ?
1985,0,pct-45-wisahketchahk-visits-his-little-brother-the-duck-coming-day,"êkwa ohpipwâmêyiw wîsahkêcâhk, ê-mîsît: nama kêkway mahtâmina, pisisik mêyi.","Then Wisahketchahk lifted his ham and muted: by no means corn, but only dung.",literal,literal,False,Bloomfield's footnote only discusses the full form of the word; the sentence describes literal actions and outcomes.,[2] LB on ohpwâmêyiw :  Probably the full form is ohpipwâmêyiw
2014,0,pct-46-wisahketchahk-visits-his-little-brother-the-skunk-coming-day,"""hâw, nisîm, ôtê pimohtêwak nitawâsimisak,"" itêw; ""anohc kâ-kîsikâk, 'êkotê kika-wâpamitin,' nikî-itikwak."" ""êkosi anohc ka-sipwêhtêyân,"" itêw.","“Well, Little Brother, over yonder my children are walking along,” he told him; “With reference to this very day, 'In that place I shall see you,' I told them. So now is when I must leave,” he told him.",literal,literal,False,The footnote only notes a transcription error and does not describe figurative language; the sentence itself is literal.,[1] nikîh-itikwak : Bloomfield's error.
2057,0,pct-46-wisahketchahk-visits-his-little-brother-the-skunk-coming-day,"tâpwê êkosi ê-tôtahk, ê-pwêkicitikot, wâhyaw pahkisin.","And really, when she did that way, and he broke wind at her, far off she fell to the ground.",literal,literal,False,"The footnote does not mention this sentence, and the text describes actions literally without non-literal expressions.",[2] CHECK kinwêsê
2057,1,pct-46-wisahketchahk-visits-his-little-brother-the-skunk-coming-day,"kîhtwâm mîna êkosi ê-tôtâkot, ê-pwêkicitikot, kinwês kinwêsk nipahisin awa nôtokêsiw.","When he did it to here a second time and broke wind at her, for a long, long time the old woman lay senseless.",literal,literal,True,The footnote only says 'CHECK kinwêsê' and does not indicate figurative language; the sentence describes an event literally.,[2] CHECK kinwêsê
2057,2,pct-46-wisahketchahk-visits-his-little-brother-the-skunk-coming-day,"iyikohk ê-âpisisihk, kîwêw.","When she came back to life, she went back.",literal,literal,False,"The footnote does not mention this sentence, and 'came back to life' is a literal recovery of consciousness here.",[2] CHECK kinwêsê
2072,0,pct-46-wisahketchahk-visits-his-little-brother-the-skunk-coming-day,"piyisk oskotâkâsiyiw owîkimâkana ohpinamwêw, ita kâ-ôh-pwêkitoyit êkota ê-itâpit.","Finally he lifted up his wife's petticoat, and looked at whence she broke wind.",literal,literal,False,The sentence describes physical actions literally; the footnote mentions a possible error in a different sentence and does not indicate figurative language.,"[3] LB on ihtakocin :  Error, for itakocin ?"
2072,1,pct-46-wisahketchahk-visits-his-little-brother-the-skunk-coming-day,"kâ-wâpahtahk ôma kâ-ôh-pwêkitoyit, êkwa miscikos otinam, ê-wî-otâskwahamawât, ê-wî-kimotamawât.","When he had caught sight of that from which she broke wind, he took a little stick, meaning to take it from her by means of the stick and to steal it from her.",literal,literal,False,The sentence narrates actions straightforwardly; the footnote does not apply to this sentence.,"[3] LB on ihtakocin :  Error, for itakocin ?"
2072,2,pct-46-wisahketchahk-visits-his-little-brother-the-skunk-coming-day,"mayaw ê-waskawiwêpahahk, kâ-pêkopayiyit, ê-pwêkitoyit.","Just as he began to twitch the stick, she woke up and broke wind.",literal,literal,False,The sentence literally describes the start of an action and a reaction; the footnote is unrelated.,"[3] LB on ihtakocin :  Error, for itakocin ?"
2072,3,pct-46-wisahketchahk-visits-his-little-brother-the-skunk-coming-day,"mêtoni wâhyaw itakocin awa wîsahkêcâhk, ê-pistahokot owîkimâkana.","Off and away, to a great distance, Wisahketchahk went flying, when his wife thus accidentally shot him.",literal,literal,False,The sentence literally states that Wisahketchah was sent flying; the footnote notes a possible textual error but does not suggest figurative language.,"[3] LB on ihtakocin :  Error, for itakocin ?"
2072,4,pct-46-wisahketchahk-visits-his-little-brother-the-skunk-coming-day,"itê ê-pahkisihk, kinwês nipahisin.","There he fell to the ground, for a long time he lay as if dead.",literal,literal,False,"The sentence literally describes falling and lying still, with no simile marker in Cree; the English 'as if dead' is translator's interpretation, not a non-literal Cree idiom.","[3] LB on ihtakocin :  Error, for itakocin ?"
2101,0,sacred-stories-01-the-birth-of-wisahketchahk-and-the-origin-of-mankind-louis-moosomin,"otinêw ôhtâwiya kâ-kî-miyikot, iskotêw nêhiyawak kâ-ôh-osîhtâcik; wêpinêw nâway isi.","He took that which his father had given him, that from which the Cree make fire; he threw it behind him.",literal,literal,True,"The footnote explains that 'kâ-ôh-osîhtâcik' is a euphemistic avoidance word, not a figurative expression; the sentence is literal.","[1] LB's footnote to k-ôh-ôsîhtâcik :  Word avoided, probably posâkan : “birch-fungus, used as tinder.”"
2109,1,sacred-stories-01-the-birth-of-wisahketchahk-and-the-origin-of-mankind-louis-moosomin,"êkwa akâmihk ê-kî-takohtahikocik, kâwi âsowaham awa kâ-kî-âsowahohât ôhi awâsisa.","When he had brought them to the far shore, he crossed back, who had taken the children across.",literal,literal,False,The footnote only suggests a possible alternative form for a word and does not indicate any figurative language; the sentence describes literal crossing actions.,[2] LB: Probably for âsiwakoyikok .
2129,0,sacred-stories-01-the-birth-of-wisahketchahk-and-the-origin-of-mankind-louis-moosomin,"""tânitê êtokê nika-kî-ohtinên miscikosa ê-miywâsiki?"" itwêw awa oskinîkiw.",“I wonder where I can get good little arrow-sticks?” said the youth.,literal,literal,False,"The footnote discusses the character being referred to as 'that youth' instead of by name, which is a narrative device, not figurative language; the sentence itself is a straightforward question about obtaining arrow-sticks.","[3] LB:  In the ensuing episodes he is spoken of not by name, but as “that youth”."
2148,0,sacred-stories-01-the-birth-of-wisahketchahk-and-the-origin-of-mankind-louis-moosomin,"êkwa ômisi itwêw: ""mâcîtân, nitêhkwâ!"" itêw.","So he said, “Let us hunt my nephew!” he said to him.",idiom,idiom,True,"The footnote explains that 'nitêhkwâ' literally means 'my sister's son' etc., but is often used figuratively to mean 'son-in-law', which is an idiomatic substitution.","[4] LB's footnote on ntêhkwâh :  Literally, “my sister's son (man speaking); my brother's son, my husband's sister's son (woman speaking),” often, as here, for nahâhkis : “son-in-law.” Similarly, nisis : “my mother's brother” for “my father-in-law” (See below), and nisikos : “my father's sister; my mother's brother's wife” for “my mother-in-law,” both of these being more specifically manâcimâkan : “person one dare not address, parent-in-law.”  And nahâhkan-iskwêw : “daughter-in-law” is little used beside nistim : “my sister's daughter (man speaking); my brother's daughter, my husband's sister's daughter (woman speaking).”"
2174,0,sacred-stories-01-the-birth-of-wisahketchahk-and-the-origin-of-mankind-louis-moosomin,"nêwâw ê-nimahwât nâpiwa, otinamiyiwa; ostikwân ohci pîkwatahamiyiwa.","When for the fourth time she held it over Napiw as if to strike, he took it; he smashed her head with it.",literal,literal,False,"The footnote only identifies 'nâpiwa' as a Blackfoot name, with no indication of figurative language. The sentence describes physical actions in a literal narrative.",[5] LB's footnote to nâpiwa :  The Blackfoot name.
2176,0,sacred-stories-01-the-birth-of-wisahketchahk-and-the-origin-of-mankind-louis-moosomin,"êkwa sipwêhtêw, ê-pêhtahk osîma kâ-kî-mahîhkaniwiyit ê-nipahikoyit itâmi-nipîhk kâ-otaskîyit nanâtohk misi-pisiwa mîna misi-kinêpikwa.","Then he set out, for he heard that his little brother who had turned into a wolf had been slain by the various Great Panthers and Great Serpents that dwell under water.",literal,literal,True,The footnote notes a possible personal reference behind the mention of 'misi-pisiwa' (Great Lynxes) but does not describe it as figurative; the sentence narrates story events literally.,"[6] LB's footnote to misi-pisiwah :  Special mention of lynxes is perhaps to be discounted, as a compliment to me, who am called misi-pisiw : “Great Lynx.”"
2192,0,sacred-stories-01-the-birth-of-wisahketchahk-and-the-origin-of-mankind-louis-moosomin,ayisk kahkiyaw kî-pôsihêw pisiskiwa.,But he had all the beasts on his ship.,literal,literal,False,Straightforward narrative statement with no figurative language.,[7] CHECK Misprint for atotêw ?  YES HCW
2192,1,sacred-stories-01-the-birth-of-wisahketchahk-and-the-origin-of-mankind-louis-moosomin,"kîtahtawê atotêw mâkwa, ta-kakwê-otinamiyit asiskiy.",Presently he bade the loon try to take up some soil.,literal,literal,False,"Literal description of an action; no idiom, metaphor, or simile.",[7] CHECK Misprint for atotêw ?  YES HCW
2192,2,sacred-stories-01-the-birth-of-wisahketchahk-and-the-origin-of-mankind-louis-moosomin,pôti namwâc kî-kaskihtâyiwa.,It turned out quite unable.,literal,literal,False,Simple result statement; entirely literal.,[7] CHECK Misprint for atotêw ?  YES HCW
2192,3,sacred-stories-01-the-birth-of-wisahketchahk-and-the-origin-of-mankind-louis-moosomin,kîtahtawê mîna atotêw nikikwa.,Then he presently he employed the otter.,literal,literal,False,Literal narrative of employing an animal; no figurative expression.,[7] CHECK Misprint for atotêw ?  YES HCW
2192,4,sacred-stories-01-the-birth-of-wisahketchahk-and-the-origin-of-mankind-louis-moosomin,namwâc kaskihtâyiwa.,It was entirely unable to do it.,literal,literal,False,Direct statement of inability; literal meaning.,[7] CHECK Misprint for atotêw ?  YES HCW
2192,5,sacred-stories-01-the-birth-of-wisahketchahk-and-the-origin-of-mankind-louis-moosomin,"kahkiyaw tahto kâ-nihtâ-kôkiyit âta ê-atotât, namwâc kî-kâhcitinamiyiwa asiskiy.","Although he employed all, as many are good divers, they could not at all scrape up any earth.",literal,literal,False,"Descriptive narrative, though complex, remains literal.",[7] CHECK Misprint for atotêw ?  YES HCW
2192,6,sacred-stories-01-the-birth-of-wisahketchahk-and-the-origin-of-mankind-louis-moosomin,kîtahtawê wacaskwa atotâw.,Then in time he sent the muskrat.,literal,literal,True,"The footnote discusses a possible misprint, not figurative language; the sentence is literal.",[7] CHECK Misprint for atotêw ?  YES HCW
2192,7,sacred-stories-01-the-birth-of-wisahketchahk-and-the-origin-of-mankind-louis-moosomin,nama mayaw mitoni takohtêyiwa.,It was a long time coming back.,literal,literal,False,Literal comment on the duration of the muskrat's dive.,[7] CHECK Misprint for atotêw ?  YES HCW
2192,8,sacred-stories-01-the-birth-of-wisahketchahk-and-the-origin-of-mankind-louis-moosomin,êwakoni apisîs kî-kikamoyiw asiskiy.,A little earth was sticking to it.,literal,literal,False,Plain description of mud sticking to the animal; no figure of speech.,[7] CHECK Misprint for atotêw ?  YES HCW
2192,9,sacred-stories-01-the-birth-of-wisahketchahk-and-the-origin-of-mankind-louis-moosomin,âsay mîna kîhtwâm sihkimêw.,Again he bade it go.,literal,literal,False,Literal command repeated; no idiomatic meaning.,[7] CHECK Misprint for atotêw ?  YES HCW
2192,11,sacred-stories-01-the-birth-of-wisahketchahk-and-the-origin-of-mankind-louis-moosomin,nêwâw sipwêhtisahwêw kita-nâtamiyit asiskiy.,Four times he sent it off to fetch earth.,literal,literal,False,Straightforward statement about sending the muskrat four times.,[7] CHECK Misprint for atotêw ?  YES HCW
2198,0,sacred-stories-01-the-birth-of-wisahketchahk-and-the-origin-of-mankind-louis-moosomin,kahkiyaw kêkway nama kêkway ohci kostikwak.,"They were feared by all creatures, for no cause.",literal,literal,False,"The statement that they were feared by all creatures for no cause is a plain, non-figurative description.",[8] LB's footnote to omihtikôs :  The word is in Ojibwa form.
2198,2,sacred-stories-01-the-birth-of-wisahketchahk-and-the-origin-of-mankind-louis-moosomin,"""omihtikôs"" kî-isi-wihâw nistam nâpêw.",“Dug-out-canoe” the first man was named.,literal,literal,False,"The naming of the first man as 'Dug-out-canoe' is presented literally; the footnote only notes the word's Ojibwa origin, not figurative usage.",[8] LB's footnote to omihtikôs :  The word is in Ojibwa form.
2198,4,sacred-stories-01-the-birth-of-wisahketchahk-and-the-origin-of-mankind-louis-moosomin,"nêwo kî-ayâwak, pâh-pîtos ê-isi-wâhkôhtocik.","Four of them dwelt there, being in different wise related, so as to make a family.",literal,literal,False,The description of four people dwelling there and being related in different ways is straightforward and literal.,[8] LB's footnote to omihtikôs :  The word is in Ojibwa form.
2199,0,sacred-stories-01-the-birth-of-wisahketchahk-and-the-origin-of-mankind-louis-moosomin,"êkota êkwa kî-sipwêhtisahwâw nistam kâhkâkiw, kahkiyaw askiy ê-wâsakamêt.",Then from there the raven was first sent out to make a circuit of the earth.,literal,literal,False,The sentence describes the raven being sent out literally; the footnote does not apply to this sentence.,[9] LB's footnote:  Or read kîh-asêhâw : “he flew back.”
2199,1,sacred-stories-01-the-birth-of-wisahketchahk-and-the-origin-of-mankind-louis-moosomin,pôti nicawâc kî-asênâw.,In the outcome he was needs rejected.,literal,literal,True,"The footnote offers an alternative reading 'he flew back' but neither version is figurative, so the sentence is literal.",[9] LB's footnote:  Or read kîh-asêhâw : “he flew back.”
2199,2,sacred-stories-01-the-birth-of-wisahketchahk-and-the-origin-of-mankind-louis-moosomin,êkwa kihiw kî-sipwêhtisahwâw.,Then the eagle was sent out.,literal,literal,False,The sentence describes the eagle being sent out literally; the footnote does not apply to this sentence.,[9] LB's footnote:  Or read kîh-asêhâw : “he flew back.”
2222,0,sacred-stories-02-wisahketchahk-the-partridges-and-the-stone-adam-sakewew,êkwa wâhyaw nîpawiw; otakohpa ôta ahêw; tâpiskawêw.,"Then he stood a ways off; he put his blanket-robe here, like this; he put it round his neck. Then he came on a running start; at the bank of the creek he stopped with a jump.",literal,literal,False,The footnote only marks a new paragraph and does not describe any figurative language; reading the sentences directly shows they are literal descriptions of actions and positioning.,[1] NEW PARAGRAPH
2222,1,sacred-stories-02-wisahketchahk-the-partridges-and-the-stone-adam-sakewew,êkwa pê-wayacîwîw; sisonê sîpîsisihk naki-kwâskohtiw.,"“Tut tut, I shall get my tobacco-pouch all wet, if I don't make it,” he said; “I'll throw it across.”",literal,literal,False,"The footnote does not apply; the spoken words are a literal expression of concern about getting a tobacco-pouch wet, with no metaphor, simile, or idiom.",[1] NEW PARAGRAPH
2293,0,sacred-stories-03-wisahketcahk-visits-the-partridges-mrs-adam-sakewew,"ha, itohtêw êkotê, pîhtêyas ê-cimatêyik.",So he went to the tent that stood in the center. He entered.,literal,literal,False,"The sentence describes a physical action and location plainly, with no figurative elements.",[2] NEW PARAGRAPH
2320,0,sacred-stories-03-wisahketcahk-visits-the-partridges-mrs-adam-sakewew,âsay miskâkaniyiw itê ê-wî-âywêpihk.,They had already found the place to stop to rest.,literal,literal,True,"The footnote states the sentence is unintelligible to Bloomfield, providing no evidence of figurative language; thus it is classified as literal.",[3] LB: This sentence and the following speech are unintelligible to me.
2331,0,sacred-stories-04-wisahketchahk-preaches-to-the-wolves-coming-day,"êkosi itwêw, ""nôtokêsiw, pêyakwâw nina-nitawâpamâw wêmistikôsiw.""","He answered, “Old woman, once more I shall go see the Frenchmen.”",literal,literal,False,"The footnote discusses a phonological variant of the verb (loss of an intermediate vowel), not figurative language; the sentence is a literal statement of intent to go see someone.","[1] LB's footnote to nna-ntawâpamâw :  The combination nt does not exist in the full form of Cree words, but is due to the loss of an intermediate short vowel;  See Introduction.  Occasional forms like na-ntawâpamâw : “he goes to see him,” are allegro variants for such as na-nitawâpamâw ; the first syllable here is reduplicative.  This differs from Ojibwa, where nand- is probably the normal representation of older nat- ."
2339,1,sacred-stories-04-wisahketchahk-preaches-to-the-wolves-coming-day,"êkwa êkota piscipôwin astâw pimîhk; êkwa apisâsin oyâkanis, sîkinam êkota pimiy.",Then he put the poison into the fat; and into a small dish he poured the fat.,literal,literal,False,The sentence describes physical actions literally; no figurative language or relevant footnote exists.,[2] LB:  Probably an error.
2339,2,sacred-stories-04-wisahketchahk-preaches-to-the-wolves-coming-day,mihcêt êkota osîhtâw apisâsiki pimîsa âhkwatinah.,He shaped a great many little lumps of fat and rolled them until they were hard.,literal,literal,True,Bloomfield's footnote notes a probable error but does not indicate figurative language; the sentence is a literal description of shaping and rolling fat.,[2] LB:  Probably an error.
2339,3,sacred-stories-04-wisahketchahk-preaches-to-the-wolves-coming-day,êkwa kahkiyaw otinam; êkwa sipwêhtêw ê-nitonawât mahîhkana.,"He took them all, and went out to look for wolves.",literal,literal,False,The sentence simply narrates taking the lumps and going to look for wolves with no figurative language.,[2] LB:  Probably an error.
2347,0,sacred-stories-04-wisahketchahk-preaches-to-the-wolves-coming-day,"ômisi itêw: ""nisîmitik, ayamihâwin kâ-nitohtamêk ta-otinamêk;"" ""êkosi êkwa namôya awiyak ka-nipahikowâwak, ayamihâyêko."" ""mâka êkâ tâpwêhtamêko, ka-nipahikowâwak."" ""îh ôhi wâpahtamok, îh ôhi!"" mahîhkanak mahkêsîsak ê-wâpahtahkik ôhi pimiya, ""hâw, ôma awiyak ôma mîcici kâ-wî-saskamohak, kinwês ka-pimâtisiw,"" êkosi itwêw wîsahkêcâhk.","This is what he said: “My brothers, the tidings which you hear you should accept, and then no one will ever kill you, if you take on religion. But if you do not believe, someone will kill you. Look upon these things, these here!” As the wolves and foxes looked at those pieces of fat, “Now, then, if anyone eats this which I shall place between his teeth, long will he live,” spoke Wisahketchahk.",literal,literal,False,"The footnote discusses hyphenation, not figurative language; the text is literal narrative and speech.",[3] LB original has hyphens in îh-ôhi and êh-ôhi . HCW: should be separate words.
2354,0,sacred-stories-04-wisahketchahk-preaches-to-the-wolves-coming-day,"""maci-kakêpâtisak ôki!"" ""nika-ôh-ta-tipahikâkêwâh!"" itêw êsa ôhi mahîhkana wîsahkêcâhk.",“These stupid fools! I surely did need something to pay my debts with!” Wisahketchahk must have said to those wolves.,literal,literal,False,"Footnote discusses verb morphology, not figurative language; the expressed exclamation is plain speech.",[4] CHECK Weird verb form: HCW yup.  (future + hpreterite = irrealis)
2398,0,sacred-stories-06-the-shut-eye-dancers-coming-day,"wîsahkêcâhk ômisi itwêw: ""nîminâna,"" itêw.","Wisahketchahk spoke thus: “A saltatory rite,” he told the other.",literal,literal,True,"Bloomfield's footnote merely notes 'nîminânah' as an unusual word, with no mention of figurative language.",[1] LB on nîminânah :  Unusual word.
2418,0,sacred-stories-06-the-shut-eye-dancers-coming-day,"ê-tôhkâpicik kotakak, ômisi itwêw wîsahkêcâhk: ""kêkway ôma ita kê-pêtâyân nîmihitôwin, kakêpâtisicik?"" ""ninôhtêhkatâh!"" itêw ôhi sîsîpa.","When the others opened their eyes, Wisahketchahk said, “What sort of a dance would I be bringing you blockheads? I was hungry, that's all!” he said to those ducks.",literal,literal,True,"The footnote discusses a phonological alternation in the vocative plural form, offering no indication of figurative meaning; the Cree text is a literal address and statement.","[2] LB on kâkêpâtisicik :  The ending of the vocative plural is, of course, -itik .  The sound c for t appears in diminutives (among the younger generation of speakers, almost universally); less often in other words formed with suffixes containing s (as in the present instance); and occasionally in other words, probably always with a diminutive touch."
2441,0,sacred-stories-06-the-shut-eye-dancers-coming-day,"""hê hê hêy, mâka mîna êcika ani ê-wayêsihit mahêsihit mahkêsîs, kâ-kitamwât niniskima!"" ""êkosi êcika ani kê-nôhtêhkatêyân!"" itwêw; ""hâ hah, kikisiwâhin, mahkêsîs!"" ""namôya ta-pîhcâw askiy itê tita-itâmoyan."" ""niya nikî-osîhtâ-n askiy;"" ""ka-miskâtin;"" ""miskâtâni kâ-kitamwacik niniskimak!"" itwêw wîsahkêcâhk, ê-sipwêhtêt, ê-nitonawât mahkêsîsa.","“Oho, it's surely Fox has been fooling me again, eating up my geese! And so I am to stay hungry!” he cried; “Ho, you have got me angry, Fox! The earth will not be big enough for you to escape. It was I created the earth; I will find you; and when I find you, who ate up my geese!” cried Wisahketchahk, as he went off to look for Fox.",literal,literal,False,"The footnote only notes a possible speaker error, with no mention of figurative language. Reading the sentence directly, there are no metaphors, similes, or idioms; the speech is literal.","[3] CHECK:  probable speaker error, possibly blend of surrounding words"
2443,0,sacred-stories-06-the-shut-eye-dancers-coming-day,"""yahâ!"" itwêw; ""nika-watôkatahwâw,"" itwêw; ""nika-otastotinih awa mahkêsîsiwayân!"" itwêw; ""kiyâm nika-pasisamawâw, ta-nipahâpasot ôma ohci kaskâpahtêw,"" itwêw.","“Yah!” he said; “I shall ruin his hide,” he said; “I might as well have a cap of his fox-pelt!” he said; “I had better make a fire round him so that he chokes in the smoke,” he said.",literal,literal,False,"The footnote suggests a possible error in the word nka-watôkatahwâw, not figurative language. The sentence contains direct threats that are literal in context.",[4] LB on nka-watôkatahwâw :  Error?
2450,0,sacred-stories-06-the-shut-eye-dancers-coming-day,"ê-ta-tahkiskawât sihkihpa, ""hâw, ôtê nîkân ayîsiyiniw kita-ohpikiw;"" ""ka-wâpamik ôma kâ-nanâpotôkanêskâtân."" ""'sihkihp' kika-isiyihkâtikwak."" ""namôya ka-miyosin;"" ""osâm kikisiwâhin ê-wîhtaman, ê-tôhkâpiyan,"" itêw.","When he kicked Hell-Diver, “Now then, ahead in future time mortal man will grow up; he will see here on you where I have kicked your rump crooked. ‘Hell-Diver,’ they will call you. You will not be handsome; too much have you angered me by telling this and by opening your eyes,” he told him.",literal,literal,False,"The footnote discusses the informant's omission of an explanation, not figurative language. The sentence is a literal narrative of a direct speech act describing actions and declarations without non-literal elements.","[5] LB:  THis paragraph was added in answer to a leading question.  “I did not tell you that part,” he explained.  This is a characteristic of our informant.  Notice that even now he does not explain the diver duck's red eyes."
2453,0,sacred-stories-07-wisahketchahk-as-a-captain-louis-moosomin,kêtahtawê sipwêhtêw êsa.,"Once upon a time, the story goes, he set out.",literal,literal,False,This is a routine opening formula with no figurative content; the footnote does not comment on it.,"[1] LB on wâskahikan :  Properly “stockade”; used of the trading-post forts, and of white men's houses generally. This is the first of many foreign features in this tale: Wisahketchahk is here among white people."
2453,2,sacred-stories-07-wisahketchahk-as-a-captain-louis-moosomin,kîtahtawê wâskahikan kâ-otihtahk.,Presently he came to a wooden house.,literal,literal,True,"The footnote explains wâskahikan as a conventional term for trading-post houses, a literal description with no figurative language.","[1] LB on wâskahikan :  Properly “stockade”; used of the trading-post forts, and of white men's houses generally. This is the first of many foreign features in this tale: Wisahketchahk is here among white people."
2463,0,sacred-stories-07-wisahketchahk-as-a-captain-louis-moosomin,"""mâna êkâ nika-kî-kimotamawâhtayik!""","“Could it be that I should be unable to steal it from them!” When he had told stories for exactly four nights and days, then those young women went to sleep. He searched where they kept their things; he stole it from them. So then he went off with it; he fled.",literal,literal,False,The footnote is a structural note about a paragraph break and does not indicate figurative language. The sentence is a literal rhetorical question expressing determination.,[2] PARAGRAPH BREAK
2473,0,sacred-stories-07-wisahketchahk-as-a-captain-louis-moosomin,"""ahpô ôma!"" itêyihtam; ""kêhcinaw apiw!"" ""cîpay êkâ kâ-wî-ka-kitosit!"" itêyihtam êsa.","“Maybe it is this!” he thought; “Surely he is at home here! He is a dead man, this person who will not converse with me!” he thought.",metaphor,metaphor,False,The phrase 'cîpay' ('dead man') is a metaphor for an unresponsive person; the footnote comments on the unclear meaning of 'ahpoh ôm' and does not indicate figurative language.,[3] LB on âhpoh ôm :  Meaning not clear;  record may be wrong.
2485,0,sacred-stories-07-wisahketchahk-as-a-captain-louis-moosomin,"êkwa ôma kâ-kî-kimotit tâpiskwêkanêkin otinam, ê-taswêkiwêpinahk.",Then he took the shawl he had stolen and spread it out.,literal,literal,False,"Plain description of taking and spreading a shawl, no figurative language indicated.","[4] LB on atôspowinâhtikohk :  The ordinary term is mîcisôwinâhtik ;  the word in the text resembles Ojibwa adôhpôwin ; Cree atôspôw , Ojibwa adôhpp : “he eats on something,” initial stem atôt- : “on something,” transitive verb final -pw- : “by mouth,” with the middle-voice verb derivative -ô- ."
2485,1,sacred-stories-07-wisahketchahk-as-a-captain-louis-moosomin,atôspowinâhtikohk pôti kahkiyaw kêkway wâpahtam.,"Look you, on a table he saw all kinds of things.",literal,literal,True,The footnote explains the etymology of atôspowinâhtikohk as 'table' but does not indicate any idiom or figure; it is a literal object.,"[4] LB on atôspowinâhtikohk :  The ordinary term is mîcisôwinâhtik ;  the word in the text resembles Ojibwa adôhpôwin ; Cree atôspôw , Ojibwa adôhpp : “he eats on something,” initial stem atôt- : “on something,” transitive verb final -pw- : “by mouth,” with the middle-voice verb derivative -ô- ."
2485,2,sacred-stories-07-wisahketchahk-as-a-captain-louis-moosomin,tânispîhk êtokê omîcisohtay awa cîpay!,I wonder when that corpse had last eaten!,literal,literal,False,"A direct question about when the corpse last ate, with no figurative language.","[4] LB on atôspowinâhtikohk :  The ordinary term is mîcisôwinâhtik ;  the word in the text resembles Ojibwa adôhpôwin ; Cree atôspôw , Ojibwa adôhpp : “he eats on something,” initial stem atôt- : “on something,” transitive verb final -pw- : “by mouth,” with the middle-voice verb derivative -ô- ."
2485,3,sacred-stories-07-wisahketchahk-as-a-captain-louis-moosomin,ayisk wîsahkêcâhk kâ-isiyîhkâsot kahkiyaw awiya kî-wayêsimêw.,For he who was called Wisahketchahk deceived everyone.,literal,literal,False,"States a fact about Wisahketchahk deceiving everyone, no figurative expression.","[4] LB on atôspowinâhtikohk :  The ordinary term is mîcisôwinâhtik ;  the word in the text resembles Ojibwa adôhpôwin ; Cree atôspôw , Ojibwa adôhpp : “he eats on something,” initial stem atôt- : “on something,” transitive verb final -pw- : “by mouth,” with the middle-voice verb derivative -ô- ."
2487,0,sacred-stories-07-wisahketchahk-as-a-captain-louis-moosomin,"""hâ, mistahi kitatamihin, wîsahkêcâhk, ôma kâ-asamiyan!""","“Hah, you greatly oblige me, Wisahketchahk, giving me food like this!”",idiom,idiom,True,"The footnote explicitly states that 'kitatamihin' constitutes the 'usual formula of thanks' while its literal sense is 'You delight me,' indicating a conventionalized non-literal expression (idiom).","[5] LB on kitatamihin :  Literally, “You delight me,” the usual formula of thanks."
2494,0,sacred-stories-07-wisahketchahk-as-a-captain-louis-moosomin,"""tânitê mâka mahti?"" itik; ""itohtahin."" ""mahti nika-nitawâpahtên,"" itik.","“Now, where is that, pray?” the other asked him; “Take me there.",literal,literal,False,"The footnote concerns reduplication, not figurative language, and the sentence is a literal question and request.",[6] CHECK âh - heavy redup?  DON'T KNOW
2494,1,sacred-stories-07-wisahketchahk-as-a-captain-louis-moosomin,kêkway â wâpahtêhêw.,"Let me go see it,” he told him.",literal,literal,False,The footnote does not indicate figurative language; the sentence literally describes someone showing something.,[6] CHECK âh - heavy redup?  DON'T KNOW
2494,2,sacred-stories-07-wisahketchahk-as-a-captain-louis-moosomin,"""niyanân osâwi-sôniyâw piko nitotinânân,"" itik.","He showed him some. “We get nothing but gold,” he told him.",literal,literal,False,"The footnote is about linguistic form; the statement 'We get nothing but gold' is a literal claim, not an idiom or metaphor.",[6] CHECK âh - heavy redup?  DON'T KNOW
2508,0,sacred-stories-07-wisahketchahk-as-a-captain-louis-moosomin,"sâ-sâminamiyiwa ohkwâkana, oskîsikwa, otôn: nisitawinam masinahikan.","The other touched his face, his eyes and his mouth: he could read.",literal,literal,False,The sentence describes physical actions and a straightforward statement of ability; no figurative language is used. The footnote is about the verb form in another sentence and does not apply here.,"[7] CHECK - KR onôtinikêwah may be a verb, as assumed by LB in his footnote:"
2508,1,sacred-stories-07-wisahketchahk-as-a-captain-louis-moosomin,"êkwa ê-wâpahtahk, masinahikâtêyiw, wâpahki ê-wî-pê-nôtiniht; ayisk onôtinikêwa ôhi okimâwa kâ-nipahât, êkwa wâh-wîpac êsa mâna ê-pê-nôtinimiht.","Then, when he read it, it was written that tomorrow people were coming to fight him; for that chief he had killed had been at war, and had been attacked, it seemed, every little while.",literal,literal,True,The sentence reports what was written and gives a reason in literal terms; the footnote comments on the verb 'onôtinikêwa' but does not indicate any figurative meaning.,"[7] CHECK - KR onôtinikêwah may be a verb, as assumed by LB in his footnote:"
2508,2,sacred-stories-07-wisahketchahk-as-a-captain-louis-moosomin,masinahikêw; âcimostawêw otiyinîma.,He wrote; he told his followers the news.,literal,literal,False,The sentence states two literal actions. The footnote is not relevant here.,"[7] CHECK - KR onôtinikêwah may be a verb, as assumed by LB in his footnote:"
2509,0,sacred-stories-07-wisahketchahk-as-a-captain-louis-moosomin,"tâpwê, ""wawêyîk, iyinitik."" ""kiwî-pê-nôtinikonânaw wâpahki."" ""nipêyitisahamâkawin,"" itêw, ""masinahikana.""","“Get yourselves ready, men. Tomorrow they are coming to fight us. Letters have been sent to me.”",literal,literal,True,"The footnote suggests a correction to the verb form 'kiwîh-pê-nôtinikonânaw' to 'kiwîh-pê-nôtinikawinânaw', which is a grammatical note, not a figurative language description. The sentence itself is a straightforward call to readiness and a statement about letters being sent, with no metaphor, simile, or idiom.",[10] LB on kiwîh-pê-nôtinikonânaw : This would seem to mean “he (or it) will come to fight us”; probably read kiwîh-pê-nôtinikawinânaw .
2510,0,sacred-stories-07-wisahketchahk-as-a-captain-louis-moosomin,tâpwê kîkisêpâ takohtêyiwa kâ-pê-nitopayîstâkocik.,"And really, in the morning they arrived who were coming to make war against them. But as for Wisahketchahk, of course, he merely looked on in his useless way.",literal,literal,False,"The footnote only says 'NEW PARAGRAPH', providing no indication of figurative language. The sentence describes an arrival literally.",[11] NEW PARAGRAPH
2510,1,sacred-stories-07-wisahketchahk-as-a-captain-louis-moosomin,mâka wiya wîsahkêcâhk mâka mîna ka-kitâpahkêw konita.,"Presently that woman said to him, “Truly, you are entirely foolish! Your men will all be killed,” she told him; “You ought to order your clothes to be taken out for you to put on, and your horse to be saddled.”",literal,literal,False,"The footnote only says 'NEW PARAGRAPH', providing no indication of figurative language. The sentence describes an action literally.",[11] NEW PARAGRAPH
2512,0,sacred-stories-07-wisahketchahk-as-a-captain-louis-moosomin,"nêtê ê-takohtatâcik, ômisi itwêwak otiyinîsiwak: ""mâka mîna êtokê wîsahkêcâhk!"" itwêwak.","When he arrived over there, the wise men said, “Doubtless this is Wisahketchahk, up to his old tricks!”",literal,literal,True,"The footnote discusses the plural actor in 'êh-takohtatâcik' but does not mention figurative language; the sentence directly identifies the arriving person as Wisahketchahk without metaphor, simile, or idiom.",[12] LB on êh-takohtatâcik :  Why plural actor?  The rest of the story is obscure because the persons are not kept distinct.
2519,0,sacred-stories-07-wisahketchahk-as-a-captain-louis-moosomin,"""waskic nipîhk ka-pimohtânânaw,"" itik.","“We shall walk on the surface of the water,” the other told him. “Very well,” said Wisahketchahk.",literal,literal,False,"The statement is a literal declaration of intent to walk on water; no figurative language is present, and the footnote merely marks a new paragraph.",[13] NEW PARAGRAPH
2532,0,sacred-stories-08-wisahketchahk-and-the-bear-adam-sakewew,"êkwa ê-wâpahtahk onîmâskwâkana, ""pitanê môskîstawit, môskîstâkawiyân!"" itêyihtam; ""osâm miywâsinwa ninîmâskwâkana;"" ""nama kêkway nika-kostên,"" itêyihtam.","Then, when he looked upon his weapons, “I just wish he I just wish someone would attack me!” he thought; “For my weapons are very good; I shan't be afraid of anything,” he thought.",literal,literal,True,"The footnote describes a slip of the tongue and self-correction, not figurative language; the sentence is literal.",[1] LB on môskîstawit :  A slip of the tongue;  the dictator corrects himself in the next word.
2538,2,sacred-stories-08-wisahketchahk-and-the-bear-adam-sakewew,"kîhtwâm ê-mônahikêyit, ""mahti nika-kakwê-wâpamâw awa kâ-isit,"" itêyihtam. êkwa sîpâ ômisi tôtam, ê-wâtihkêt; ôtê osâpiw.","When the other was back at his digging, he thought, “Let me try and see him who is saying this to me.” Then down underneath there, he did like this, as he dug his pit; from here he looked forth.",literal,literal,False,No footnote applies; the language is a literal description of actions and thoughts.,"[2] LB:  I.e., the bear;  the next sentences are obscure because third person and obviative are not kept apart."
2538,3,sacred-stories-08-wisahketchahk-and-the-bear-adam-sakewew,pôti kâ-pimi-sâkiskwêt.,"Sure enough, there he was, sticking out his head.",literal,literal,True,"The footnote explains 'I.e., the bear,' clarifying the referent, not indicating figurative language.","[2] LB:  I.e., the bear;  the next sentences are obscure because third person and obviative are not kept apart."
2554,0,sacred-stories-08-wisahketchahk-and-the-bear-adam-sakewew,"nicawâc ostikwânihk akonêw, ômisi ê-itât ôhi wâkayôsa: ""hwhw!"" ê-itât, kâ-wâki-kwâskohtiyit.","He tried holding it on his head and saying “Hwoo!” to the bear, and there, the latter jumped off at an angle.",literal,literal,True,"The footnote describes the phonetic quality and cultural association of 'hwhw' as buffalo noise, but does not signal figurative language; the sentence is a literal narrative of an action.","[3] LB on hwhw :  Undulating velar or palatal spirant, with rounded lips;  said to be the noise a buffalo makes when angry."
2559,0,sacred-stories-08-wisahketchahk-and-the-bear-adam-sakewew,kawipayihôw êkwa awa wîsahkêcâhk.,And the bear threw himself flat on the ground.,literal,literal,False,The footnote only corrects a lexical slip (wîsahkêcâhk for wâkayôs) and does not describe figurative language; the sentence reads literally.,"[4] LB:  Slip of the informant's tongue, or of my hand, for wâkayôs : “the bear,” and so translated."
2559,1,sacred-stories-08-wisahketchahk-and-the-bear-adam-sakewew,"ohtiskawapîstawêw ômisi ê-itinât êskana, ê-wî-nipahatâhtamiyit, mayaw kâ-itâpamikoci, ""whw!"" ê-nimisîwihât.","He sat down facing him, holding out the horn at him, like this, while the other was almost dead, puffing for want of breath, and every time the other looked at him, he threatened him, going “Hwoo!”",literal,literal,False,The footnote does not pertain to this sentence and mentions no figurative language; the actions described are literal.,"[4] LB:  Slip of the informant's tongue, or of my hand, for wâkayôs : “the bear,” and so translated."
2562,0,sacred-stories-08-wisahketchahk-and-the-bear-adam-sakewew,"tâwatiw wâkayôs, ispî ê-pê-itisinimiht ôhi êskana, wîpita ê-sâmahamoht.","The bear had his mouth gaping, and the horn was stuck out at him till it touched his teeth.",literal,literal,True,The footnote addresses a grammatical possibility (relational verb form) and does not indicate any figurative language; the sentence is a literal description of a bear with its mouth open and a horn touching its teeth.,[5] CHECK Last verb may be a relational instead.  HCW:  Indefinite agent relational.
2575,1,sacred-stories-09-wisahketchahk-and-the-rapids-coming-day,"iyikohk ta-pôni-askîwik, êkoyikohk nikî-itik kôhtâwînaw ta-kîskowêyân,"" itik.","When the green earth ceases to be, only then did Our Father tell me to cease from my noise,” it told him.",idiom,idiom,True,"The phrase 'when the green earth ceases to be' is a conventional adynaton meaning 'never'; Bloomfield's footnote highlights the wordplay on askiy ('earth','summer','year'), confirming its non-literal, idiomatic character.","[1] LB on ta-pôn-âskîwik :  As askiy means not only “earth,” but also “summer” and “year,” double meaning and misunderstanding are probably essential to the story."
2578,0,sacred-stories-09-wisahketchahk-and-the-rapids-coming-day,"êkota nahapiw êkwa wîsahkêcâhk, ôma ê-pêhtâkwaniyik.",Then Wisahketchahk sat down there where its sound was heard.,literal,literal,False,Literal description of Wisahketchahk sitting where a sound is heard; no figurative language.,"[2] LB on blblblbl :  Sound made by pulling tongue back and forth between rounded lips, with voicing."
2578,1,sacred-stories-09-wisahketchahk-and-the-rapids-coming-day,"êkwa ômisi itwêw wîsahkêcâhk: ""blblblbl!""","And Wisahketchahk said, “Blblblbl!”",literal,literal,True,"The footnote explains the sound 'blblblbl' as an onomatopoeic representation, which is not figurative.","[2] LB on blblblbl :  Sound made by pulling tongue back and forth between rounded lips, with voicing."
2580,2,sacred-stories-09-wisahketchahk-and-the-rapids-coming-day,êkwa kôna kahkiyaw nama kêkway.,Then all the snow disappeared.,literal,literal,False,"Plain factual statement about the snow's disappearance, no figurative language.",[3] LB on omayikohk :  Gesture to chest.
2580,3,sacred-stories-09-wisahketchahk-and-the-rapids-coming-day,"êkwa mistahi nipiy ôta pê-ayâyiw, ita ê-apit.",Then much water came and was where he sat.,literal,literal,False,Literal description of water arriving and its location.,[3] LB on omayikohk :  Gesture to chest.
2580,4,sacred-stories-09-wisahketchahk-and-the-rapids-coming-day,piyisk ômayikohk iskopêw nipiy.,At last he was up to here in the water.,literal,literal,True,"The footnote describes a gesture accompanying 'ômayikohk', but the phrase itself is a literal spatial indication ('up to here') rather than a metaphor, simile, or idiom.",[3] LB on omayikohk :  Gesture to chest.
2580,5,sacred-stories-09-wisahketchahk-and-the-rapids-coming-day,"êkoyikohk pasikôw, pêyak askiy, ""blblblbl!"" ê-itwêt.","Only then he arose to his feet, having said, “Blblblbl!” for a whole year.",literal,literal,False,Narrative of standing and making a sound for a year; no non-literal expression.,[3] LB on omayikohk :  Gesture to chest.
2592,0,sacred-stories-10-wisahketchahk-and-the-magic-headgear-coming-day,"tâpwê otinam, ê-nitawi-manisahk otêyaniy.","So he took it, and went out and cut out the tongue.",literal,literal,False,The footnote only discusses a possible omitted word and does not describe any figurative language; the sentence appears to be a literal description of actions.,[1] LB on tâpwêh otinam :  Probably the word môhkomân : “knife” has dropped out in record.
2606,0,sacred-stories-10-wisahketchahk-and-the-magic-headgear-coming-day,"""yahô, nisîm, êkosi êsi-kîskwêhkwasiskiyân!"" ""awa êtokê ka-otinamân kiwîskwêpitâkan!"" itêw, ê-kêtôwatêt, kâwi ê-tahkopitahk.","“Dear me, little brother, I am afflicted with sleep-walking like this! And here it seems I have taken your sacred bundle!” he told him, removing his burden and tying it back in its place.",literal,literal,True,"The footnote only discusses a grammatical error (animate 'awah' used with inanimate verb) and does not describe figurative language; reading the sentence directly reveals no metaphors, similes, or idioms.","[2] LB on awah :  The animate form awah : “this” is a slip of record or speech, since the following verb has inanimate form of object."
2619,0,sacred-stories-10-wisahketchahk-and-the-magic-headgear-coming-day,"mîna ê-tipiskâyik, âsay mîna ê-nipâyit, otinam, ê-wîwahot, mîna ê-tapasît, ê-sôhki- ê-tapasît.","The next night, as soon as the other slept, again he took the thing slung the bundle across his shoulder, and again made off, fleeing with all his might.",literal,literal,True,The sentence describes actions plainly; the footnote queries the form êh-sôhkih but does not indicate any figurative usage.,[3] CHECK êh-sôhkih.  HCW: fragment
2619,1,sacred-stories-10-wisahketchahk-and-the-magic-headgear-coming-day,"iyikohk mîna ê-wî-wâpahk, âsay mîna wî-nipâw.","When dawn again was near, again he meant to sleep.",literal,literal,False,"The sentence simply states that dawn was near and he intended to sleep, with no figurative language.",[3] CHECK êh-sôhkih.  HCW: fragment
2619,2,sacred-stories-10-wisahketchahk-and-the-magic-headgear-coming-day,kîhcêkosîw ispimihk.,He climbed high up on a tree.,literal,literal,False,"The sentence literally says he climbed high into a tree, with no metaphor or simile.",[3] CHECK êh-sôhkih.  HCW: fragment
2619,3,sacred-stories-10-wisahketchahk-and-the-magic-headgear-coming-day,"êkota êkwa nipâw, mîna ê-asitahpisot.","There he went to sleep, after again tying himself fast.",literal,literal,False,"The sentence plainly states he slept there after tying himself, no figurative meaning.",[3] CHECK êh-sôhkih.  HCW: fragment
2626,0,sacred-stories-11-the-bear-woman-coming-day,"cîki ê-ihtât wîkihk, kâ-wâpahtahk mistahi ê-astêyiki mihta wîkihk.","When he was near his dwelling-place, he saw a great pile of firewood by his tent.",literal,literal,False,Describes a literal scene of approaching a dwelling and seeing firewood.,"[1] LB on awiyak ê-kîh-takohtêt :  Short, simple speeches are often conjunct."
2626,1,sacred-stories-11-the-bear-woman-coming-day,"ay-itêyihtam; ""awiyak ê-kî-takohtêt,"" êkosi itêyihtam.","He wondered about it; “It must be that someone has come,” he thought. He was glad.",literal,literal,True,"The footnote notes that the reported speech uses a conjunct form, which is a grammatical observation, not figurative language. The sentence is literal.","[1] LB on awiyak ê-kîh-takohtêt :  Short, simple speeches are often conjunct."
2626,2,sacred-stories-11-the-bear-woman-coming-day,"miywêyihtam. ê-pîhtokêt, nama awiya wâpamêw, êsa kâ-wêpâhtakahikêwihk.","When he entered, he saw nobody, though it was plain that someone had swept the place.",literal,literal,False,"Describes entering and seeing no one, noting cleaned area, all literal.","[1] LB on awiyak ê-kîh-takohtêt :  Short, simple speeches are often conjunct."
2626,3,sacred-stories-11-the-bear-woman-coming-day,mihtâtam êkâ ê-wâpamât awiya.,He was sorry that he saw no one.,literal,literal,False,"Expresses his feeling of sorrow at seeing no one, literal.","[1] LB on awiyak ê-kîh-takohtêt :  Short, simple speeches are often conjunct."
2626,5,sacred-stories-11-the-bear-woman-coming-day,"""tânêhki ôma êkâ kâ-ôh-apit awiyak?"" itêyihtam.",“How is it that there is no one here?” he thought.,literal,literal,False,"A direct question expressing his thought, literal.","[1] LB on awiyak ê-kîh-takohtêt :  Short, simple speeches are often conjunct."
2626,6,sacred-stories-11-the-bear-woman-coming-day,pôti ita kâ-apit maskisina miskam.,"Lo, there where he sat, he found some moccasins.",literal,literal,False,"Exclamation at finding moccasins, literal.","[1] LB on awiyak ê-kîh-takohtêt :  Short, simple speeches are often conjunct."
2626,7,sacred-stories-11-the-bear-woman-coming-day,"mistahi miywêyihtam, ""iskwêw mâskôc kâ-kî-takohtêt,"" ê-itêyihtahk; ""kîkisêpâ nika-mâcîn;"" ""nika-kakwê-kêsiskawâw, mîna takohtêci,"" ê-itêyihtahk.","He was very glad, thinking, “A woman perhaps is the one who came here. In the morning I shall hunt; I shall try to come upon her while she is here, if she comes again,” he thought.",literal,literal,False,"Relays his gladness and detailed thoughts about a possible female visitor and hunting plans, all literal.","[1] LB on awiyak ê-kîh-takohtêt :  Short, simple speeches are often conjunct."
2647,0,sacred-stories-11-the-bear-woman-coming-day,"""wîcôhkamawin,"" itwêw awa iskwêw; ""'tânisi ê-tôtahk?' kâ-itêyihtaman, ka-kiskêyihtên tânisi ê-tôtamân,"" itwêw awa iskwêw.","“Help me,” said the woman; “Since you have been thinking, ‘How does she do it?’ you shall now know how I do,” she said.",literal,literal,False,"The footnote concerns a possible variant spelling and does not indicate figurative language; the sentence itself is a straightforward request and statement with no metaphors, similes, or idioms.",[2] LB on wîciwôhkamawin :  Error or real variant?  The usual form would be wîcôhkamawin .
2673,0,sacred-stories-12-the-bearsark-woman-louis-moosomin,"êkwa kisiwâk wîkiwâhk kâ-pê-nipahihtwâwi ôki maskosisak, sêmâk awa iskwêw kisiwâsiw êsa.","Then when, close to the lodge those bear-cubs were killed, at once that woman grew angry.",literal,literal,True,The footnote only asks about the iterative form; the sentence is a literal statement of the woman growing angry.,[1] LB on kâ-pih-nipahihtwâwi :  Why iterative?
2673,1,sacred-stories-12-the-bearsark-woman-louis-moosomin,"onâpêma kîhkâmêw; wayawî-kwâskohtiw; nitawi-otinêw ôhi kâ-kî-osihât oskotâkaya, ôhi maskwayâna.","She upbraided her husband; she sprang out of the lodge; she went and took that mystic dress she had made, that bear-skin robe.",literal,literal,False,The sentence describes a sequence of literal actions.,[1] LB on kâ-pih-nipahihtwâwi :  Why iterative?
2673,2,sacred-stories-12-the-bearsark-woman-louis-moosomin,êkosi isi ati-isi-kwêskîmôw.,At once she thus changed her bodily form.,literal,literal,False,The transformation is a literal magical event in the story.,[1] LB on kâ-pih-nipahihtwâwi :  Why iterative?
2673,3,sacred-stories-12-the-bearsark-woman-louis-moosomin,pîhtikwê-kwâskohtiw kêhciwâk wîkiwâhk; onâpêma ati-nipahêw.,She came bounding right into the lodge; she killed her husband.,literal,literal,False,The bounding and killing are literal actions.,[1] LB on kâ-pih-nipahihtwâwi :  Why iterative?
2673,4,sacred-stories-12-the-bearsark-woman-louis-moosomin,êkota ohci mitoni kahkiyaw ayîsiyiniwa mêscihêw.,Then she killed off all the people.,literal,literal,False,Literal statement of killing all people.,[1] LB on kâ-pih-nipahihtwâwi :  Why iterative?
2673,5,sacred-stories-12-the-bearsark-woman-louis-moosomin,"mitoni êsa ê-mihcêtihk, êwakoni kahkiyaw mitoni nipahêw.","Although there were many of then, she killed them all. Only her mother she spared.",literal,literal,False,Literal narration of killing despite many people.,[1] LB on kâ-pih-nipahihtwâwi :  Why iterative?
2673,6,sacred-stories-12-the-bearsark-woman-louis-moosomin,"okâwiya piko iskohêw. âta ê-pâ-pâskisoht, namôya êsa kî-sâkôcihâw; namôya kî-nipahâw, piyisk êkosi isi kahkiyaw ayîsiyiniwa kâ-kîsi-mêscihât.","Although she was shot at again and again, she could not be overcome; it was impossible to kill her, so that at last she thus had exterminated those people.",literal,literal,False,Literal description of her invulnerability and extermination.,[1] LB on kâ-pih-nipahihtwâwi :  Why iterative?
2673,7,sacred-stories-12-the-bearsark-woman-louis-moosomin,"êkwa awa oskinîkiw kîwôtêw, êwako awa omisa kâ-wâkayôsiwiyit.","Then that young man went visiting, whose elder sister was the woman who had turned into a bear.",literal,literal,False,Literal statement about the young man and his transformed sister.,[1] LB on kâ-pih-nipahihtwâwi :  Why iterative?
2673,8,sacred-stories-12-the-bearsark-woman-louis-moosomin,êkwa awa iskwêw ôhtâwiya iskohêw. ôhcitaw ê-wî-kakwâtakihât.,"And that woman had spared her father, only so as to torture him.",literal,literal,False,Literal explanation of sparing to torture.,[1] LB on kâ-pih-nipahihtwâwi :  Why iterative?
2673,9,sacred-stories-12-the-bearsark-woman-louis-moosomin,"tâpwê pêyak mistahi kwâtakihêw okâwiya, mîna osîmisa pêyak, êwakoni piko ê-iskohât.","Truly, she tormented her mother and her little sister, having spared only them.",literal,literal,False,Literal account of tormenting specific relatives.,[1] LB on kâ-pih-nipahihtwâwi :  Why iterative?
2673,10,sacred-stories-12-the-bearsark-woman-louis-moosomin,"êkwa mâna piko itê ê-papâmâcihot, piyê-takohtêci piko nayêstaw ê-kîhkâmât, nanâtohk ê-isi-kwâtakihât, kiyikaw ê-saskahwât, misiwê êsa omikîwak ôki kêhtê-ayak mîna awa iskwêsis. mistahi êsa kitimahêw.","When she had been going about here and there, when she came back, she would do nothing but scold them, and torment them in various ways, burning them pell-mell, so that those old people and that little girl were all covered with scars.",literal,literal,False,Literal description of wandering and mistreatment.,[1] LB on kâ-pih-nipahihtwâwi :  Why iterative?
2673,11,sacred-stories-12-the-bearsark-woman-louis-moosomin,"kîtahtawê awa oskinîkiw kâ-takohtêt, ""tânêhki ôma?"" itêyihtam, ita ôma kâ-kî-mihcêtiyit ayîsiyiniwa kahkiyaw ê-mêscihimiht.","She kept them in a grievous state. Presently, when that young man arrived, “What can be the matter?” he thought, since all the many people there had been killed.",literal,literal,False,Literal thought and situation of the young man.,[1] LB on kâ-pih-nipahihtwâwi :  Why iterative?
2673,12,sacred-stories-12-the-bearsark-woman-louis-moosomin,"pêyak piko mîkiwâhp wâpahtam, ohpimê ê-cimatêyik.","He saw only one tipi, standing off to one side.",literal,literal,False,Literal observation of a tipi; 'standing' is a conventional descriptor.,[1] LB on kâ-pih-nipahihtwâwi :  Why iterative?
2673,13,sacred-stories-12-the-bearsark-woman-louis-moosomin,"êkwa kîtahtawê osîmisa kâ-wâpamât, ê-nitawi-tâpakwêyit, wâposwa ê-wî-kakwê-nipahâyit.",Then presently he saw his little sister going out to snare rabbits.,literal,literal,False,Literal sighting of the sister snaring rabbits.,[1] LB on kâ-pih-nipahihtwâwi :  Why iterative?
2683,0,sacred-stories-12-the-bearsark-woman-louis-moosomin,"""hâ, namôya, nitânis!"" ""'mâskôc mistahi manitôwiw,' ê-itêyimitân, kâ-ôh-nôhtê-kiskêyihtamân tânimatôwihk ta-onipiwiniyan.""","“Oh, no, my daughter! Because I thought of you, ‘Doubtless she is greatly endowed with spirit power,’ is why I wish to know in what part you have your vital spot.”",literal,literal,False,"The footnote discusses morphology of 'onipôwiniyan' without indicating any figurative language, and the sentence is a direct statement about wanting to know the location of the vital spot.","[2] LB on t-ônipôwiniyan :  The regular formation from nipiw : “he dies” would be nipiwin : “death” (cf. onipiwin : “his death” earlier in this text) and onipiwiniw : “he has his death.”  But the form here in the text is probably recorded right: nipôwin : “death” and onipôwiniw : “he has his death” are probably relics of the time when “to die” was an irregular verb, cf. Fox nepwa , Menomini nepoah : “he dies,” Fox nepôweni : “death”."
2693,0,sacred-stories-13-little-snow-dart-simon-mimikwas,"kîtahtawê ê-pipohk mihcêt awâsisak mâ-mêtawêwak mistikwa; sôsimêwak, mitâtaht nîsosâp.","At one time, in winter, many children were playing with sticks; they were throwing snow-darts, twelve of them.",literal,literal,False,"Footnote explains the literal object 'sôsimêwak' (snow-dart), no figurative language described.","[1] LB on sôsimêwak :  Throwing the snow-dart, sôsimân , animate gender.  A Cree friend later made me a pair:  the dart consists of a cigar-shaped piece of light wood, about 5 inches long and about 1 inch in diameter, ornamented with a burnt pattern, and fixed on a slender reed.  These are thrown so as to speed along the ice or hard snow.  The sport has gone out of use."
2693,1,sacred-stories-13-little-snow-dart-simon-mimikwas,êkwa sôsimâna êkoni mitihtêwak.,They followed the snow-darts.,literal,literal,False,"Literal description of following snow-darts, footnote does not address this sentence.","[1] LB on sôsimêwak :  Throwing the snow-dart, sôsimân , animate gender.  A Cree friend later made me a pair:  the dart consists of a cigar-shaped piece of light wood, about 5 inches long and about 1 inch in diameter, ornamented with a burnt pattern, and fixed on a slender reed.  These are thrown so as to speed along the ice or hard snow.  The sport has gone out of use."
2693,2,sacred-stories-13-little-snow-dart-simon-mimikwas,"awiyak itê poyoyici osôsimâna, êkotê ta-ôh-pê-kîwêcik.",From wherever anyone's snow-dart stopped in its course they would go home.,literal,literal,False,"Literal condition about going home from where dart stopped, no figurative language.","[1] LB on sôsimêwak :  Throwing the snow-dart, sôsimân , animate gender.  A Cree friend later made me a pair:  the dart consists of a cigar-shaped piece of light wood, about 5 inches long and about 1 inch in diameter, ornamented with a burnt pattern, and fixed on a slender reed.  These are thrown so as to speed along the ice or hard snow.  The sport has gone out of use."
2694,1,sacred-stories-13-little-snow-dart-simon-mimikwas,piyis nîso piko ayisiyiniwak.,At last only two were left.,literal,literal,False,"The footnote comments on the word 'ayêsinwak' as a probable error, not figurative language, and the sentence is a plain statement of fact.",[2] LB on ayêsinwak :  Probably an error.
2694,2,sacred-stories-13-little-snow-dart-simon-mimikwas,"piyisk nêwâw na-nipâwak; ê-otâkosihk êkwêyâk otihtêwak osôsimâna, êwako ê-apisîsisit osîmimâw, êwako nâpêsis osôsimâna.","Four nights they slept on the way; not till the next morning did they reach the snow-dart of the smallest one, the youngest brother, that boy's snow-dart.",literal,literal,False,The footnote does not relate to this sentence; the description of nights slept and reaching the snow-dart is literal narrative.,[2] LB on ayêsinwak :  Probably an error.
2694,3,sacred-stories-13-little-snow-dart-simon-mimikwas,êkosi êwako iskwêyâc otihtêwak nêwâw mwêhci ê-nipâcik.,"This one they reached last, after four nights.",literal,literal,False,"A straightforward statement about the order of arrival, with no figurative elements.",[2] LB on ayêsinwak :  Probably an error.
2694,4,sacred-stories-13-little-snow-dart-simon-mimikwas,êkosi osîhtâwak mistikwa ohci wîkiwâw.,Thereupon they built a tent for themselves out of sticks.,literal,literal,False,"Directly describes building a tent from sticks, with no non-literal meaning.",[2] LB on ayêsinwak :  Probably an error.
2709,0,sacred-stories-13-little-snow-dart-simon-mimikwas,kîtahtawê ê-nîsicik awâsisak mâka mîna sôsimêwak. ma-mitihtêwak.,"Then again, at another time the two children threw snow-darts and followed them.",literal,literal,False,"The sentence describes literal actions of throwing and following snow-darts; footnote [3] only notes merged sentences, no figurative language.",[3] Merged three sentences
2709,1,sacred-stories-13-little-snow-dart-simon-mimikwas,êkoni. nikotwâsik ê-nipâcik otihtêwak osôsimâniwâwa.,After six nights on the way they reached their snow-darts.,literal,literal,False,The sentence literally states they reached their snow-darts after six nights; footnote is not about figurative language.,[3] Merged three sentences
2709,2,sacred-stories-13-little-snow-dart-simon-mimikwas,kotaka mîkiwâhpa êkotê kiyôtêwak.,There they visited some other lodges.,literal,literal,False,The sentence literally says they visited other lodges; no figurative meaning.,[3] Merged three sentences
2709,3,sacred-stories-13-little-snow-dart-simon-mimikwas,tâpwê pêhtâkwan ê-takohtêcik.,The report went round that they had come.,literal,literal,False,"The Cree 'pêhtâkwan' means 'it is heard', a literal expression for news spreading; not idiomatic, no metaphor.",[3] Merged three sentences
2721,0,sacred-stories-14-little-snow-dart-adam-sakewew,"kîtahtawê wîkiwak ayîsiyiniwak, nîso okimâwak, pêyak macihkiwis ôhtâwiya.","Once upon a time some people dwelt in a place, and there were two chiefs, and one of them was Silly-Fellow's father.",literal,literal,False,Plain narrative statement; the footnote comments on the character but does not indicate figurative language.,[2] LB on macihkiwis :  In this tale the position of this person is much like that of Wisahketchahk. On Star-Blanket Reserve one of my informants identified the two.
2721,1,sacred-stories-14-little-snow-dart-adam-sakewew,kîtahtawê awâsisak mihcêt sôsimêwak.,Then at one time many of the children played at throwing snow-darts.,literal,literal,False,Straightforward description of children playing; no figurative language indicated by the footnote.,[2] LB on macihkiwis :  In this tale the position of this person is much like that of Wisahketchahk. On Star-Blanket Reserve one of my informants identified the two.
2725,0,sacred-stories-14-little-snow-dart-adam-sakewew,"kîtahtawê ê-otâkosiniyik, awîna ôma, kî-mihtiskâyiw.","Presently, as evening came on, they were deep in the woods.",literal,literal,True,"The footnote [3] comments on the unknown word kî-mihtiskâyiw, stating the translation is a guess, with no mention of figurative language.",[3] LB on kî-mihtiskâyiw :  Unknown word; translation a guess.
2725,1,sacred-stories-14-little-snow-dart-adam-sakewew,kêkâc pahkisimoyiw; kwayask ômisi isi cimasoyiwa osôsimâna.,"It was near sunset; there, standing straight upright in the snow, like this, was the boy's snow-dart.",literal,literal,False,The sentence describes a physical scene literally; the footnote does not refer to this sentence.,[3] LB on kî-mihtiskâyiw :  Unknown word; translation a guess.
2725,2,sacred-stories-14-little-snow-dart-adam-sakewew,êkoyikohk yôtiniyiw; misponiyiw.,Just then the wind began to blow; it snowed.,literal,literal,False,The sentence states weather conditions plainly; the footnote does not refer to this sentence.,[3] LB on kî-mihtiskâyiw :  Unknown word; translation a guess.
2753,1,sacred-stories-14-little-snow-dart-adam-sakewew,kitâpamêw awa macihkiwis.,Silly-Fellow watched them.,literal,literal,False,The sentence 'Silly-Fellow watched them' is a straightforward narrative statement with no figurative language.,[4] LB on k-ôyâtamiyit :  Unknown word; translation a guess.
2753,2,sacred-stories-14-little-snow-dart-adam-sakewew,"tâpwê pîhtokêpayiyiwa sôsimâna, konita kâ-oyâtamiyit awâsisa, ê-miywêyihtamiyit, ê-wiyanihtâkêyit.","Really, the snow-darts came flying into the house, and boys cheered loudly with joy, and set about cleaning the game.",literal,literal,True,"Footnote [4] notes the word 'oyâtamiyit' is unknown and the translation a guess, but this does not indicate figurative language; the rest of the sentence describes events literally.",[4] LB on k-ôyâtamiyit :  Unknown word; translation a guess.
2754,0,sacred-stories-14-little-snow-dart-adam-sakewew,"""â, nisîmitik, ka-wîcêtinâwâw."" ""osâm ninôhtêhkatân itê kâ-ohtohtêyân, êkâ awiyak ê-kî-minahot, ê-nôhtêhkatêhk, piko ê-mêtawêhk, êkosi ê-isi-mîcisohk,"" itwêw.","“Oh, little brothers, let me stay with you. I go hungry too much in the place whence I come, because no one there can kill any game, and all go hungry and eat only as one eats after a contest,” he said.",literal,literal,True,"The footnote explains the cultural practice behind the phrase 'eat only as one eats after a contest,' indicating it is a literal description of a real event, not figurative language.","[5] LB:  That is, the two chiefs, in person or by proxy, would engage in contests of magic power, each setting as stakes an agreed number of his followers, to be killed and eaten by the other side, in case of defeat."
2771,0,sacred-stories-14-little-snow-dart-adam-sakewew,"""kîkwâkanihk ôma ê-kî-nâtamân?"" itêyihtam.",“What on earth was I going after?” he thought.,idiom,idiom,True,"Bloomfield's footnote describes 'kêkwânanihk' as an unknown word or phrase, suggesting an idiomatic expression.",[7] LB on kêkwânanihk :  Unknown word (or phrase?).
2787,0,sacred-stories-14-little-snow-dart-adam-sakewew,"êkosi ê-pîhtokêt wîkiwâhk, ""nisîm mîsihtâw osôsimânisiw."" ""nikî-otinâw, ê-tâpâhkômak, nôhtâ,"" itêw ôhtâwiya; ""ôta awa nôhkominân kâ-wîkit, êwako ôsisima kâ-mîsihtâyit."" ""mâka ninitawi-wîhtamawâw nôhkom,"" itwêw; ""'wâpahki kita-pê-piciw kôhtâwînaw nôhkom mîna.'"" ""'kahkiyaw ayîsiyiniwak ta-pê-piciwak,' ê-itwêt nisîm kâ-osôsimânisiw,"" itêw ôhtâwiya.","So, when he entered their tipi, “My brother, Little Snow-Dart, has a store of meat. I have taken him up, adopted him, father,” he told his father; “This grandmother of ours who lives right here, it is her grandson has the store of meat. But I am going to tell my grandmother about it,” he said; “‘Tomorrow let our father move his camp here, and my grandmother, too. All the people are to move camp to this place,” says my brother, Little Snow-Dart,” he told his father.",literal,literal,False,The footnote discusses the morphology of 'kita-pê-piciw' (preverb particle/initial stem) and makes no mention of figurative language; the sentence is a literal instruction to move camp.,"[8] LB on kita-pê-piciw :  A preverb particle, such as pêh : “hither” is freely added to any verb, e.g., pêhitohtêw : “he walks hither.”  An initial stem, such as pê- : “hither” is never added to a word, but appears only before non-initial elements, as in pêpahtâw : “he runs hither,” where -pahtâ- : “run” is an element that never occurs in word-initial.  Thus: particle: initial stem: papêh papâm- : “around, about” isih it- : “thither, thus” ohcih, ôh oht- : “thence, therefore” and many others. There is overlapping of two kinds.  In central Algonquian certain initials and non-initial stems are alike (except for the difference implied by these names), e.g. Cree pici- and -pici- : “move camp,” whence pêh-piciw and pêpiciw : “he moves camp hither,” probably with some difference of meaning. The other kind of overlapping is peculiar to Cree, and probably due to phonetic alterations which shifted the boundary between t (which occurs at the end of many initial stems) and c (which occurs as the penult of many particles).  Thus pêcâstam- : “facing hither,” as, e.g. in pêcâsamohtêw : “he walks facing hither” looks as though it contained a preverb particle * pêcih : “hither,” which otherwise is unknown in Plains Cree, or else an initial stem pêc- , a form unparalleled in Cree and in the related languages.  The initial stem here was really * pêt- ; Cree pêcâstam- is a phonetic or analogic modification of * pêcâstam- , cf. Menomini pîtâ'namôhnew : “he walks facing hither.”  Similarly Cree mistatim : “horse” for * mistastim (or * misc-astim , or * mis-astim ).  Cf. Introduction."
2798,0,sacred-stories-14-little-snow-dart-adam-sakewew,"""hâ, nisîm, miskwamîhk ê-mêtawêhk."" ""êkosi mâna kôhtâwiyinaw piko ê-nâ-nakâhtwât,"" itâw.","“Oh, little brother, it is a contest on the ice. And in this our father is always defeated,” he was told.",literal,literal,False,The footnote solely explains word formation; it does not indicate any figurative language. The English translation is straightforward with no non-literal elements.,"[9] LB on ê-nâ-nakâhtwât :  Freely formed secondary derivative nakâhtwâw : “he stops people,” from a freely formable * nakâhêw , * nakâhtâw : “he stops him, it”; cf. sâkohêw , sâkohtâw : “he overcomes him, it” and sâkohtwâw : “he overcomes people.”  Yet the actual translation is a guess."
2804,1,sacred-stories-14-little-snow-dart-adam-sakewew,"kipaskiyâkawinâwâw."" ""konita ita miskwamiya kî-pikwâskawât kôhtâwiy, 'nâh-nama awiyak!' ka-kî-itwâhtânaw!"" itâw; ""mâka tâpi-pimotam,"" itâw.","You have been defeated. If your father had broken through the ice, no matter where, then we could have cried, ‘They are done for!’” he was told; “But he has merely followed the other's lead,” he was told.",idiom,idiom,True,"The footnote describes the term tâpi-pimotam (he shoots it) as an idiom meaning 'taking one's turn in any kind of contest,' which appears in this sentence.",[10] LB on tâpi-pimotam :  The term pimotam : “he shoots (it)” is used for taking one's turn in any kind of contest.
2808,0,sacred-stories-14-little-snow-dart-adam-sakewew,"ê-ititâmot, kawipayihôw: amisk.","As he sang, he threw himself to the ground: a beaver.",literal,literal,True,"Footnote [12] says the translation is a guess due to an unknown word, but identifies no figurative language; the sentence appears to describe a literal transformation.",[12] LB on êh-itotâmot :  Unknown word; translation a guess.
2808,2,sacred-stories-14-little-snow-dart-adam-sakewew,"pêkamahwâci miskwamiya, anita misiwê kâ-ma-matwêskopayiyik.","Whenever he struck the ice, everywhere crashing it would break.",literal,literal,False,No footnote applies; the sentence literally describes striking ice and its breaking.,[12] LB on êh-itotâmot :  Unknown word; translation a guess.
2811,0,sacred-stories-14-little-snow-dart-adam-sakewew,"konita êkwa sâkowêw macihkiwis, opispâskwatôwi-pakamâkan ê-tahkonahk.","At this, Silly-Fellow cheered wildly, and laid hold of his knobbed war-club.",literal,literal,False,"The footnote discusses the derivation of 'opispâskwatôwi-pakamâkan' as a compound meaning 'knobbed war-club', with no indication of figurative language.","[13] LB on opispâskwatôwi-pakamâkan :  If correctly recorded, probably some kind of reduplication of piskw- : “lump,” as in piskwahcêw : “it is lumpy land.”"
2811,1,sacred-stories-14-little-snow-dart-adam-sakewew,kêhcinâhôwak ê-sâkôcihihcik.,They saw beyond doubt that they were defeated.,literal,literal,False,"The sentence describes seeing they were defeated, with no figurative language indicated.","[13] LB on opispâskwatôwi-pakamâkan :  If correctly recorded, probably some kind of reduplication of piskw- : “lump,” as in piskwahcêw : “it is lumpy land.”"
2811,2,sacred-stories-14-little-snow-dart-adam-sakewew,"hâh, paskiyâkêw kâ-osôsimânisiw.","Oh, Little Snow-Dart had defeated the opponent.",literal,literal,False,"The sentence states that Little Snow-Dart defeated the opponent, with no metaphorical or idiomatic expression.","[13] LB on opispâskwatôwi-pakamâkan :  If correctly recorded, probably some kind of reduplication of piskw- : “lump,” as in piskwahcêw : “it is lumpy land.”"
2816,0,sacred-stories-14-little-snow-dart-adam-sakewew,"""pêyakwanaskât ê-wî-pimotamihk."" ""êwako mâna sôskwâc nipaskiyâkawinân,"" itwêw macihkiwis.","“One withy is to be shot. In this we are always defeated at once,” said Silly-Fellow.",literal,literal,True,The footnote discusses the word 'pêyak wanaskât' but does not indicate any figurative meaning; the sentence is literal.,"[14] LB on pêyak wanaskât :  I do not know whether pêyak wanaskât is one or two words, i.e. whether the independent word wanaskât is found in Cree or not."
2822,0,sacred-stories-14-little-snow-dart-adam-sakewew,êkwa awa osôsimâna isiwêpinêw.,Then he flung his snow-dart at it.,literal,literal,False,The sentence describes a physical action literally; no figurative language is present.,[15] LB on kwaskipayiyiyiwa :  Probably an error of record; perhaps for kwêsk- : “twisting to one side.”
2822,1,sacred-stories-14-little-snow-dart-adam-sakewew,sêmâk konita itê itakociniyiwa.,At once it went speeding in every direction through the air.,literal,literal,False,"The description of the dart's erratic flight is a literal account; no metaphor, simile, or idiom is used.",[15] LB on kwaskipayiyiyiwa :  Probably an error of record; perhaps for kwêsk- : “twisting to one side.”
2822,2,sacred-stories-14-little-snow-dart-adam-sakewew,piyis kwaskipayiyiwa.,At last it whirled round.,literal,literal,True,"The footnote suggests a possible recording error for 'kwaskipayiyiwa', but the phrase remains a literal description of whirling; no figurative language is indicated.",[15] LB on kwaskipayiyiyiwa :  Probably an error of record; perhaps for kwêsk- : “twisting to one side.”
2822,3,sacred-stories-14-little-snow-dart-adam-sakewew,pôti kwayask kâ-môskîstamiyit osôsimâna; tawaham.,"Lo and behold, his snow-dart made straight for the mark; he struck it square.",literal,literal,False,The sentence literally states that the dart hit the mark straight on; no non-literal expression is present.,[15] LB on kwaskipayiyiyiwa :  Probably an error of record; perhaps for kwêsk- : “twisting to one side.”
2822,4,sacred-stories-14-little-snow-dart-adam-sakewew,"ohtakocin awa sôsimân, konita kâ-sâkowêt macihkiwis, ê-ati-pakamahwât ôhi astwâkêwina.","Down fell the snow-dart, and wildly whooped Silly-Fellow, as he began to club, one after the other, those who had been set as stakes.",literal,literal,False,"The actions of falling, whooping, and clubbing are described literally; no figurative language is detected.",[15] LB on kwaskipayiyiyiwa :  Probably an error of record; perhaps for kwêsk- : “twisting to one side.”
2832,0,sacred-stories-14-little-snow-dart-adam-sakewew,"êkwa awa kâ-osôsimânisiw wîci-pakêsa êwako, ""oskac ê-pawâmiyân, atihkwasiniy nikî-kitimâkêyimik!"" itwêw, ê-kawipayihot.","Then the opponent who was paired with Little Snow-Dart, said, “When first I dreamt, the elk-ball took pity on me!” and threw himself on the ground.",idiom,idiom,True,"The footnote explains that 'atihkwasiniy' literally means 'elk-stone' but is a conventional term for a gun-bullet, indicating an idiomatic usage.","[16] LB on atihkwasiniy :  Literally “elk-stone,” but what is it? môsw-asiniy , môsasiniy : “moose-stone” is a gun-bullet."
2834,0,sacred-stories-14-little-snow-dart-adam-sakewew,"êkwa awa kâ-osôsimânisiw, ""oskac ê-pawâmiyân, âkwask kika-apin."" ""âpihtaw miskwamîhk kika-tihkicêskiwakisin!"" itwêw; ""oskac ê-pawâmiyân, nêyâhtakâw nikî-kitimâkêyimikon!"" itwêw.","Then Little Snow-Dart said, “As first I dreamt, on ahead you will stay still. Half-way across the ice you will flounder as though mired!” he said; “When first I dreamt, the treetop took pity on me!” he said.",metaphor,metaphor,False,"The sentence contains metaphorical expressions: 'flounder as though mired' (implied comparison of ice to mud) and 'treetop took pity' (personification). No explicit simile marker in Cree; the footnote only discusses lexical meaning, not figurative language.","[18] LB on kika-têhkicêskiwakisinin : têhk- is unknown to me; perhaps an error of record for tihtip- : “turning over or round,” cf. below.  The medial -cêskiwak- means “mud, sticky stuff.”
[19] LB on nêyâhtakâw :  Translation a guess; cf. nêyâw : “promontory.”"
2845,0,sacred-stories-14-little-snow-dart-adam-sakewew,"""hâw, êhtasihk êkwa!"" itâwak.","“Come, in full number now!” they were told.",literal,literal,False,"The footnote discusses a potential recording error, not figurative language; the sentence is a literal command.",[20] LB on êyâhtasihk :  The first two syllables may be wrongly recorded.
2854,0,sacred-stories-14-little-snow-dart-adam-sakewew,êkwa awa nîkân pimotam macihkiwis ôhtâwiya.,Then Silly-Fellow's father had the first turn.,literal,literal,False,"The sentence describes a character taking a turn in a literal sense, with no figurative language or reference in the footnote.",[21] LB on k-âyôtôcikâtihcik :  The allusion is plainly to the hell-diver duck; the difficulty is that the present passage seems to imply a difference between the “diver-duck” ( sihkihp ) and “the one that is made merry over.”
2854,1,sacred-stories-14-little-snow-dart-adam-sakewew,"kâ-wîci-pakêsêyit kâ-misikiticik sihkihpak êkotowihk, piko ita ê-pikwâskawât miskwamiya; êkwa awa macihkiwis ôhtâwiya itôwahk kâ-ayôtôcikâtihcik êkotôwahk.","His opponent was in the shape of a great diver-duck, crushing through the ice wherever it went; and Silly-Fellow's father was one of those that are made merry over.",idiom,idiom,True,"The footnote directly addresses k-âyôtôcikâtihcik ('those that are made merry over') as an allusion, identifying it as a conventional non-literal phrase.",[21] LB on k-âyôtôcikâtihcik :  The allusion is plainly to the hell-diver duck; the difficulty is that the present passage seems to imply a difference between the “diver-duck” ( sihkihp ) and “the one that is made merry over.”
2854,2,sacred-stories-14-little-snow-dart-adam-sakewew,"êkwa kâwi ita wêh-pêkopêyici, êkota ohci-kôkîw awa macihkiwis ôhtâwiya.","Then from wherever the other came to the surface, from there Silly-Fellow's father would emerge after his dive.",literal,literal,False,The sentence describes a diving action literally; no figurative language is present and the footnote does not apply.,[21] LB on k-âyôtôcikâtihcik :  The allusion is plainly to the hell-diver duck; the difficulty is that the present passage seems to imply a difference between the “diver-duck” ( sihkihp ) and “the one that is made merry over.”
2857,0,sacred-stories-14-little-snow-dart-adam-sakewew,mitoni misikitiw amisk.,Very large was the beaver.,literal,literal,False,Plain description of the beaver's size; no figurative language present.,[22] LB on kâ-sêhkwêpiyit :  Unknown word; perhaps an error of record.
2857,1,sacred-stories-14-little-snow-dart-adam-sakewew,"pêkamahahki, osoy ohci misiwê mamatwêskopayiyiw.","Whenever it struck anything with its tail, in all directions it went crashing.",literal,literal,False,Literal account of the beaver striking with its tail and causing a crash; no implicit comparison or fixed expression.,[22] LB on kâ-sêhkwêpiyit :  Unknown word; perhaps an error of record.
2857,2,sacred-stories-14-little-snow-dart-adam-sakewew,"êkosi asawâc itê ohci kôkîw, konita mâna miskwamiya kâ-sêhkwêpiyit, itê piyêkopêyici.","It dived from the other direction, and always the ice went breaking, wherever it came to the surface.",literal,literal,True,"Describes diving and ice breaking; the footnote marks 'kâ-sêhkwêpiyit' as an unknown or erroneous word, not a figurative trope.",[22] LB on kâ-sêhkwêpiyit :  Unknown word; perhaps an error of record.
2857,3,sacred-stories-14-little-snow-dart-adam-sakewew,kêtahtawê mitoni ôta sisonê piyêkopêyit.,"Suddenly it came to the surface right there, very close to the shore.",literal,literal,False,"Reports the beaver surfacing near the shore; straightforward, non-figurative statement.",[22] LB on kâ-sêhkwêpiyit :  Unknown word; perhaps an error of record.
2859,0,sacred-stories-14-little-snow-dart-adam-sakewew,"nikamôw: ""niya niwâpi-mâkôwin!"" itwêw, miskwamîhk ê-pakicît.","He sang: “I am a white loon, I!” he sang, as he alighted on the ice.",literal,literal,False,"The footnote discusses an unexpected morphological form, not figurative language; the statement 'I am a white loon' is taken literally in the context of traditional stories where characters may be animals.","[23] LB on niwâpamâkôwin :  One expects niwâpimâkôwin ;  if the text is correct, it contains an archaic or pseudo-archaic medial stem -amâkw- : “loon”."
2865,0,sacred-stories-14-little-snow-dart-adam-sakewew,"""â, kiyîsahkamikisit, tahto kâ-pâpayihtâyêk, mistikwa kika-omîciwininâwâw, âtiht maskosiya."" ""'nitawi-oyasowê!' ê-kî-itikawiyân."" ""kiya, nistêsê, ayîsiyiniwak nihtâwikitwâwi, ohpikitwâwi, 'pahkwacôw,' kika-isiyihkâtikwak;"" ""kiya sakâhk kika-ôh-pimâcihon;"" ""êkosi kiya, nistêsê, âsay kikîsi-oyapin."" ""êkwa kiya, nôhtâ, 'sâkwês,' kika-isiyîhkâtik ayîsiyiniw;"" ""nipîhk kika-otaskîn;"" ""mâka nanâtohk kêkway kika-mîcin, kinêpikosak wiyâs;"" ""kâ-tahto-wiyâsiwit kika-ôh-pimâcihon."" ""hâ, êkosi nanânis, nanâtohk kika-isi-pisiskiwinânaw."" ""ayîsiyiniwak nihtâwikitwâwi, kahkiyaw kika-sâkôcihikonawak."" ""niya, 'kihci-wâpi-mâkwa,' nika-itikawin."" ""mâka namôya ôta niwî-ayân."" ""kâ-misâk nipiy êkotê niwî-ayân,"" itwêw.","“Now then, when the order of things is completed, as many of you as have cast it up, trees shall be your food, and grasses, of some. For, ‘Go lay down a law!’ I was told. You, my brother, when mortal men grow forth and flourish, ‘Lynx,’ they will call you; you will find your sustenance in the woods; and so you, my brother, have found your place. And you, my father, ‘Mink,’ mortal man will call you; by the water you will have your domain; but all kinds of things you will eat, the flesh of little snakes; from whatever creature has flesh you will get your life. So now in different directions, into the form of different animals you will all go. When mortal men come into being, they will overcome you all. As for me, ‘Great White Loon,’ I shall be called. But not here shall I stay. I shall stay by the Great Water,” he said.",literal,literal,False,"The footnotes address textual issues, not figurative language. The text is a literal account of characters receiving animal names and attributes, with no metaphors, similes, or idioms.","[24] LB on kiyîsâhkamikisit :  Probably read hk for the final t ; I have so translated.
[25] LB on pahkwacôw :  Allusions to the lynx may be introduced on my account."
2881,0,sacred-stories-15-pine-root-mrs-maggie-achenam,mitoni kîsopwêw; êkwa ôki iskwêwak mostâpêkasêwak iskwêwak ispimihk isi.,It was very hot; then those women went naked as they went upward.,literal,literal,True,Bloomfield's footnote comments on the narrative positioning of 'mostâpêkasêwak' (went naked) but does not identify any figurative language; the sentence is plain description.,[1] LB on mostâpêkasêwak :  This feature certainly does not belong here; it spoils the climactic point of the next stroke.
2881,1,sacred-stories-15-pine-root-mrs-maggie-achenam,"ê-otihtahkik osêhcâw, pôni-kimiwan.","When they reached the hill, it stopped raining.",literal,literal,False,No footnote applies to this sentence; it is a straightforward literal statement about reaching the hill and the rain stopping.,[1] LB on mostâpêkasêwak :  This feature certainly does not belong here; it spoils the climactic point of the next stroke.
2886,1,sacred-stories-15-pine-root-mrs-maggie-achenam,"nîtimosinân owîhôwin!"" itwêwak.",Our sweetheart's name!” they cried.,idiom,idiom,True,"The footnote explains that 'our sweetheart's name' is a conventional circumlocution to avoid the taboo son-in-law's name, making it an idiom.","[2] LB:  That is, if the old woman discusses their action, she is in danger of unknowingly speaking her son-in-law's name, which, of course, is tabu to her."
2896,0,sacred-stories-15-pine-root-mrs-maggie-achenam,êkwa mâcîtisahwâwak.,Then they were driven off and away.,literal,literal,False,The statement is a plain description of departure; the footnote does not indicate figurative language.,[3] LB:  From here on the story is badly shortened.
2896,1,sacred-stories-15-pine-root-mrs-maggie-achenam,"wâpamêwak kwâskwêpayihôsa, ê-mihkosiyit.","They saw a jumping-deer, a red one.",literal,literal,False,It is a literal observation of a deer; the footnote makes no mention of figurative usage.,[3] LB:  From here on the story is badly shortened.
2896,3,sacred-stories-15-pine-root-mrs-maggie-achenam,pimwêw; mohtâskikanêhosôw.,One shot at it; he pierced himself through the chest.,literal,literal,False,"The actions of shooting and self-injury are presented literally; the footnote comments on narrative pacing, not figurative language.",[3] LB:  From here on the story is badly shortened.
2904,0,sacred-stories-15-pine-root-mrs-maggie-achenam,êkwa acosisa osîhtâw nêwo.,Then he made four arrows.,literal,literal,False,Footnote does not describe figurative language; the sentence is a literal statement about making arrows.,[4] CHECK -amiht
2904,1,sacred-stories-15-pine-root-mrs-maggie-achenam,êkwa itohtêw owîcêwâkana ita kâ-kî-nipahamiht.,Then he went to where his companions had been killed.,literal,literal,True,"Footnote 'CHECK -amiht' refers to a grammatical form, not figurative language; the sentence is a literal statement about going to a location.",[4] CHECK -amiht
2908,0,sacred-stories-15-pine-root-mrs-maggie-achenam,"""êha; êkâ ê-pimâtisiyan, mâka kâ-ôh-pîkiskwêyan, ayiwâk ihkin!"" itwêw êsa.","“Yes. If you were not alive, it would be strange that you are talking!” he said.",literal,literal,False,"The sentence is a plain statement about the relationship between being alive and talking, with no figurative language; the footnote concerns morphological expansion and does not describe figurative language.",[5] CHECK ka-/kâ expansion
2926,0,sacred-stories-16-pine-root-adam-sakewew,"pâh-pôtâcikêw: misiwê ocêpihka misiwê itamoyiwa, aspin mâna itâmâskîhk, êkwa ê-mamâhcikwahpitikot ocêpihka ohci.","He blew forth his breath more than once: on all sides roots clung fast, roots from way down under the ground, until he was firmly tied down by the roots.",literal,literal,False,"The sentence describes a literal action of roots tying someone down; no figurative language is used. The footnote only notes an animacy issue, not figurative language.",[2] FIX: ?? animacy mismatch on ocêpihkak.  HCW: -ak --> ah
2936,0,sacred-stories-16-pine-root-adam-sakewew,"pôti kâwi pê-paskwâpiyiwa pêyak, pêyak kâ-ati-pâhpiyit.","Then, look you, one came back, peeping in, while the other went laughing on her way.",literal,literal,True,The footnote discusses the unknown meaning of 'pasakwâpi' but does not indicate any figurative usage; the sentence is a literal description of actions.,[3] ?? pasakwâpi VAI ‘shut eyes’? HCW: don't know
2940,0,sacred-stories-16-pine-root-adam-sakewew,pasikôpayiw; kahkiyaw paspaskipayihtâw ôhi watapiya.,He leapt to his feet; he ripped through all those cedar-roots.,literal,literal,False,"The footnote discusses morphological checking, not figurative language; the sentence describes physical actions literally.",[4] CHECK if kâ-kî-osîhtwâkot is relational.  HCW:  yes.  Don't throw out the w.
2940,1,sacred-stories-16-pine-root-adam-sakewew,"ê-pîcicipayit, ôhi kâ-kî-osîhtâkot omosôma naskwênam; pimiwitâw.","As he dashed forth, he seized those things which his grandfather had made for him; he took them along.",literal,literal,False,"The footnote discusses a relational form, not figurative language; the sentence narrates concrete actions without non-literal expression.",[4] CHECK if kâ-kî-osîhtwâkot is relational.  HCW:  yes.  Don't throw out the w.
2940,2,sacred-stories-16-pine-root-adam-sakewew,pêyakwan iyikohk askôwêw.,He did nothing but follow them.,literal,literal,False,"Despite the translation 'did nothing but', the Cree phrase 'pêyakwan iyikohk' is a literal adverbial expression meaning 'only, solely'.",[4] CHECK if kâ-kî-osîhtwâkot is relational.  HCW:  yes.  Don't throw out the w.
2940,3,sacred-stories-16-pine-root-adam-sakewew,"kahkiyaw tahkonam ôhi kâ-kî-osîhtâht kita-otastotinit, mîna wahpihtisa, mîna cikahkwâna.","He held in his hand all the things that had been made for him to wear as headgear, and his tobacco-pouch, and the darts.",literal,literal,False,The footnote concerns morphology unrelated to figurative language; the sentence straightforwardly lists items carried.,[4] CHECK if kâ-kî-osîhtwâkot is relational.  HCW:  yes.  Don't throw out the w.
2958,0,sacred-stories-16-pine-root-adam-sakewew,"""hâ, nîtimosê, nêma isko wâskahikan kâ-nôkwahk, êkota, 'kâ-nânâhtêwi-pimohtêw kâ-asê-môhkitohtêw,' nitisiyîhkâson.""","“Why, sweetheart mine, as far as yon house that we see, up to that place [no translation] is my name.” [no translation] then they walked backwards, stooping over just like this.",literal,literal,False,Bloomfield's footnote only remarks on hyphenation; no figurative language indicated.,[5] LB hyphenates the name
2959,0,sacred-stories-16-pine-root-adam-sakewew,"""hêy, tânisi mâka mîna ôki piyê-isinâkosicik kîskîskwêhkâniskwêwak?""","“Hey, what is the matter now with these little ones that make themselves look like prairie chickens?”",literal,literal,False,"The footnote expresses uncertainty about the translation but does not mention figurative language. The sentence describes children looking like prairie chickens, a literal description of appearance, not an idiom, metaphor, or simile marked by a specific comparative particle in Cree.",[7] CHECK  ?? translation
2961,0,sacred-stories-16-pine-root-adam-sakewew,pikonita awâsisa kâ-pêhtâkosiyit.,"Then, from no one knew where, was heard the cry of a child.",metaphor,metaphor,True,"The footnote identifies the child's cry as a 'laconically stated supernatural symbol,' indicating a non-literal, conventional metaphor for a spiritual omen or conquest.","[8] LB:  This is probably the same laconically stated supernatural symbol of the conquest as in Jones' _Fox Texts_ 196, 13."
2961,1,sacred-stories-16-pine-root-adam-sakewew,"ê-asêhtêcik, ê-asê-môhkitohtêcik, tâwikisinwak owâskahikanisiwâhk.",Walking backwards [no translation] they landed against their little wooden house.,literal,literal,False,"The sentence describes physical actions and states without any figurative markers, and the footnote does not mention it.","[8] LB:  This is probably the same laconically stated supernatural symbol of the conquest as in Jones' _Fox Texts_ 196, 13."
2990,0,sacred-stories-16-pine-root-adam-sakewew,"âhci piko tâpiskôc ê-nipât, ""hhhrr!"" ê-itwêt awa oskinîkiw.","Unheeding, just as if he were asleep, “Hhhrr!” went the youth.",simile,simile,False,"The footnote addresses the onomatopoeic 'hhhrr' as imitation of deep breathing, not figurative language; the sentence itself contains a simile 'as if he were asleep'.",[9] LB on hhhrr :  Deep breathing (not snoring) is imitated.
2992,1,sacred-stories-16-pine-root-adam-sakewew,âpahamiyiwa ôtê isi; pôti ê-kaskipitêyik maskihkiy.,"She took something from here, and it turned out to be some herbs tied in a packet.",literal,literal,True,"The footnote explains that 'ôtê' involves a gesture to the bosom-fold, indicating a literal deictic reference rather than figurative language.",[10] LB on ôtêh :  Gesture to bosom-fold of garment.
2999,0,sacred-stories-16-pine-root-adam-sakewew,"""êêê, nôsisê, cêskwa pita! âsay kisâkôcihin,"" itik; ""hâ, nôsisê, cêskwa ayîsiyiniw ta-nihtâwikihitôw nîkân ôtê."" ""yôskihtak kita-otinamwak."" ""êkota kita-ôh-kîsônak awâsis wî-ohpikici, nîsta kita-ohpikihak."" ""mâka pahkisimohk nika-otaskîn."" ""'nôtokêsiw nipawâtâw,' itwêci ayîsiyiniw, kita-tâpwêw."" ""hâw, êkosi, nôsisê, sâmahon.""","“Hey, grandson, wait a moment! You have defeated me,” she said to him; “Now, grandson, in future time mortal man will live in successive generations. They will gather crumbly wood. There I shall keep warm the child that is to grow up, so that I too shall have part in bringing him up. But in the place of the setting sun I shall have my home. ‘I have dreamt of the old woman,’ when a mortal being speaks thus, he will speak truly. So now, my grandson, touch me with it.”",literal,literal,False,The footnote explains a cultural practice (moss-bag) and does not indicate any figurative language; the entire speech is literal.,[11] LB on awâsis :  Infants were (and sometimes still are) kept in the “moss-bag” which is filled with crumbly wood.
3003,0,sacred-stories-16-pine-root-adam-sakewew,"""hâw,"" itêw ôhi kêhtêyiniwa, ""êkâya kihtimiho;"" ""sâma ôhi ôki mistikwak ôma ohci âpisînikan kâ-itwêt nôhkom."" ""niwî-nitawi-nipahâw awa wâwâskêsiw."" ""nika-wîcêkwak mitâtaht, misiwê ta-pêtôwatêcik, ta-nâh-nawacîyêk."" ""pimâtisiyâni, kê-nîso-tipiskâki nika-takohtân,"" itêw.","“Well now,” he said to the aged man, “do not be idle; touch these trees with this which my grandmother called the restorer. I shall go kill that elk. I shall take ten men with me, so that they can bring all of it, for you to roast. If I live, after two nights I shall arrive,” he told him.",literal,literal,False,"The footnote comments on possible transcription errors for 'kihtimiyoh' and 'sâma ôhi', not on figurative language. The sentence is a simple narrative with no non-literal expressions.","[12] LB on kihtimiyoh :  Probably for kihtimih : “be lazy.”
[13] KR:  LB may have misheard sâmahohk as sâma ôhi"
3013,0,sacred-stories-16-pine-root-adam-sakewew,âsay mîna kiyipa kawaciw.,Again very quickly it was overcome by the cold.,literal,literal,False,The Cree verb 'kawaciw' means 'he is cold' literally; the footnote only concerns a typographical error and provides no figurative interpretation.,[14] fix missing space (minakiyipa) in TEI file
3013,2,sacred-stories-16-pine-root-adam-sakewew,êkwa kîtahtawê kawaciyiwa.,Presently again it fell to the ground for cold.,literal,literal,False,"The Cree verb 'kawaciyiwa' is the obviative form of 'he is cold,' used literally; the footnote is unrelated to figurative language.",[14] fix missing space (minakiyipa) in TEI file
3013,3,sacred-stories-16-pine-root-adam-sakewew,namôya êkwa otinêw; kotak otastotina otinêw.,This time he did not take it up; he took his other hat.,literal,literal,False,"The sentence states actions plainly ('he did not take it; he took his other hat'); no figurative language is present, and the footnote is irrelevant.",[14] fix missing space (minakiyipa) in TEI file
3023,0,sacred-stories-16-pine-root-adam-sakewew,"nêhi omosôma kâ-kitimâkêyimikot, êwakoni kâ-itât.","It was that far-off grandfather of his who had cared for him, whom he addressed.",literal,literal,False,Literal statement identifying the grandfather; no figurative language present.,[15] LB: Or “sat playing”?
3023,1,sacred-stories-16-pine-root-adam-sakewew,êkwa kiyipa nama kêkway kôna pîhcâyihk; ayiwâkês kwâhkotêw.,"Then, at once, there was no more snow within the house; the fire blazed higher.",literal,literal,False,Literal description of snow disappearing and fire blazing; no figurative language.,[15] LB: Or “sat playing”?
3023,2,sacred-stories-16-pine-root-adam-sakewew,"êkwa awa paspaskiw pîhcâyihk misiwê ispahtâw, ê-osihtât nîpin, nîpiya ê-nitotamât, ôsisima ê-kanawêyimât.","Then that partridge flew everywhere inside there, creating summer, calling for leaves, and serving its grandchild. Then when dawn was at hand, the leaves everywhere sprang forth; and inside there on the ground berries grew up, strawberries.",literal,literal,False,Literal narrative of the partridge's magical actions within the story; no conventional figurative language detected.,[15] LB: Or “sat playing”?
3023,3,sacred-stories-16-pine-root-adam-sakewew,"êkwa kêkâc ê-wâpahk, misiwê sâkikinwa nîpiya; mîna pîhcâyihk mohcihk mînisa ohpikinwa, otêhimina.","For that partridge did not cease from its call, as all the time it cried, “Summer!” Then that man, that youth, took off his clothes; he was naked there, and sat reeling.",literal,literal,False,Literal description of leaves and berries growing inside; no figurative language.,[15] LB: Or “sat playing”?
3023,4,sacred-stories-16-pine-root-adam-sakewew,"ayis awa paspaskiw namôya kipihtowêw, pisisik""nîpin!"" ê-itwêt.",He took berries and ate them. It was very hot inside there. [no translation] [no translation] (p.98) One of them went there.,literal,literal,False,Literal statement that the partridge kept calling 'Summer'; no figurative language.,[15] LB: Or “sat playing”?
3023,5,sacred-stories-16-pine-root-adam-sakewew,"êkwa awa nâpêw oskinîkiw kêtayôwinisêw; mosêskatêw ôtê, ê-kîskwêpit.","As she came near, the raven called repeatedly. She heard it; also the partridge.",literal,literal,False,Describes the man undressing and sitting; the footnote offers an alternative translation 'sat playing' but does not suggest figurative language.,[15] LB: Or “sat playing”?
3023,6,sacred-stories-16-pine-root-adam-sakewew,"otinam mînisa, ê-mîcit. mitoni kîsopwêyâw pîhcâyihk.","There, when she peeped in, he was eating berries from the bush.",literal,literal,False,"Literal actions of taking and eating berries, and stating the heat; no figurative language.",[15] LB: Or “sat playing”?
3032,0,sacred-stories-16-pine-root-adam-sakewew,mistahi miywêyihtamwak ôki kîskwêhkâniskwêwak.,Those giddy wenches liked the idea.,literal,literal,False,"Footnote is a grammatical query, not about figurative language; sentence is literal.","[17] CHECK Is this a changed conjunct, iyâtah-?"
3032,2,sacred-stories-16-pine-root-adam-sakewew,"ê-âta-itê-kâh-kitâtwâwi, êkotê pimipahtâw awa paspaskiw.","Whenever they had in any place eaten them up, thither the partridge would run.",literal,literal,False,"Footnote is a grammatical query, not about figurative language; sentence is literal.","[17] CHECK Is this a changed conjunct, iyâtah-?"
3032,3,sacred-stories-16-pine-root-adam-sakewew,kâwi kikamoyiwa otêhimina.,The berries would be back on the stalk.,literal,literal,False,"Footnote is a grammatical query, not about figurative language; sentence is literal.","[17] CHECK Is this a changed conjunct, iyâtah-?"
3032,4,sacred-stories-16-pine-root-adam-sakewew,"piyisk ôki iskwêwak ômisi itapiwak, osâm ê-kîspocik.","At last those women sat like this, having overeaten.",literal,literal,False,"Footnote is a grammatical query, not about figurative language; 'sat like this' is deictic, not a simile.","[17] CHECK Is this a changed conjunct, iyâtah-?"
3038,0,sacred-stories-17-clotkin-coming-day,"ômisi itwêw awa mistanask: ""nôtokêsiw, ka-nipahâhkatosonânaw."" ""nawac sipwêhtêyahk,"" itêw; ""ômisi nika-itâw kistês;"" ""mâskôc wî-pakitinikoyahko ta-sipwêhtêyahk."" ""êkosi piko ka-pimâtisinânaw.""","This is what Badger said: “Wife, we shall be starving to death. We had better go away from here,” he said to her; “I shall tell your brother so; perhaps he will be willing to let us go. Only in this way can we stay alive.”",literal,literal,True,"The footnote comments on missing information, not figurative language; the sentence contains no metaphors, similes, or idioms.",[1] LB:  We are not told what he will say.
3047,0,sacred-stories-17-clotkin-coming-day,"êkwa wiya itohtêw, ôhi mostoswa ê-wî-kakwê-nipahât.",And he went to try and kill the buffalo.,literal,literal,False,Plain description of going to hunt buffalo; no figurative language.,"[2] LB on nka-nipahâhkatosonân :  In monologue the Cree (like the Fox and the Menomini) use the first person plural in the exclusive form, as if addressing some being not involved in the act."
3047,1,sacred-stories-17-clotkin-coming-day,"tâpwê ê-cikahkwâtât, kahkiyaw nipahêw.",Indeed he threw his spear at them and killed them all.,literal,literal,False,Literal account of throwing a spear and killing; no figurative language.,"[2] LB on nka-nipahâhkatosonân :  In monologue the Cree (like the Fox and the Menomini) use the first person plural in the exclusive form, as if addressing some being not involved in the act."
3047,2,sacred-stories-17-clotkin-coming-day,miywêyihtam ê-wî-mêscihât.,He was glad when he saw that he was going to get all of them.,literal,literal,False,Literal expression of gladness upon seeing the successful kill; no figurative language.,"[2] LB on nka-nipahâhkatosonân :  In monologue the Cree (like the Fox and the Menomini) use the first person plural in the exclusive form, as if addressing some being not involved in the act."
3047,3,sacred-stories-17-clotkin-coming-day,êkwa pôni-misponiyiw.,Then it stopped snowing.,literal,literal,False,Literal statement about the snow stopping; no figurative language.,"[2] LB on nka-nipahâhkatosonân :  In monologue the Cree (like the Fox and the Menomini) use the first person plural in the exclusive form, as if addressing some being not involved in the act."
3047,4,sacred-stories-17-clotkin-coming-day,"êkwa ê-wiyanihâcik, ê-pâh-pahkwêkiswâcik, kahkiyaw wiyâsa otinamwak; nama kêkway wêpinamwak.",Then they cleaned them and took off the hides and took all the flesh; they wasted none of it.,literal,literal,False,Literal description of butchering and taking all meat; no figurative language.,"[2] LB on nka-nipahâhkatosonân :  In monologue the Cree (like the Fox and the Menomini) use the first person plural in the exclusive form, as if addressing some being not involved in the act."
3047,5,sacred-stories-17-clotkin-coming-day,cikêmâ mistahi kî-nôhtêhkatêwak.,"No wonder, for they had suffered much from hunger.",literal,literal,False,'No wonder' is conventional but sufficiently compositional and not markedly figurative; closer to literal statement of cause (they had been hungry).,"[2] LB on nka-nipahâhkatosonân :  In monologue the Cree (like the Fox and the Menomini) use the first person plural in the exclusive form, as if addressing some being not involved in the act."
3047,6,sacred-stories-17-clotkin-coming-day,"mistahi miywêyihtam awa sikâkoskwêw, iyikohk wiyâs ê-wâpahtahk, ""namôya nika-nipahâhkatosonân,"" ê-itêyihtahk.","Skunk-Woman was happy to see so much meat, thinking that, “Now we shall not starve.”",literal,literal,True,"The phrase 'we shall not starve' is literal; the footnote comments only on the use of exclusive plural in monologue, not on figurative language.","[2] LB on nka-nipahâhkatosonân :  In monologue the Cree (like the Fox and the Menomini) use the first person plural in the exclusive form, as if addressing some being not involved in the act."
3056,0,sacred-stories-17-clotkin-coming-day,"êkwa ômisi itwêw mistanask: ""êkosi êcika ani kê-kitimahikoyahk mîna, nôtokêsiw, kistês, hâw, tahto ê-miywâsiki kikâhkêwakoma kâtâ."" ""takohtêtwâwi, kahkiyaw tita-otinam kimîciwininawa,"" itêw owîkimâkana.","Then thus spoke Badger: “So it is in this way that your brother will again reduce us to misery, wife. Now, do you hide the best of your dried-meats. When they come here, he will take away all our supplies of food,” he said to his wife.",literal,literal,False,"The footnote only discusses a possible textual reading of 'ihtik' as 'êcik', which does not indicate figurative language. The sentence's content is direct speech about hiding meat and taking food, with no apparent metaphor, simile, or idiom.",[3] LB on ihtik :  Probably read êcik .
3061,0,sacred-stories-17-clotkin-coming-day,"ê-kîsi-cimatâcik wîkiwâw, ""âh, âstamitik, nâtêtân wiyâsa,"" itêw otawâsimisa.","When they had set up their tent, “Now, come here, children, let us fetch meat,” he told his children.",literal,literal,True,The footnote only queries the word form 'nâtahtân' and provides no indication of figurative language; the sentence is a straightforward directive and is literal.,[4] CHECK nâtahtân
3101,0,sacred-stories-17-clotkin-coming-day,"êkwa ômisi itwêw awa oskinîkiw, watôw-awâsis: ""nôhtâ, mostoswayânis, pâhpakôwêwayânis!""","then this youth, Clot-Child, spoke thus: “Father, a bit of buffalo hide, a bit with the wool on it!”",literal,literal,False,The footnote only notes a TEI spacing error (omisitwew) and makes no comment on figurative language; the sentence is a literal request for a piece of buffalo hide.,[5] FIX spacing error in TEI file (omisitwew)
3109,0,sacred-stories-17-clotkin-coming-day,"ômisi itwêw: ""ta-misiwêsiw awa nikikwayân, ta-otastotiniyân!"" itwêw awa oskinîkiw.","He said, “Let this otterskin be whole, that I may have it for a hat!” said the youth.",literal,literal,False,No footnote applies; the sentence is a direct speech act with no figurative language.,[6] LB on ahtâpâhtik :  This sounds like “bow-tree” ( ahcapiy : “bow”).
3109,1,sacred-stories-17-clotkin-coming-day,"""êkosi, nôhtâ, nitawi-kîskikaha misâskwatwa ahtâpâhtik.""","“And now, father, go cut some saskatoon willows, for a bow.”",literal,literal,True,"Bloomfield's footnote notes that 'ahtâpâhtik' sounds like 'bow-tree', but this is an etymological observation, not a figurative expression; the sentence is a literal request.",[6] LB on ahtâpâhtik :  This sounds like “bow-tree” ( ahcapiy : “bow”).
3117,0,sacred-stories-17-clotkin-coming-day,"mâka awa oskinîkiw paspâpiw, ê-kitâpamât ôhtâwiya.","But that youth was peeking out of the tent, watching his father.",literal,literal,False,"The sentence describes a youth peeking and watching his father, which is a literal action; no figurative language is present.",[7] FIX TEI file:  nâma for mâna
3117,1,sacred-stories-17-clotkin-coming-day,"kîtahtawê kâ-otinahk môhkomân awa wâkayôs, ôhi mistanaskwa ê-pakamahwât ostikwâniyihk ôta; cikahkwêwêpahwêw; otinêw ospitoniyihk, wîkiwâyihk êsiwêpinât.","Suddenly Grizzly seized a knife and struck Badger here, on his head; he knocked him headlong; he grabbed him by the arm and flung him toward his tent.",literal,literal,False,"The sentence narrates physical actions of seizing, striking, and flinging, all literal; no metaphor, simile, or idiom is evident.",[7] FIX TEI file:  nâma for mâna
3117,2,sacred-stories-17-clotkin-coming-day,"awa oskinîkiw wacôw-awâsis kisiwâsiw, ôhtâwiya ê-cikahkwêwêpahomiht; ati-wayawîw, ê-ati-sipwêhtêt, ôhtâwiya ê-itohtêt.","The youth Clotkin flew into a rage, when his father was knocked down; he came out and started toward his father.",literal,literal,False,"The Cree verb 'kisiwâsiw' is a literal expression of anger, and the sentence describes concrete actions; no figurative language is used.",[7] FIX TEI file:  nâma for mâna
3117,3,sacred-stories-17-clotkin-coming-day,"cîki ê-ihtât, êkoyikohk waniskâyiwa ôhtâwiya; kipistanêhomâwa.","When he got near, his father got up; he was bleeding at the nose from the blow.",literal,literal,False,"The sentence reports getting up and bleeding, straightforward literal events; no non-literal expression occurs.",[7] FIX TEI file:  nâma for mâna
3117,4,sacred-stories-17-clotkin-coming-day,"ê-wâpamât awa wâkayôs ôhi ôskinîkiwa ê-pêtohtêyit, ""yâh yahâh, nitihkwâ, êkosi mâna nitôtawâw ê-pa-pâhpisihak kôhtâwiy, êtamihici, mihcêt nêpahâci mostoswa!""","When Grizzly saw the youth approaching, “Yoho, nephew, this is the way I treat your father, just by way of teasing him, whenever he makes me glad by killing buffalo!”",literal,literal,True,The footnote '[7] FIX TEI file: nâma for mâna' is a textual correction for this sentence but does not indicate figurative language; the taunting speech is literal.,[7] FIX TEI file:  nâma for mâna
3134,0,sacred-stories-17-clotkin-coming-day,"êkwa ômisi itik ôhkoma awa wacôw-awâsis: ""nôsisê, mistahi ôma ê-nôhtêhkatêhk;"" ""iyâta-natonawâtwâwi mostoswa oskinîkiwak, namôya miskawêwak; namôya wâpamêwak."" ""êkosi awa okimâw, awiya pîhtokêpayihâyici mostoswa, otânisa ê-wî-miyât, mistahi ê-miyosicik oskinîkiskwêwak."" êkosi ômisi itêw: ""mâka iyâta-nipahimihci mostoswa, kahkiyaw wiyinwa ê-otinahk awa wâkayôs, ita kâ-miywâsik wiyâs ê-otinahk, namôya awiya ê-kî-nipahikot, ê-âyimisit.""","Then thus did Clotkin's grandmother speak to him: “Grandchild, there is great famine here; even though the young men look for buffalo, they find none; they see none. And the chief, if anyone drives buffalo into the corral, the chief will give him his daughters, and very handsome young women they are.” Then she also told him: “But even when buffaloes are killed, that bear takes all the fat meat, whatever meat is at all good, and nobody can kill him, so terrible is he.”",literal,literal,False,"The footnote discusses a typo fix and a sentence merge, not figurative language. The English translation contains no metaphors, similes, or idioms.","[8] FIX orig typo (osimaw -> okimaw)
[9] merged original 17.99.3 and 17.99.4 - not a sentence break"
3179,0,sacred-stories-17-clotkin-coming-day,"pîhtokêw; pasikôyiwa ê-sakipitonênikot, ê-wayawîwêpinikot.","He entered; the other rose to his feet, seized him by the arm, and flung him out of the lodge.",literal,literal,False,"The sentence describes physical actions in a straightforward manner, with no metaphor, simile, or idiom.",[11] FIX typo in orig (pihkotew --> pihtokew)
3179,2,sacred-stories-17-clotkin-coming-day,"pîhtokêw, ""nipê-nâtên nôhkom owiyinoma,"" ê-itât.","He entered, saying to the other, “I have come to fetch my grandmother's fat meats.”",literal,literal,False,The sentence quotes direct speech stating a purpose; no figurative language is present.,[11] FIX typo in orig (pihkotew --> pihtokew)
3189,0,sacred-stories-17-clotkin-coming-day,"tâpwê awa nôtokêsiw itohtêw, ê-nitawi-miyât otânisa ôhi wacôw-awâsisa.",Accordingly the old woman went there to give her daughters to Clotkin.,literal,literal,False,"The footnote only corrects a typo (itânisah -> otânisah) and does not mention any figurative language. The sentence describes a literal action of going to give daughters, with no simile, metaphor, or idiom.","[13] FIX orig, (itânisah -> otânisah)"
3192,1,sacred-stories-17-clotkin-coming-day,"êkosi êkwa sôskwâc ospitoniyiwa otinam, ê-sinikonamawât. kâwi miywâsiniyiwa.","When he entered, there was the other, with his mouth hanging wide open.",literal,literal,True,"Footnote [14] corrects 'ê-sinikomamawât' to 'ê-sinikonamawât', a textual fix with no figurative language; the Cree describes literal actions of taking arms and rubbing them to restore wellness.",[14] FIX (ê-sinikomamawât --> ê-sinikonamawât)
3192,2,sacred-stories-17-clotkin-coming-day,"mîna otôniyiw êwako mîna ê-sinikonamwât, êkosi miyw-âyâyiwa.",Then he at once took hold of the other's arms and rubbed them. They were well again.,literal,literal,False,No footnote applies; the sentence literally describes rubbing the mouth and the resulting wellness.,[14] FIX (ê-sinikomamawât --> ê-sinikonamawât)
3192,3,sacred-stories-17-clotkin-coming-day,êkosi kîwêw ôhkoma wîkiyihk; êkotê ayâw. piyis tipiskâyiw.,"Also his mouth he rubbed for him, and he got well.",literal,literal,False,"No footnote applies; the sentence literally narrates returning to the grandmother's lodge, staying there, and nightfall.",[14] FIX (ê-sinikomamawât --> ê-sinikonamawât)
3192,4,sacred-stories-17-clotkin-coming-day,ê-wâpaniyik ohpimê mânokêyiwa ôhi oskinîkiskwêwa.,Then he went back to his grandmother's lodge; there he stayed.,literal,literal,False,No footnote applies; the sentence literally states that at dawn the young women built a lodge off to the side.,[14] FIX (ê-sinikomamawât --> ê-sinikonamawât)
3192,6,sacred-stories-17-clotkin-coming-day,"ê-pîhtokêt, sêmâk wâpamêw ôhi oskinîkiskwêwa ê-omisimâwiyit; kiskêyihtam ê-pakwâtikot, ê-wînêyimikot êwakoni.","In the morning, off to one side those young women built a lodge. When they had finished, he was sent for. He went there.",literal,literal,False,"No footnote applies; the sentence literally reports sensing the elder young woman, knowing her dislike, and her perceiving him as dirty.",[14] FIX (ê-sinikomamawât --> ê-sinikonamawât)
3192,7,sacred-stories-17-clotkin-coming-day,"nahapîstawêw; tahki ohpimê ispayihoyiwa. namôya kisiwâk wîtapimik, ê-pakwâtikot.","When he entered, at once he saw the elder of the young women; he knew that she disliked him, that she thought him disgusting.",literal,literal,False,"No footnote applies; the sentence literally describes sitting near, her moving away, and her refusal to sit close due to hatred.",[14] FIX (ê-sinikomamawât --> ê-sinikonamawât)
3192,8,sacred-stories-17-clotkin-coming-day,"piyisk ê-tipiskâyik, ê-kawisimocik, namôya wî-akwanahik, osâm ê-mâyâtisit, ê-itêyimikot.",He sat near to her; always she moved away.,literal,literal,False,"No footnote applies; the sentence literally recounts nighttime, lying down, her refusal of covering because she found him dirty.",[14] FIX (ê-sinikomamawât --> ê-sinikonamawât)
3192,9,sacred-stories-17-clotkin-coming-day,"piyisk ê-wî-kakwê-akwanahot, namôya tâpwêhtâk.","She did not sit close to him, for she hated him.",literal,literal,False,No footnote applies; the sentence literally states his attempt to cover himself and her disbelief/non-compliance.,[14] FIX (ê-sinikomamawât --> ê-sinikonamawât)
3192,10,sacred-stories-17-clotkin-coming-day,"piyisk êkosi isi nipâyiwa. êkwa otanâskâniyihk sikiw. ê-kiskêyihtahk awa iskwêw, waniskâw.","[no translation] [no translation] [no translation] [no translation] [no translation] [no translation] [no translation] [no translation] [no translation] [no translation] [no translation] [no translation] [no translation] [no translation] [no translation] [no translation] [no translation] [no translation] [no translation] Then the younger one, by whose side he sat, prepared some berries and gave them him to eat, as he began to eat them, the elder sister said: “Sister, truly you do not mind if a person looks dirty!”",literal,literal,False,"No footnote applies; the sentence literally narrates falling asleep, urinating on the bed, and the woman getting up upon realizing it.",[14] FIX (ê-sinikomamawât --> ê-sinikonamawât)
3194,1,sacred-stories-17-clotkin-coming-day,"ê-mêkwâ-nipât awa oskinîkiskwêw, kîtahtawê pêkopayiw.",Presently that young woman woke up from her sleep.,literal,literal,False,The footnote corrects a typographical error and does not describe figurative language; the sentence is a plain statement of waking up.,[15] FIX (êh-mêkwâ-nipâtaw --> êh-mêkwâ-nipât aw)
3194,2,sacred-stories-17-clotkin-coming-day,"namwâc nipâyiwa onâpêma, âsay ê-sipwêhtêyit, ê-nâtâyit mostoswa.",Her husband was not sleeping there; he had already gone away to fetch the buffalo.,literal,literal,False,The footnote corrects a typographical error and does not describe figurative language; the sentence is a plain statement of absence and departure.,[15] FIX (êh-mêkwâ-nipâtaw --> êh-mêkwâ-nipât aw)
3194,4,sacred-stories-17-clotkin-coming-day,"êkosi ê-kî-waniskâcik, omisa ê-kî-mîcisocik, wayawîw, ôhtâwiya ê-itohtêt.","And so, when they had got up and she and her elder sister had eaten, she went out of the lodge, to her father.",literal,literal,False,The footnote corrects a typographical error and does not describe figurative language; the sentence is a plain statement of actions.,[15] FIX (êh-mêkwâ-nipâtaw --> êh-mêkwâ-nipât aw)
3197,0,sacred-stories-17-clotkin-coming-day,"""ômisi mâka kititik kinahâhkisîm, nôhtâ: 'pêsiwakwâwi mostoswak, êkâya kâ-tôtahk, kâ-otinahk wiyinwa, ôhi otiyinîma kâ-maskamât wiyinwa,' kititik kinahâhkisîm, ta-wîhtaman kita-asawâpamâcik mostoswa."" ""êkosi kî-itwêw kinahâhkisîm.""","“But this is what your son-in-law says to you, father: ‘When I bring the buffalo, he is not to do that way, to take the fat meats, to rob his followers of the fat meats,’ your son-in-law tells you, and that you are to announce that they shall watch for buffalo. That is what your son-in-law said.”",literal,literal,False,"The footnote '[16] CHECK cit-' does not describe figurative language, and the sentence is a literal report of speech with no metaphors, similes, or idioms.",[16] CHECK cit-
3201,0,sacred-stories-17-clotkin-coming-day,êkosi tâpwêw kapê-kîsik ay-asawâpiwak ôki oskinîkiwak.,Accordingly the young men kept watch all day.,literal,literal,False,"Plain description of the young men keeping watch all day, no figurative language present.",[17] FIX (nisita weyimewak --> nisitaweyimewak)
3201,1,sacred-stories-17-clotkin-coming-day,"ê-pôn-âpihtâwi-kîsikâyik, kâ-pâpayiyit mostoswa.","After the day had reached noon, there came the buffalo.",literal,literal,False,"Temporal clause 'after the day had reached noon' is a conventional expression of time, not figurative.",[17] FIX (nisita weyimewak --> nisitaweyimewak)
3201,2,sacred-stories-17-clotkin-coming-day,"sâsay awa oskinîkiskwêw mînisa kîsisam, ""mâskôc takohtêci,"" ê-itêyimât onâpêma.","Already that young woman was cooking berries, thinking that doubtless her husband would soon arrive.",literal,literal,False,Straightforward narration of the woman cooking and thinking of her husband's arrival.,[17] FIX (nisita weyimewak --> nisitaweyimewak)
3201,3,sacred-stories-17-clotkin-coming-day,"pôti kisiwâk ê-pê-ihtâyit, oskinîkiwak ôki kâ-wâpamâcik mistahi ê-miyosiyit oskinîkiwa, nîkân ê-pê-pimipahâyit mostoswa, ê-askôkoyit.","Behold, as the herd approached, those young men saw a very handsome youth leading at a run the buffalo, who followed at his heels.",literal,literal,False,The phrase 'followed at his heels' translates Cree 'ê-askôkoyit' which literally means they followed him; no figurative intent.,[17] FIX (nisita weyimewak --> nisitaweyimewak)
3201,4,sacred-stories-17-clotkin-coming-day,namwâc nisitawêyimêwak ôhi oskinîkiwa.,Not at all did they recognize that youth.,literal,literal,True,The footnote only corrects the spelling of 'nisitawêyimêwak' (recognize them); the sentence itself is a literal statement of non-recognition.,[17] FIX (nisita weyimewak --> nisitaweyimewak)
3201,5,sacred-stories-17-clotkin-coming-day,sêmâk pîhtokêw ôma pîhtokahân; êkota ohci wêskwâhtêmihk kîhcêkosîpayihôw awa oskinîkiw; êkoyikohk êkwa pîhtokêpayiyiwa ôhi mostoswa.,He promptly entered the pound; then at a point opposite the entrance that youth flung himself climbing to the top of the hurdle; at that moment the buffalo ran in.,literal,literal,False,"Describes actions literally: entering, climbing, and the buffalo running in.",[17] FIX (nisita weyimewak --> nisitaweyimewak)
3201,6,sacred-stories-17-clotkin-coming-day,sêmâk kâ-wâpamât ê-miyosiyit oskinîkiwa: êwakoni onâpêma.,At once she saw the handsome youth; he was her husband.,literal,literal,False,A plain identification: she saw the youth and realized he was her husband.,[17] FIX (nisita weyimewak --> nisitaweyimewak)
3201,7,sacred-stories-17-clotkin-coming-day,"sêmâk wâsakâm ohci kîhcêkosîwak oskinîkiwak iskwêwak mîna, ê-wî-wâpamâcik ôhi mostoswa.",At once the young men and the women climbed up from all sides to see the buffalo.,literal,literal,False,"States clearly that people climbed up to see the buffalo, no figurative elements.",[17] FIX (nisita weyimewak --> nisitaweyimewak)
3201,8,sacred-stories-17-clotkin-coming-day,"êkosi êkwa ê-pâh-pâskiswâcik ôhi mostoswa, awa oskinîkiskwêw mînisa wiyâkanihk ê-kî-astât, kâ-nitawi-asamât owîkimâkana.","And while they were shooting at the buffalo, that young woman went to give her husband the berries which she had placed in a bowl.",literal,literal,False,"A literal sequence: while they shot buffalo, she went to give berries to her husband.",[17] FIX (nisita weyimewak --> nisitaweyimewak)
3201,9,sacred-stories-17-clotkin-coming-day,"wâpamêw awa omisimâw kâ-kî-pakwâtât; êkwa miywêyimêw ê-miyosiyit, ê-wâpamât âsay osîma kâ-ta-kîhcêkosîyit, ê-wî-miyâyit ôhi mînisa, ""nahi ôhi otina,"" ê-itâyit. otinam awa oskinîkiw.","The elder sister, who had scorned him, saw him; now that he was handsome, she liked him, as she saw her younger sister climbing up to give him the berries, saying to him, “Here, take these.” The youth took them.",literal,literal,False,"Reports the elder sister's change of heart and direct speech, all in plain terms.",[17] FIX (nisita weyimewak --> nisitaweyimewak)
3201,10,sacred-stories-17-clotkin-coming-day,kahkiyaw awiya miywêyimik awa oskinîkiw.,Everyone liked the youth.,literal,literal,False,Simple statement that everyone liked the youth.,[17] FIX (nisita weyimewak --> nisitaweyimewak)
3201,11,sacred-stories-17-clotkin-coming-day,êkosi êkwa kîwêpahtâw awa omisimâw kâ-kî-pakwâtât.,"So then the elder sister, who had scorned him, ran home.",literal,literal,False,"Describes the elder sister running home, no figurative language.",[17] FIX (nisita weyimewak --> nisitaweyimewak)
3205,0,sacred-stories-17-clotkin-coming-day,"awa oskinîkiw ômisi itêw: ""pê-âmaciwêhtatâ,"" itêw ôhi kâ-kî-pakwâtikot.","The youth told her, “Bring them up here,” he said to her who had scorned him.",literal,literal,False,The footnote merely corrects a typographical error (ômisiyitêw to ômisiy itêw) and does not indicate any figurative language; the sentence is a plain narrative statement.,[18] FIX (ômisiyitêw --> ômisiy itêw)
3221,0,sacred-stories-17-clotkin-coming-day,"ê-wî-kakwê-pahkwatinât ôhi nôtokêsiwa, nama kî-pihkohêw; tâpiskôc pîwâpisk ospitoniyiwa oskâtiyiwa mîna.","When he tried to pull the old woman off, he could not get her free; like iron were her arms and legs.",simile,simile,False,"Contains the explicit comparison marker tâpiskôc ('like'), comparing her limbs to iron.",[19] merged 17.186.2-3
3221,1,sacred-stories-17-clotkin-coming-day,"êkwa namôya wî-kîwêw, ê-nêpêwisit, nôtokêsiwa ê-nayômât.","So then he did not care to go home, [sic] for he ws ashamed to be carrying the old woman on his back.",literal,literal,False,No figurative language detected; 'ashamed' and 'carrying on his back' are used literally.,[19] merged 17.186.2-3
3221,2,sacred-stories-17-clotkin-coming-day,piyisk ômisi ôta wî-kipihkitonênik.,"But in time, here, like this, she had him almost strangled.",literal,literal,False,"Describes being almost strangled; no simile, metaphor, or idiom present.",[19] merged 17.186.2-3
3227,0,sacred-stories-17-clotkin-coming-day,"ômisi itwêw: ""hâ, nôtokêsiw, cêskwa ôtê nîkân ayîsiyiniwak tita-ayâwak;"" ""ômisi tita-itwêwak,""- pakamisimêw; osit piko ôma nôkwaniyiw awa nôtokêsiw,- ""'kôhkôhk-ôyaman' tita-itwêwak!""","Thus he spoke: “Now, old woman, off in the future there will be mortal men; this they will say;” - and he flung her down; only one foot could be seen of that old woman - “‘Pig-vermilion,’ they will say!”",literal,literal,True,"Bloomfield's footnote [22] comments on the unknown substance 'kôhkôhk-ôyaman' but does not describe it as figurative; the sentence simply narrates a prediction without metaphor, simile, or idiom.","[21] FIX orig, add semicolon
[22] LB on kôhkôhkô-wiyaman :  I do not know what this substance is."
3236,0,sacred-stories-18-fisherskin-hat-coming-day,"kîtahtawê pêyak awa nâpêw êkwa pêyak iskwêw, owîkimâkana, nîsiwak.","Once upon a time there were two people, a man and his wife.",literal,literal,False,"Plain statement of existence; footnote is a textual correction, not figurative.",[1] FIX (kwahpeyak -> kwah peyak)
3236,1,sacred-stories-18-fisherskin-hat-coming-day,kîtahtawê awâsisa ayâwêwak.,Presently they had a child.,literal,literal,False,Literal statement about having a child.,[1] FIX (kwahpeyak -> kwah peyak)
3236,2,sacred-stories-18-fisherskin-hat-coming-day,"êkotê êkwa ê-ay-ayâcik, pisisik mâcîw awa nâpêw.",There where they dwelt the man would always hunt.,literal,literal,False,Literal description of hunting.,[1] FIX (kwahpeyak -> kwah peyak)
3236,3,sacred-stories-18-fisherskin-hat-coming-day,"piyisk wâpamêwak awâsisa, nâpêsis.","And so, in the course of time, they had a child, a boy.",literal,literal,False,Literal mention of having a boy.,[1] FIX (kwahpeyak -> kwah peyak)
3236,4,sacred-stories-18-fisherskin-hat-coming-day,êkwa êkota ay-ayâwak.,They stayed in that place.,literal,literal,False,Literal statement about staying in a place.,[1] FIX (kwahpeyak -> kwah peyak)
3236,5,sacred-stories-18-fisherskin-hat-coming-day,piyisk misikitiw awa nâpêsis.,In time the boy grew big.,literal,literal,False,Literal growth description.,[1] FIX (kwahpeyak -> kwah peyak)
3236,6,sacred-stories-18-fisherskin-hat-coming-day,pôti miyosiw awa nâpêsis.,He turned out handsome.,literal,literal,False,Literal observation of handsomeness.,[1] FIX (kwahpeyak -> kwah peyak)
3236,7,sacred-stories-18-fisherskin-hat-coming-day,miywêyimêwak; sâkihêwak okosisiwâwa.,They loved him; they were fond of their son.,literal,literal,False,Literal expressions of affection.,[1] FIX (kwahpeyak -> kwah peyak)
3236,8,sacred-stories-18-fisherskin-hat-coming-day,namôya kêkway atoskêw awa nâpêsis.,They boy did not work at all.,literal,literal,False,Literal statement about not working.,[1] FIX (kwahpeyak -> kwah peyak)
3236,9,sacred-stories-18-fisherskin-hat-coming-day,"tahki miywâsiniyiwa otayôwinisa, ê-kaskikwâtahk awa iskwêw okosisa otayiwinisiyiwa.","His clothes were always good, for the woman sewed her son's clothing.",literal,literal,False,Literal description of sewing clothes.,[1] FIX (kwahpeyak -> kwah peyak)
3236,10,sacred-stories-18-fisherskin-hat-coming-day,êkosi piyisk oskinîkiw awa awâsis.,So in time the child became a young man.,literal,literal,False,Literal transition to young adulthood.,[1] FIX (kwahpeyak -> kwah peyak)
3238,0,sacred-stories-18-fisherskin-hat-coming-day,miyâkîki awa nâpêw wî-kakwê-wâpamêw ocêka.,And so that man tried to get sight of a fisher.,literal,literal,True,"The footnote discusses the particle miyâkîkih, uncertain of its meaning, but Bloomfield translates it as 'And so'; no figurative language is indicated.",[2] LB on miyâkîkih : Apparently a particle; meaning?
3238,1,sacred-stories-18-fisherskin-hat-coming-day,kîtahtawê wâpamêw ocêka; nipahêw.,Presently he saw a fisher; he killed it.,literal,literal,False,The sentence describes a literal event of seeing and killing a fisher.,[2] LB on miyâkîkih : Apparently a particle; meaning?
3238,2,sacred-stories-18-fisherskin-hat-coming-day,êwakoni osîhêw awa oskinîkiw.,The youth prepared it.,literal,literal,False,"The sentence describes the youth preparing the fisher, a straightforward action.",[2] LB on miyâkîkih : Apparently a particle; meaning?
3238,3,sacred-stories-18-fisherskin-hat-coming-day,"ê-kîsihât, otastotiniw.","When he had finished it, he wore it as a hat.",literal,literal,False,"The sentence states literally that he wore it as a hat, with no figurative comparison.",[2] LB on miyâkîkih : Apparently a particle; meaning?
3238,4,sacred-stories-18-fisherskin-hat-coming-day,"mîna acosisa ayâw, nikikwayâna ê-opîhtatwânit, êkota ê-asiwatêyiki wîpisisa awa oskinîkiw.","He had arrows, too, and used an otterskin for his quiver, to put his arrows in, that youth.",literal,literal,False,The sentence provides a literal description of his arrows and quiver.,[2] LB on miyâkîkih : Apparently a particle; meaning?
3238,5,sacred-stories-18-fisherskin-hat-coming-day,oskotâkay pahkêkin ê-pîmikitêyik; otâsa mîna ê-pîmikitêyiki.,"His coat was a hide ornamented with quill-work; and his breeches, too, were worked with quills.",literal,literal,False,The sentence plainly describes his coat and breeches.,[2] LB on miyâkîkih : Apparently a particle; meaning?
3242,0,sacred-stories-18-fisherskin-hat-coming-day,"mihtâtam awa kisêyiniw mîna awa iskwêw, okosisiwâwa ê-sâkihâcik.","The old man was sorry at this, and the old woman, for they cherished their son.",literal,literal,False,"The footnote only corrects a typo; the sentence is a plain statement of emotion and action, with no figurative language.",[3] FIX (awaiskwew -> awa iskwew)
3249,0,sacred-stories-18-fisherskin-hat-coming-day,"ômisi itwêw: ""nôhtâ, nêkâ, nika-takosinin, êkâ misi-wanâtisiyâni."" ""têpiyâhk ê-wî-wâpamakik ayîsiyiniwak,"" itwêw awa oskinîkiw, ê-postastotinêt.","He said, “Father, mother, I shall come here, if I am not destroyed. It is only that I want to see the people,” said the youth, as he put on his hat.",literal,literal,False,"The sentence is a straightforward statement of intent and action, with no non-literal language; the footnote only concerns hyphenation of a name.",[4] LB hyphenates the name ocêkiwayânah-k-ôtastotinit
3249,1,sacred-stories-18-fisherskin-hat-coming-day,"""hâw, ocêkiwayâna kâ-otastotinit nitisiyîhkâson,"" itwêw, ê-ati-wayawît.","“Now then, Fisherskin-Hat is my name,” he said, as he stepped out of the house.",literal,literal,False,The sentence is a literal self-identification and action; the footnote does not indicate any figurative meaning.,[4] LB hyphenates the name ocêkiwayânah-k-ôtastotinit
3254,0,sacred-stories-18-fisherskin-hat-coming-day,"""ta-tawâw!"" itwêyiwa; ""nêtê ohci-api,"" itik.",“Come in!” she said; “Sit over there!” she told him.,literal,literal,False,The footnote merely queries a word form and does not suggest figurative language; both commands are literal.,[5] CHECK nêhê:  nêtê? nâhâ?
3262,0,sacred-stories-18-fisherskin-hat-coming-day,"""yahê!"" itêyihtam awa oskinîkiw, ""namôya êcika awa kê-kî-mâ-mitonêyimak!"" itêyihtam.","“Goodness me!” thought the youth, “Plainly, I shall not be able to think about her!” he thought.",literal,literal,False,The footnote only corrects a typo (ecikawa → ecik awa); the sentence expresses a literal thought with no figurative language.,[6] FIX (ecikawa -> ecik awa)
3274,1,sacred-stories-18-fisherskin-hat-coming-day,"kîtahtawê, kêkâc ê-âpihtaw-kîsikâyik, kâ-wâpamât ayîsiyiniwa ispatinâhk ê-apiyit.","Presently, when it was almost noon, he saw someone sitting on a knoll.",literal,literal,False,The footnote is a textual correction and does not indicate figurative language; the sentence is a literal description of seeing someone on a knoll.,"[7] FIX (êh-kikaskâkêyit -> êh-kikasâkêyit,)
[8] LB hyphenates the name ocêkiwayânah-k-ôtastotinit
[9] redivided 18.39.6-7"
3274,2,sacred-stories-18-fisherskin-hat-coming-day,"ohpimê êkota wî-ati-itohtêw, ê-pasikôyit, êkotê kâ-isi-waskît.","He was going to walk on, leaving the place to one side, when the other arose, in the very direction toward which he had turned.",literal,literal,False,"The footnote is about textual redividing, not figurative language; the sentence narrates movement literally.","[7] FIX (êh-kikaskâkêyit -> êh-kikasâkêyit,)
[8] LB hyphenates the name ocêkiwayânah-k-ôtastotinit
[9] redivided 18.39.6-7"
3274,3,sacred-stories-18-fisherskin-hat-coming-day,"êkâ âta ê-wî-itohtêt, mâka êkotê isi ispayiw.","Although he tried not to go there, yet he landed in that direction.",literal,literal,False,"No footnote applies to indicate figurative language; 'landed' is a conventional translation of a motion verb, not an idiom.","[7] FIX (êh-kikaskâkêyit -> êh-kikasâkêyit,)
[8] LB hyphenates the name ocêkiwayânah-k-ôtastotinit
[9] redivided 18.39.6-7"
3274,4,sacred-stories-18-fisherskin-hat-coming-day,"piyisk âmaciwêw, ê-wâpamât.",At last he went up the hill where he saw the other.,literal,literal,False,The footnote does not mention figurative language; the sentence is a literal statement of going up a hill.,"[7] FIX (êh-kikaskâkêyit -> êh-kikasâkêyit,)
[8] LB hyphenates the name ocêkiwayânah-k-ôtastotinit
[9] redivided 18.39.6-7"
3274,5,sacred-stories-18-fisherskin-hat-coming-day,"pôti ôhi mistahi mâyâtisiyiwa ayîsiyiniwa, ê-mâskâwikanêyit, ê-apisîsisiyit, maskwayâna ê-kikasâkêyit, ê-pê-nâtikot, konita ê-pê-ostostotamiyit ômisi ê-itikot: ""ocêkiwayâna kâ-otastotinit, mâna kipê-mêtawâh!"" itik; ""kayâs, 'wî-papâ-mêtawêw,' kikî-itikawih!""","There he saw that that man was very ugly, hunchbacked and small, and clad in a bearskin coat; this man came to meet him, and as he came, had a fit of coughing, and said to him: “Fisherskin-Hat, you always were coming here to play!” he told him; “Of old, ‘He will go about engaging in contests,’ was said of you, you know!”",literal,literal,False,"The footnote is a textual note; the descriptive details and quoted speech are literal, with no idiom or metaphor.","[7] FIX (êh-kikaskâkêyit -> êh-kikasâkêyit,)
[8] LB hyphenates the name ocêkiwayânah-k-ôtastotinit
[9] redivided 18.39.6-7"
3287,0,sacred-stories-18-fisherskin-hat-coming-day,"""â, ocêkiwayâna kâ-otastotinit, nipisohên kiskât, kâ-ôh-sâkohiyan."" ""pêyakwâw!"" itik.","“Ho, Fisherskin-Hat, I stumbled over your leg, that is why you have got the better of me. Once more!” the other said to him.",literal,literal,True,"Bloomfield's footnote only comments on hyphenation of the name ocêkiwayânah-k-ôtastotinit, providing no indication of figurative language. The sentence is a direct address and literal recounting of an event, with no apparent metaphor, simile, or idiom.",[10] LB hyphenates the name ocêkiwayânah-k-ôtastotinit
3319,0,sacred-stories-18-fisherskin-hat-coming-day,"iyikohk mîna ê-wâpaniyik, kîkisêpâ ê-waniskâcik, âsay mîna wayawîw, ê-mâcît awa kâ-miyosit, âsay mîna tahkiskawêw.","And again, when day broke and they got up, the handsome man went out to hunt. Again he kicked the other.",literal,literal,False,The footnote only corrects a transcription error and does not indicate any figurative language; the sentence reads as a plain narrative.,[11] FIX (eh-macitawa -> eh-macit awa)
3320,0,sacred-stories-18-fisherskin-hat-coming-day,"""tâni êtapiyan?"" ""kôskiskwêwâhtânaw, maskwayânêtâs!"" itêw, ê-kîpiwêpiskawât, tâpiskôc ta-nipiyit, iyikohk ê-ostostotamiyit, konita mâna mistahi ê-pâhpit awa omisimâw, wîtimwa kiyîpiwêpiskâmihci.","“Why are you sitting like that? Didn't you know we were newly married, Bearskin-Breeches?” he said to him, kicking him over, so that he coughed as if he were going to die, the elder sister meanwhile laughing and laughing at her brother-in-law being kicked about.",simile,simile,False,"Contains the simile marker 'tâpiskôc' in 'tâpiskôc ta-nipiyit' ('as if he were going to die'), an explicit comparison.",[12] resegmented 18.85.1-2
3320,1,sacred-stories-18-fisherskin-hat-coming-day,"âsay mîna êwako sipwêhtêw, ê-mâcît.","The latter, too, went off to hunt.",literal,literal,False,Plain statement about the man going off to hunt; no figurative language.,[12] resegmented 18.85.1-2
3320,2,sacred-stories-18-fisherskin-hat-coming-day,êwako kapê-kîsik papâmohtêw.,All that day he tramped about.,literal,literal,False,Plain description of walking about all day; no figurative language.,[12] resegmented 18.85.1-2
3320,3,sacred-stories-18-fisherskin-hat-coming-day,"iyikohk ê-otâkosik, âsay mîna takohtêw awa kâ-miyosit; âsay mîna nikikwa pêsiwêw.","When night fell, again the handsome man arrived; again he brought an otter.",literal,literal,False,"Narrative of nightfall, arrival, and bringing an otter; no non-literal expressions.",[12] resegmented 18.85.1-2
3332,0,sacred-stories-18-fisherskin-hat-coming-day,"""tâni êtapiyan?"" ""kinahâhkapihtânaw!"" itêw.",“Why are you sitting there like that? Didn't you know we are staying at our wives' house?” he said to him.,literal,literal,False,The footnote only provides a textual correction (tanetapiyin -> tan etapiyin) and does not describe any figurative meaning; the sentence is a direct question and statement with literal meaning.,[15] FIX (tanetapiyin -> tan etapiyin)
3368,0,sacred-stories-18-fisherskin-hat-coming-day,"""nah, ahpô kiya pwêstaskisinahat mâna, êkâ ê-miywâsiniyik kêkway ê-nipahtât kinâpêm!""","Why, even you are in the habit of putting moccasins on your husband's feet, when he doesn't kill anything good!”",literal,literal,False,The footnote only corrects a spelling error and gives no indication of figurative language; the sentence describes the literal act of putting moccasins on someone's feet.,[17] FIX (pwêskisinahat -> pwêstaskisinahat)
3370,0,sacred-stories-18-fisherskin-hat-coming-day,"ômisi itwêw awa oskinîkiskwêw: ""nâh, tânêhki awa otahkiskawâh mâna, wâh-wayawîci?"" ""nêpêwisitokê, ê-âh-ayiwihikot!"" itêw.","Then said that young woman, “Hoho, how now? Did not he always use to kick him as he went out? He must be ashamed at being outdone!” she called to him.",literal,literal,False,The footnote discusses a phonetic shortening and does not indicate figurative language; the sentence appears literal.,[18] CHECK shortening in nêpêwisîtokê
3376,0,sacred-stories-18-fisherskin-hat-coming-day,"""nisîmis,"" itwêw awa omisimâw, ""pêyak anima oskât miyin; nika-pâstason,"" itêw.","“Little sister,” said the elder, “Give me one of those leg-bones; let me eat the marrow,” she asked her.",literal,literal,False,"The footnote only corrects a transcription error (peyakanima -> peyak anima), indicating no figurative language; the sentence is a literal request for a leg-bone to eat the marrow.",[19] FIX (peyakanima -> peyak anima)
3396,0,sacred-stories-18-fisherskin-hat-coming-day,"âsay ômisi itwêw awa omisimâw: ""namôya kika-matotisin;"" ""osâm kika-wînihkason,"" itêw owîkimâkana.","At once the elder sister said, “You shall not take a steam-bath; you will get too dirty and sweaty in the heat,” she said to her husband.",literal,literal,True,"The footnote corrects a typographical error ('omisitwew' to 'omis itwew') and does not describe any figurative language. The sentence is a straightforward, literal statement in both Cree and English.",[20] FIX (omisitwew -> omis itwew)
3407,0,sacred-stories-18-fisherskin-hat-coming-day,"tâpwê kêtayôwinisêwak êkwa, ê-pîhtokêcik ôma ita kâ-matotisicik.",Thereupon they took off their clothes and went into the structure where they were to take the steam-bath.,literal,literal,False,"Footnote only discusses punctuation, not figurative language. Direct reading shows plain description of actions.",[21] LB has a period at the end of the English translation but no punctuation at all at the end of the Cree.
3407,1,sacred-stories-18-fisherskin-hat-coming-day,"êkwa tâpwê awa omisimâw pakwahtêhêw owîkimâkana, ê-ohci-sakâpêkinât owîkimâkana, ê-kostahk ka-maskamiht.","Then the elder sister really did tie something round her husband's waist by which to hold him on the line, in her fear that she would be robbed of him.",literal,literal,False,"Footnote only discusses punctuation. The expression 'robbed of him' is a common, non-idiomatic way to express fear of loss, best taken literally in this context.",[21] LB has a period at the end of the English translation but no punctuation at all at the end of the Cree.
3407,2,sacred-stories-18-fisherskin-hat-coming-day,êkosi êkwa mitoni kipahwêwak êkwa.,Then they closed them in tightly.,literal,literal,False,Footnote only discusses punctuation. Direct reading shows a literal description of closing them in tightly.,[21] LB has a period at the end of the English translation but no punctuation at all at the end of the Cree.
3408,0,sacred-stories-18-fisherskin-hat-coming-day,"êkwa pîkiskwêw awa maskwayânêtâs, ê-itwêt, ""haw, ê-nêstosiyân kâ-ôh-matotisiyân, mâka ê-pakwâtamân ôma êsinâkosiyân!"" itwêw; ""kâwi nimiyosiwin nika-ayân!"" itwêw, pimiy ê-ohci-sîkahâhtawât asiniya ôhi.","Then Bearskin-Breeches spoke, saying, “Now, because I am weary I am taking a steam-bath, but, besides, I hate the way I now look!” he said; “Let me have back my good looks!” he said, as he poured fat on the stone.",literal,literal,False,"The footnote only corrects a typo and does not indicate figurative language; reading the sentence directly, all expressions are literal.",[22] FIX (e-mestosiyan -> e-nestosiyan)
3431,1,sacred-stories-18-fisherskin-hat-coming-day,"tahto-kîsikâw êkwa mâcîw, mostoswa êkwa ê-nôcihât, ê-iyawis ê-pêcitâpêt mostoswa; piyisk mistahi ayâwak mîciwin.","He went hunting every day, and chased buffalo, and brought them home entire; in time they had much food.",literal,literal,False,The footnote only contains a verification note ('CHECK kêwêt') and does not describe any figurative language; the sentence is a plain narrative of hunting and food supply.,[23] CHECK kêwêt
3431,2,sacred-stories-18-fisherskin-hat-coming-day,"kîtahtawê ê-ati-miyoskamiyik, êkwa ocawâsimisiw; nâpêsisa ayâwêw.","Presently toward spring, they had a child; a little boy.",literal,literal,False,"The footnote does not apply to this sentence, and the statement about having a child is straightforward and literal.",[23] CHECK kêwêt
3431,3,sacred-stories-18-fisherskin-hat-coming-day,"êkwa osâm mistahi ê-itêyihtahk, iyikohk ê-ayâcik mîciwin, namôya tahto-kîsikâw mâcîw.","Then, when he thought that they had too much food, he no longer hunted every day.",literal,literal,False,The footnote does not apply; the sentence literally reports the man's thought and consequent action.,[23] CHECK kêwêt
3431,4,sacred-stories-18-fisherskin-hat-coming-day,"kîtahtawê ê-sâkêwêt, kêwêt, kâ-pêcâstamohtêyit oskinîkiwa nîso.","Then at one time, as he went to an outlook, there were two youths coming that way.",literal,literal,False,"The footnote references the word 'kêwêt' but only as a check note, not indicating any figurative meaning; the sentence is a literal account of going to an outlook and seeing two youths.",[23] CHECK kêwêt
3441,1,sacred-stories-18-fisherskin-hat-coming-day,"êwako ana kikî-owîstâwinâwâw!"" itêw.",So we had that person for a brother-in-law!” the one answered him.,literal,literal,False,"The footnote concerns grammatical form (2p vs. 1i), and the sentence is a literal statement about having someone as a brother-in-law.",[24] CHECK 2p instead of 1i ?
3443,0,sacred-stories-18-fisherskin-hat-coming-day,"ômisi itwêwak: ""anohc ôma kâ-otâkosik ôta ta-kapêsiw nôhtâwiyinân, ê-pê-ispiciyâhk ôma, mistahi ê-nôhtêhkatêhk;"" ""mâka ê-kiskêyihtahk nôhtâwiy ôma ôta ê-ayâyan, nîstâ, kâ-ôh-pê-ispiciyâhk."" ""êkosi ê-kî-itêyihtahk nôhtâwiy, ôta kâ-kî-pê-nakatât nisîma, 'mâskôc êkâ awiya âtawêyimikotwâwi, wîkimikotwâwi, ta-nipahtâyit kêkway pisiskiwa,' ê-kî-itêyihtahk nôhtâwiyinân,"" itwêwak ôki oskinîkiwak; ""mistahi ta-miywêyihtam, ômisi wâpahtahki,"" itêw.","They spoke as follows: “Today, at nightfall, our father will camp here, for we are moving camp to this place, on account of great famine; because our father knew, after all, that you were here, brother-in-law, is why we are moving camp this way. This, in fact, was our father's thought, when he came and left my sisters here, for ‘Perhaps some man or men will not disdain them and marry them, and then kill something in the way of game,’ was what our father thought,” said those youths; “He will be very glad, when he sees the way things are,” the one told him.",literal,literal,False,The footnote only corrects a typo (omotah -> om otah) and does not describe figurative language; the sentence contains no non-literal expressions.,[25] FIX (omotah -> om otah)
3453,0,sacred-stories-18-fisherskin-hat-coming-day,"""hah, êha, nitânis, kaskêyihtamôtokênik aniki nitihtâwâw."" ""itohtêhkêk;"" ""kiyaskoc nitawi-pamihâhkanik kisikos mîna kisis,"" itêw otânisa; ""êkoyikohk nimamâhtâkosin, iyikohk kêkway ê-nipahtât ninahâhkisîm, ê-mîciyân,"" itêw.","“Yes; so there, daughter, surely my son-in-law's father and his wife must be lonesome. You had better go there; do you now, in turn, take care of your husband's mother and father,” he told his daughter; “I am sufficiently well off now, so long as I eat the things my son-in-law has killed,” he told her.",literal,literal,True,Bloomfield's footnote corrects a typographical error (minamâhtâkosin to nimamâhtâkosin) and gives no indication of figurative language; the sentence is straightforwardly literal.,[26] FIX (minamâhtâkosin -> nimamâhtâkosin)
3455,0,sacred-stories-18-fisherskin-hat-coming-day,"ê-kîwêt, ômisi itêw owîkimâkana: ""'itohtêhkêk ôhtâwiya ninahâhkisîm,' ê-itwêt nôhtâwiy,"" itêw.","When she went home, she said to her husband, “‘Go you to my son-in-law's father,’ is what my father says,” she told him.",literal,literal,False,The footnote only corrects a misreading (`omisitew` to `omis itew`) and does not describe any figurative language; the sentence is a literal report of speech.,[27] FIX (omisitew -> omis itew)
3457,0,sacred-stories-18-fisherskin-hat-coming-day,"tâpwê iyikohk ê-wâpaniyik, wawêyîwak, ê-wî-sipwêhtêt, tâpwê kahkiyaw awiya ayîsiyiniwa ê-atamiskâkocik.","Accordingly, when day broke, they made ready for his departure, and truly, all the people bade them farewell.",literal,literal,False,The footnote is a typographical correction and does not describe figurative language; the sentence is a plain narration of events.,[28] FIX (ê-siwêhtêcik -> ê-sipwêhtêcik)
3457,1,sacred-stories-18-fisherskin-hat-coming-day,"êkosi ê-sipwêhtêcik, nîswâw ê-kî-kapêsicik, êkoyikohk wâpahtamwak wîkiwâw ita kâ-itohtêcik.","So they departed, and when they had camped twice on the way, they came in sight of his people's home to which they were going.",literal,literal,False,The footnote is a typographical correction and does not describe figurative language; the sentence is a plain narration of events.,[28] FIX (ê-siwêhtêcik -> ê-sipwêhtêcik)
3458,0,sacred-stories-18-fisherskin-hat-coming-day,"""hâw, nika-nîkânipahtân;"" ""nika-wîhtamawâw nitawi nôhtâwiy ê-wî-takohtêyahk,"" itêw.","“Here, I shall run ahead; I shall go tell my father that we are about to arrive,” he said to her.",literal,literal,False,"The footnote only instructs to check 'nitawi' as an IPC, and the sentence conveys a straightforward, non-figurative statement about running ahead and telling someone of an arrival.",[29] CHECK nitawi as IPC
3465,0,sacred-stories-18-fisherskin-hat-coming-day,"""mahti!"" itwêw awa nôtokêsiw, ê-wayawît, ê-nitawi-nakiskawât ostima êkwa ôsisima.","“Oh, I must!” exclaimed the old woman, and went out of the lodge, to go meet her daughter-in-law and her grandchild.",literal,literal,False,"The sentence describes a sequence of literal actions (exclaiming, going out, going to meet someone) with no figurative language; the footnote only corrects a typo in a later sentence.",[30] FIX (ocemaw -> ocemew)
3465,1,sacred-stories-18-fisherskin-hat-coming-day,"ita ê-nakiskawât, ocêmêw.","When she met her, she kissed her.",literal,literal,False,"The sentence describes meeting and kissing, which are literal actions; the footnote corrects a spelling but does not indicate any figurative expression.",[30] FIX (ocemaw -> ocemew)
3468,0,sacred-stories-18-fisherskin-hat-coming-day,aspin êkoyikohk ê-iskwâk âcimowin âtayôhkêwin.,"And this is the end of the story, of the sacred story.",literal,literal,False,The footnote only corrects a spacing error and does not describe any figurative language; the sentence is a plain statement ending the story.,[31] FIX (eh-iskwakacimowin -> eh-iskwak acimowin)
3498,0,sacred-stories-19-wampum-head-and-his-nephews-coming-day,tâpwê êwakoni môwêwak êkwa.,So then they ate it.,literal,literal,False,So then they ate it — plain factual statement with no figurative language.,[1] LB on ê-wih-ocit-ômaskisiniyit : The prefix ocit is probably an error.
3498,1,sacred-stories-19-wampum-head-and-his-nephews-coming-day,êkosi nama kêkway êkwa wiya tâpakwêw awa iskwêw; ayis osîma êkwa nâh-nipahêyiwa wâposwa.,And now the woman no longer set snares; for now her brother continued to kill rabbits.,literal,literal,False,Describes ceasing to set snares and brother killing rabbits literally; no figure of speech.,[1] LB on ê-wih-ocit-ômaskisiniyit : The prefix ocit is probably an error.
3498,2,sacred-stories-19-wampum-head-and-his-nephews-coming-day,"tâpwê ôhi osihêw awa iskwêw, ê-wî-ohci-omaskisiniyit osîma.","So now the woman prepared that creature, that her brother might have moccasins of it.",literal,literal,True,"Bloomfield's footnote comments on a probable error in the prefix 'ocit', not on figurative language; the sentence literally means the woman prepared the creature for moccasins.",[1] LB on ê-wih-ocit-ômaskisiniyit : The prefix ocit is probably an error.
3498,3,sacred-stories-19-wampum-head-and-his-nephews-coming-day,"ê-kî-nipâcik, ê-wâpahk, ê-waniskât awa oskinîkiskwêw, âsay namwâc nipâyiwa osîma, ê-mâcîyit.","When they had slept, in the morning when the young woman got up, her brother was by no means still asleep, but had gone hunting.",literal,literal,False,Plain statement about waking up and the brother having gone hunting; no non-literal meaning.,[1] LB on ê-wih-ocit-ômaskisiniyit : The prefix ocit is probably an error.
3498,4,sacred-stories-19-wampum-head-and-his-nephews-coming-day,"ê-pôni-âpihtâwi-kîsikâk, âsay osîma takohtêyiwa; nîso apisi-môsosa pêsiwêyiwa.",In the afternoon her brother arrived; he brought two dwarf moose.,literal,literal,False,Arrival of brother with two dwarf moose is straightforward description.,[1] LB on ê-wih-ocit-ômaskisiniyit : The prefix ocit is probably an error.
3500,0,sacred-stories-19-wampum-head-and-his-nephews-coming-day,"êkosi ê-kî-kîsi-wiyanihât, êkwa iyâyaw asamêw osîma.","So, when she had finished skinning them and cutting them up, with zeal then she gave her brother his food.",literal,literal,False,"Bloomfield's footnote [2] discusses a cultural taboo, not figurative language; the sentence describes actions literally.",[2] LB:  The tabu against naming and speech between brother and sister seems to have lost its force on Sweet Grass; it is violated below in this story.  The tabu is maintained on Star Blanket Reserve.
3500,1,sacred-stories-19-wampum-head-and-his-nephews-coming-day,"nama wiya wîhkâc êkwa kitotik osîma, osâm ê-nêpêwisiyit ta-kitotikot, êkwa ê-oskinîkiyit.","Never now did her brother address her, for he was too bashful to speak to her, now that he was a young man.",literal,literal,False,"Bloomfield's footnote [2] discusses a cultural taboo, not figurative language; the sentence states a fact literally.",[2] LB:  The tabu against naming and speech between brother and sister seems to have lost its force on Sweet Grass; it is violated below in this story.  The tabu is maintained on Star Blanket Reserve.
3500,2,sacred-stories-19-wampum-head-and-his-nephews-coming-day,"tâpwê mîna ê-wâpaniyik, kîkisêpâ ê-waniskât, sâsay êsa kâ-sipwêhtêyit osîma, ê-mâcîyit, êkwa wiya ôhi iyâyaw apisimôsoswayâna ê-osîhât, mitâsa ê-wî-osîhtât.","Then, the next morning early, when she arose, she saw that again her brother had already gone away to hunt; she, for her part, set zealously to work preparing the hides of the dwarf moose, to make breeches.",literal,literal,False,"Bloomfield's footnote [2] discusses a cultural taboo, not figurative language; the sentence narrates events literally.",[2] LB:  The tabu against naming and speech between brother and sister seems to have lost its force on Sweet Grass; it is violated below in this story.  The tabu is maintained on Star Blanket Reserve.
3500,3,sacred-stories-19-wampum-head-and-his-nephews-coming-day,"ê-otâkosiniyik, ê-kîsihât, apisimôsoswayâna, kâ-takosiniyit osîma.","Toward evening, when she had finished tanning the dwarf-moose skins, her brother arrived.",literal,literal,False,"Bloomfield's footnote [2] discusses a cultural taboo, not figurative language; the sentence describes timing literally.",[2] LB:  The tabu against naming and speech between brother and sister seems to have lost its force on Sweet Grass; it is violated below in this story.  The tabu is maintained on Star Blanket Reserve.
3500,4,sacred-stories-19-wampum-head-and-his-nephews-coming-day,âsay mîna nîso pêsiwêyiwa apisi-môsosa.,Again he was bringing two dwarf moose.,literal,literal,False,"Bloomfield's footnote [2] discusses a cultural taboo, not figurative language; the sentence states a fact literally.",[2] LB:  The tabu against naming and speech between brother and sister seems to have lost its force on Sweet Grass; it is violated below in this story.  The tabu is maintained on Star Blanket Reserve.
3500,5,sacred-stories-19-wampum-head-and-his-nephews-coming-day,miywêyihtam awa oskinîkiskwêw.,The young woman rejoiced.,literal,literal,False,"Bloomfield's footnote [2] discusses a cultural taboo, not figurative language; the sentence expresses an emotion literally.",[2] LB:  The tabu against naming and speech between brother and sister seems to have lost its force on Sweet Grass; it is violated below in this story.  The tabu is maintained on Star Blanket Reserve.
3500,7,sacred-stories-19-wampum-head-and-his-nephews-coming-day,"êkoyikohk ê-kîsi-atoskâtât ôhi apisimôsoswayâna, ê-pâswât.","By this time she had finished working the hides of the dwarfmoose, and was drying them.",literal,literal,False,"Bloomfield's footnote [2] discusses a cultural taboo, not figurative language; the sentence describes activities literally.",[2] LB:  The tabu against naming and speech between brother and sister seems to have lost its force on Sweet Grass; it is violated below in this story.  The tabu is maintained on Star Blanket Reserve.
3500,8,sacred-stories-19-wampum-head-and-his-nephews-coming-day,"êkosi têpiskâyiki ê-kaskikwâsot, osîma ê-osîhtawât ayiwinisa.","So then, of nights she would sew, making clothes for her brother.",literal,literal,False,"Bloomfield's footnote [2] discusses a cultural taboo, not figurative language; the sentence describes habitual action literally.",[2] LB:  The tabu against naming and speech between brother and sister seems to have lost its force on Sweet Grass; it is violated below in this story.  The tabu is maintained on Star Blanket Reserve.
3504,0,sacred-stories-19-wampum-head-and-his-nephews-coming-day,"tahto-kîsikâw ê-mâcît awa oskinîkiw, pisisik mostoswa mâh-misiwê ê-pêcitâpêt, hâh, mîna mayaw piyêsiwâci mostoswa, wiyâpahki êsa ê-kîsihât awa iskwêw mostoswayâna, ê-otanâskânicik, mîna ê-otakohpicik osîma, kîtahtawê kîkisêpâ ê-waniskât awa iskwêw, kêyâpic nipâyiwa osîma.","The youth hunted every day, and dragged home buffalo always entire; as soon as he would bring a buffalo, by the next morning, the woman had already prepared the buffalo hide, for sleeping robes and robes to wear, for her brother and for herself. And then one morning, when she got up, her brother was still asleep.",literal,literal,False,Literal narrative describing daily activities with no figurative language.,"[3] LB on êh-tîhkisahk :  If the verb is really tihkisam : “he melts it,” the object would seem to be the sticks."
3504,1,sacred-stories-19-wampum-head-and-his-nephews-coming-day,"ê-kiskêyimikot ê-kîsi-paminawasot, waniskâyiwa.","When he knew that she had finished cooking, he got up.",literal,literal,False,Literal statement of the youth waking up after knowing cooking is done.,"[3] LB on êh-tîhkisahk :  If the verb is really tihkisam : “he melts it,” the object would seem to be the sticks."
3504,3,sacred-stories-19-wampum-head-and-his-nephews-coming-day,"ê-kîsi-mîcisocik, êkoyikohk wayawîw awa oskinîkiw, ê-nitawi-kîskatahwât asâmâhtikwa, ê-wî-osîhât asâma, mîna ê-wanihikêt, nîso ê-osîhtât wanihikana.","When they had eaten, the youth went out of doors, to cut sticks for snowshoes which he intended to make, and to set traps, two traps which he had built.",literal,literal,False,Literal description of the youth going out to cut sticks and set traps.,"[3] LB on êh-tîhkisahk :  If the verb is really tihkisam : “he melts it,” the object would seem to be the sticks."
3504,4,sacred-stories-19-wampum-head-and-his-nephews-coming-day,"iyikohk ê-takohtêt, ê-wâpahtahk awa iskwêw mistikwa ê-pîhtokatâyit, ê-kî-asamât, êkwa otinam ôhi mistikwa awa iskwêw, ê-tihkisahk.","When he came back when the woman saw that he was bringing sticks of wood, after giving him his meal, the woman took the sticks, and melted some fat.",literal,literal,True,The footnote discusses the grammatical object of 'ê-tihkisahk' but indicates no figurative meaning; the melting of fat is literal.,"[3] LB on êh-tîhkisahk :  If the verb is really tihkisam : “he melts it,” the object would seem to be the sticks."
3504,5,sacred-stories-19-wampum-head-and-his-nephews-coming-day,"ê-kîsi-mîcisot awa oskinîkiw, ê-môhkotahk, asâma ê-osihât, êkoyikohk kiskêyihtam awa iskwêw ê-osîhâyit asâma.","When the youth had eaten, and was whittling the sticks to make snowshoes, then the woman knew that he was making snowshoes.",literal,literal,False,Literal account of whittling sticks and realizing snowshoe making.,"[3] LB on êh-tîhkisahk :  If the verb is really tihkisam : “he melts it,” the object would seem to be the sticks."
3504,6,sacred-stories-19-wampum-head-and-his-nephews-coming-day,"êkwa osîhtâw ôma pahkêkin, ê-wî-wâskâsahk awa iskwêw.",Then she prepared that rawhide for cutting round the edge.,literal,literal,False,Literal preparation of rawhide for cutting.,"[3] LB on êh-tîhkisahk :  If the verb is really tihkisam : “he melts it,” the object would seem to be the sticks."
3504,7,sacred-stories-19-wampum-head-and-his-nephews-coming-day,"tâpwê ê-wâpahk, ê-nitawâpahtahk owanihikana, pêyak tasôhêw kihîwa, êkwa pêyak nikikwa.","Then, the next morning, when he went to look at his traps, he had trapped an eagle and an otter.",literal,literal,False,Literal report of trapping an eagle and an otter.,"[3] LB on êh-tîhkisahk :  If the verb is really tihkisam : “he melts it,” the object would seem to be the sticks."
3506,0,sacred-stories-19-wampum-head-and-his-nephews-coming-day,êwakoni mîkwana kahkiyaw otinêw.,He took all the feathers.,literal,literal,False,"The sentence describes a straightforward action with no figurative language, and Bloomfield's footnote does not apply to this sentence.",[4] LB on kihîwa :  Doubtless a slip of the tongue for nikikwa ; so translated.
3506,1,sacred-stories-19-wampum-head-and-his-nephews-coming-day,"êkwa ôhi kihîwa pahkonêw awa iskwêw, ê-pâswât.","And the woman skinned the otter, and dried the skin.",literal,literal,True,"Bloomfield's footnote corrects 'kihîwa' as a slip of the tongue for 'nikikwa', indicating a literal mistranslation rather than figurative usage.",[4] LB on kihîwa :  Doubtless a slip of the tongue for nikikwa ; so translated.
3522,0,sacred-stories-19-wampum-head-and-his-nephews-coming-day,"êkosi awa iskwêw otinêw, ê-itisinamawât.","Accordingly, she took them and handed them to him.",literal,literal,False,"The sentence describes a straightforward action of taking and handing objects, with no figurative language.",[5] CHECK tapiskahwat
3522,1,sacred-stories-19-wampum-head-and-his-nephews-coming-day,"êkwa awa oskinîkiw ê-sîkahot, ê-kîsi-sîkahot, ôhi mîkisisa ê-pâh-pôtâtât, mâh-mihcêtiyiwa kâ-wâpiskisiyit ôhi mîkisisa ôta ostikwânihk, napatê wêscakâsa kahkiyaw ê-tâpiskawât mîkisisa, tâpiskôc ê-wâpistikwânêt napatê, êkwa napatê ôhi kâ-askîhtakosiyit mîkisisa ê-itamoyit ostikwânihk, ê-mîkisistikwânêt.","Then the youth combed his hair, and when he had combed it, breathed upon those beads, whereupon a great many of those white wampum-beads were on his head there; he had threaded all the hairs on one side of his head with the beads, just as though his hair were white, and on the other side the blue beads were strung on his head; he was a Wampum-Head.",simile,simile,False,"The sentence includes the explicit comparison marker 'tâpiskôc' ('just as though'), creating a simile comparing the beaded hair to white hair.",[5] CHECK tapiskahwat
3522,2,sacred-stories-19-wampum-head-and-his-nephews-coming-day,"êkwa tâpwê miyosiw awa oskinîkiw: oskotâkay ê-pîmikitêyik, sihkosiwayâna ê-kikamoyit, mîna otâsihk ê-kikamoyiki, ê-pîmikitêyiki, mîna êkota sihkosiwayâna ê-kikamoyit, êkwa ôhi nikikwayâna ê-otastotinit, otakohpa êskana ê-kikamoyit êkwa waskasîyiwa êkota ê-kikamoyit.","Then truly handsome was that young man; his coat was ornamented with quill-work and with tassels of weasel skins, and some were on his breeches, and they, too, had quill-work, and they had weasel-skins on them, and he had a headgear of that otterskin, and on his robe were horns, and hoofs were on it.",literal,literal,False,"This sentence describes the youth's adornments in literal terms, listing items without non-literal expressions.",[5] CHECK tapiskahwat
3522,3,sacred-stories-19-wampum-head-and-his-nephews-coming-day,"êkwa tâpwê miyosiw awa oskinîkiw, êkosi êkwa ê-kîsi-nânapâcihisot.","Then truly handsome was that youth, when in this guise he had decked himself.",literal,literal,False,"The sentence simply states that the youth was handsome and had decked himself, with no figurative language.",[5] CHECK tapiskahwat
3522,4,sacred-stories-19-wampum-head-and-his-nephews-coming-day,"êkota êkwa tahto-kîsikâw êkwa ê-mâcît, tahto-kîsikâw pêyak ê-nipahât mostoswa, piyis mistahi mîciwin ayâwak.","Then, as he hunted each day, and each day killed a buffalo, in time they had a plenty of food.",literal,literal,False,"The sentence narrates daily hunting and the resulting plenty of food, in plain literal language.",[5] CHECK tapiskahwat
3531,0,sacred-stories-19-wampum-head-and-his-nephews-coming-day,"êkwa awa iskwêw ômisi itêyihtam: ""mâskôc kinwêsk ê-nîsiyâhk nisîmis, mâskôc awa êkwa ê-akâwâsit,"" itêyimêw osîma; ê-môhcôwit awa iskwêw, kâ-itêyimât osîma.","Then the woman thought thus: “Perhaps because my brother and I so long have been alone together, perhaps now he has fallen in love with me,” she thought concerning her brother; because she was silly, she thought thus of her brother.",literal,literal,False,"The footnote discusses a motif and taboo, not figurative language; the sentence is a literal report of the woman's thoughts.",[6] LB:  This motif accords with the existence of the tabu.
3534,0,sacred-stories-19-wampum-head-and-his-nephews-coming-day,"kisiwâk ê-pê-ihtâyit, kîskowêyiwa.","When he had come near, he ceased from his song.",literal,literal,False,The sentence describes a literal action without any figurative language. The footnote is a textual note and not relevant to figurative interpretation.,[7] LB has ôt êskwâhtêmihk as a single word
3534,1,sacred-stories-19-wampum-head-and-his-nephews-coming-day,êkwa mosis êkwa pê-pimohtêyiwa.,"And now he was in sight, walking hither.",literal,literal,False,"The sentence describes a literal event of someone coming into sight and walking, with no figurative elements. The footnote is not applicable.",[7] LB has ôt êskwâhtêmihk as a single word
3534,3,sacred-stories-19-wampum-head-and-his-nephews-coming-day,"ôtê iskwâhtêmihk ê-pê-takohtêyit, otasâmiyiwa êkota âsosimêyiwa.","When he came to the doorway, there he leaned upon his snowshoes.",literal,literal,False,The sentence literally states that the subject leaned on his snowshoes at the doorway. The footnote about word boundaries does not indicate figurative language.,[7] LB has ôt êskwâhtêmihk as a single word
3534,4,sacred-stories-19-wampum-head-and-his-nephews-coming-day,"ê-pê-pîhtokêyit, mitoni naspitawêyiwa osîma.","When he came inside, greatly he resembled her brother.",literal,literal,False,"The statement of resemblance is a literal comparison, not figurative. The footnote does not suggest any non-literal meaning.",[7] LB has ôt êskwâhtêmihk as a single word
3570,0,sacred-stories-19-wampum-head-and-his-nephews-coming-day,"""hâw, namôya nika-mâcîn,"" itwêw; ""osâm mistahi kika-atoskân."" ""êkwa awâsis ê-wî-ayâwat, namôya ninitawêyihtên ta-atoskêyan."" ""mâskôc wî-ohpikici awa awâsis kâ-wî-ayâwâyahk,"" itêw.","“Very well, I shall not hunt,” he said, “You would be working too much. Now that you are going to have a child, I do not want you to work. Perhaps the child we are to have will grow up,” he told her.",literal,literal,True,"The footnote merely questions whether this is a rationalized couvade, with no indication of figurative language; the sentences are literal statements.",[8] LB: Rationalized or rudimentary couvade?
3584,0,sacred-stories-19-wampum-head-and-his-nephews-coming-day,"iyikohk ê-pôni-mâtot, ômisi itêw: ""nicawâsimisitik, kisisiwâw ana; nisîmis ana;"" ""mistahi ana ê-kî-miyosit, ê-kî-mîkisiwiyik ostikwân, mâka ê-kî-mawinêhokot wîci-mîkisistikwâna, aspin ê-kî-sipwêhtatâyit ostikwân."" ""kêyâpic cî yêhyêw?""","When she stopped weeping, she said to them, “My children, he is your mother's brother; he is my younger brother; he was very handsome, and beaded was his head, but his fellow Wampum-Head challenged him to a contest and carried off his head. Is he still breathing!”",literal,literal,False,"The footnote discusses a phonetic contraction in rapid speech (kêyâpic cîh), not figurative language. The sentence contains no metaphor, simile, or idiom; it is a literal narration.",[9] LB ad kêyâpi cîh : For kêyâpic cîh ; so usually in close-knit phrases of rapid speech when final and initial ts come together.
3596,0,sacred-stories-19-wampum-head-and-his-nephews-coming-day,"tâpwê ohpihâw, ê-pimihât êkotê kâ-kî-wâpahtahk osisa ostikwâniyiw.","Really, he rose into the air and flew to where he had seen his uncle'e head.",literal,literal,False,"The sentence describes a literal action of rising into the air and flying, with no figurative language evident.",[10] beginning of second word (ahpihyaw?) is obscured in the book.
3596,1,sacred-stories-19-wampum-head-and-his-nephews-coming-day,"êkotê ê-takohtêt, cîki mwêhci ê-ihtât, kâ-kitoyit ôhi kâhkâkiwa.","When he got there, just as he was near, that raven croaked.",literal,literal,False,"The sentence describes a literal arrival and a raven's croak, with no figurative language present.",[10] beginning of second word (ahpihyaw?) is obscured in the book.
3652,0,sacred-stories-20-flute-bearer-coming-day,"êkosi ômisi itwêw: ""hê êy, nimisê, ê-kitimâkinâtân, êkâ kêkway kâ-ôh-wî-nipahtâyân, osâm mistahi ta-atoskêyan, ê-itêyimitân,"" itêw omisa; ""yôhtêwêpina!""","At the same time he spoke as follows: “Dear me, sister, it is because I feel sorry for you that I have not been killing anything, because I thought you would have too much work,” he told his sister; “Throw open the door-flap!”",literal,literal,True,"Bloomfield's footnote describes this speech as an instance of 'bravado', a rhetorical stance rather than a figurative expression; no metaphor, simile, or idiom is identified, so the language is treated as literal.","[1] LB:  A good instance of bravado: one lets a bad situation go far, and then, before acting, belittles the danger by giving a trivial reason for the delay."
3657,0,sacred-stories-20-flute-bearer-coming-day,"ê-pîhtokatât, pôti kî-mosêskatêyiwa osîma, ê-wêwêkinamiyit otakohpiyihk.","When she brought them indoors, there was her brother undresseed, wrapped up in his blanket-robe.",literal,literal,False,"The footnote merely notes the word 'wayawîwêpinayi' for checking, providing no figurative analysis, and the sentence is a plain descriptive statement.",[2] CHECK wayawîwêpinayi
3657,1,sacred-stories-20-flute-bearer-coming-day,"ê-kî-otinamiyit acosisa, ôhi otayôwinisiyiwa, ""nimisê, wayawîwêpina!""","When he had taken back his arrows, then, of his clothes, he said, “Sister, throw them out of the lodge!”",literal,literal,False,"The footnote is a lexical verification note, and the sentence reports a literal command without any non-literal expression.",[2] CHECK wayawîwêpinayi
3690,0,sacred-stories-20-flute-bearer-coming-day,"êkota ayâw wîsahkêcâhk, ôhi okimâwa ê-oy-ôhtâwîhkât, ôhi oskinîkiskwêwa ê-osîmit.","In that place dwelt Wisahketchahk, having adopted the chief as his father and those women as his sisters.",literal,literal,False,"The sentence states a literal location and kinship; the footnote comments on Wisahketchahk's role, not on figurative language.","[3] LB ad êkotah ayâw wîsahkêcâhk, In the succeeding episode Wisahketchahk seems to play merely the role of one of the spirit-animals.  At the end of the story he is more in character.  The same is true of a version obtained on Star-Blanket Reserve."
3690,1,sacred-stories-20-flute-bearer-coming-day,"tâpwê ê-tipiskâyik, itohtêw wîsahkêcâhk.","And so, at night, Wisahketchahk came there.",literal,literal,False,The sentence describes a literal action without figurative markers; the footnote does not mention any figurative element.,"[3] LB ad êkotah ayâw wîsahkêcâhk, In the succeeding episode Wisahketchahk seems to play merely the role of one of the spirit-animals.  At the end of the story he is more in character.  The same is true of a version obtained on Star-Blanket Reserve."
3690,2,sacred-stories-20-flute-bearer-coming-day,"ê-pîhtokêt, apiyiwa ôhi oskinîkiwa.","When he entered the lodge, there sat the youth.",literal,literal,False,The sentence is a plain description of entering and seeing the youth; no figurative language is present.,"[3] LB ad êkotah ayâw wîsahkêcâhk, In the succeeding episode Wisahketchahk seems to play merely the role of one of the spirit-animals.  At the end of the story he is more in character.  The same is true of a version obtained on Star-Blanket Reserve."
3708,0,sacred-stories-20-flute-bearer-coming-day,"tahki ê-asawâpit wîsahkêcâhk, kîtahtawê kâ-pêtisâpamât, ""hywww!"" ê-sâkowêt; ""êkwa piyêtakocihk opipikwan kâ-nayahtahk!""","Wisahketchahk was all the while on the alert, and there suddenly he saw her coming, and whooped, “Hoyoyoyoyo! Here comes Flute-Bearer, tumbling!”",literal,literal,True,"The footnote describes the physical method of making the 'hywww!' call, which is literal vocalization detail, not figurative language.",[5] LB on hywww :  Call made with palm alternately pressed over mouth and removed.
3711,0,sacred-stories-20-flute-bearer-coming-day,kotaka mîna ôhi nîhciwêpinêw.,He threw down the other one as well.,literal,literal,False,"The footnote does not mention any figurative language, and the sentence is a straightforward action statement.",[6] CHECK piyâkisiniyici
3711,1,sacred-stories-20-flute-bearer-coming-day,"piyêtisâpamâci wîsahkêcâhk, âsay ê-sâkowêt, ""êkwa piyêtakocihk opipikwan kâ-nayahtahk!"" ê-itwêt, mâka piyâhkisiniyici, namôya kwayask isi-wâpamêw osîma.","When Wisahketchahk saw her coming, again he whooped and cried, “Here comes Flute-Bearer, tumbling!” but when she hit the ground, in no seemly way, he saw his sister.",literal,literal,True,The footnote 'CHECK piyâkisiniyici' refers to a word in this sentence but does not describe figurative language; the sentence is a literal narrative.,[6] CHECK piyâkisiniyici
3711,3,sacred-stories-20-flute-bearer-coming-day,êkwa awa opipikwan kâ-nayahtahk pôtâtam ôma mistanipîwayân.,Then Flute-Bearer breathed upon the hair of fur.,literal,literal,False,"The footnote does not apply to this sentence, and the sentence is a literal description of an action.",[6] CHECK piyâkisiniyici
3744,0,sacred-stories-20-flute-bearer-coming-day,"""nâ, mîna êcika ani êwako êkâ kê-tâpwêhtâkoyâhk!"" ""'awiyak otihtikoyahko, wîkimâhkêhk,' ê-kî-itikoyâhk nôhtâwînân, osâm ê-kisêyinîwit, êkâ ê-kî-pamihikoyâhk, ê-ati-ayâkoyâhk."" ""'osâm wîsahkêcâhk ninawaswâtik, ê-wî-nipahit,' kâ-itwêt awa ôta kâ-pimâmot, kiya kêkoc kitimâkihtawinân!"" ""ahpô ê-isi-nîsiyâhk ka-wîkimitinân!"" itik.","“Gracious, and so this one, too, will pay no heed to us! ‘If anyone comes to where we are, do you marry him,’ our father told us, for he is so very old, he cannot care for us, though he is with us. One man who ran by here said, ‘Wisahketchahk is too hot on my trail; he wants to kill me.’ So do you at least hear us with pity. If you like, the two of us will marry you!” they told him.",idiom,idiom,False,"The footnote only corrects ân to ani and does not address figurative language. The sentence contains the conventional phrase 'osâm wîsahkêcâhk ninawaswâtik' ('Wisahketchahk is too hot on my trail'), which is a fixed expression meaning close pursuit, making it an idiom.",[7] CHECK ân -> ani
3750,0,sacred-stories-20-flute-bearer-coming-day,"""ka-pamihitinâwâwan, kâ-isi-nitawêyihtahk kôhtâwiyiwâw,"" itêw.","“I shall take care of you both for him, in whatever way your father desires,” he told them. [no translation] [no translation] [Finally, when it was night, he said, “I am tired, wife. Let's sleep.”] [no translation] [no translation] [no translation] [no translation] [no translation]",literal,literal,False,"The footnote '[8] CHECK TA relational?' is a grammatical note and does not indicate figurative language. The sentence is a straightforward statement with no idiom, metaphor, or simile.",[8] CHECK TA relational?
3751,0,sacred-stories-20-flute-bearer-coming-day,"ômisi itêw kâhkâkiwa awa opipikwan kâ-nayahtahk: ""ôta mîtosihk akosî!"" ""'waniskâ, wîsahkêcâhk!' itâhkan;"" ""'kikî-nawaswâh!' itâhkan;"" ""''mâka ana êkwa nikisiwi-itisahok!' kititik,' itâhkan;"" ""'ita atimici, 'êkwa nika-nipahâw!' kititik,' itâhkan.""","Thus spoke Flute-Bearer to a raven: “Perch here on the poplar! ‘Get up, Wisahketchahk!’ do you say to him; ‘Don't forget you were giving chase!’ do you say to him; ‘“But now he has got me angry, chasing me!” he says to you,’ do you say to him: ‘“Wherever he overtakes me, there I shall kill him!” he says to you,’ do you say to him.”",literal,literal,True,The footnote only notes a punctuation error and does not indicate any figurative language; the text is a literal instruction to relay a message.,[9] [sic] punctuation
3754,0,sacred-stories-20-flute-bearer-coming-day,kîtahtawê kâ-kâh-kitot kâhkâkiw.,Presently there the raven gave its call.,literal,literal,False,"The sentence describes a raven calling in plain, non-figurative language.",[10] interesting gender mismatch
3754,1,sacred-stories-20-flute-bearer-coming-day,pêkomik wîsahkêcâhk.,It awakened Wisahketchahk.,literal,literal,False,"The sentence states that the sound awakened Wisahketchahk literally, without metaphor or idiom.",[10] interesting gender mismatch
3754,2,sacred-stories-20-flute-bearer-coming-day,"ê-tôhkâpit, awîna ôma, wayawîtimihk kî-nipâw!","When he opened his eyes, what was this? He had been sleeping out of doors!",literal,literal,False,The sentence contains a rhetorical question expressing surprise but describes the situation literally; no conventional figurative expression.,[10] interesting gender mismatch
3754,3,sacred-stories-20-flute-bearer-coming-day,"âyîtaw ôta mistikwa kî-pimisiniyiwa; êwakoni""iskwêw"" kâ-kî-itêyimât.",At either side of him lay a stick of wood; it was these he had taken for women.,literal,literal,True,"Footnote [10] notes a grammatical gender mismatch, not figurative language; the statement that he mistook sticks for women is literal narrative.",[10] interesting gender mismatch
3766,0,sacred-stories-21-sun-child-coming-day,"""êha."" ""namôya mâka kwayask nika-kî-itohtahison,"" itwêw awa iskwêw.","“Yes. But I shall not be able to find the way very well,” she said.",literal,literal,True,"Bloomfield's footnote discusses a grammatical awkwardness in incorporating 'kwayask', not any figurative language; the sentence is literal.","[1] LB on nikwayask :  The speaker starts to compound kwayask : “properly” with the following verb.  This is contrary to habit; he corrects himself by starting the verb all over again.  I have often observed the same thing in Menomini, where a similar “incorporation” is permitted but awkward."
3775,0,sacred-stories-21-sun-child-coming-day,"""hâ, nikosis, êwakoni ani nistim ta-kaskikwâtamâsôw,"" itêw.","“There, my son, even these let my daughter-in-law sew into garments for herself,” he told him.",literal,literal,False,"The footnote is a textual note on the word form, not describing any figurative language; the sentence is a literal command.",[3] LB ad ta-kaskwâtamâsôw : For kaskikwâtamâsôw .
3785,0,sacred-stories-21-sun-child-coming-day,"kîtahtawê têpiskâyiki, ""hâ, nikosis, miyâhkasikê!"" ê-itwêyit, kâ-pê-yôhtênamoht, mâna mihkwêkin, âskaw kaskitêwêkin, âskaw papakiwayân, kiki-mînisâpoya, ê-pîhtokêtisinamoht, êkosi ê-otinahk awa oskinîkiw.","Then at times, when night had come, the old man would say, “Now, my son, burn some incense!” and the door of the young man's lodge would be opened, and red flannel, and sometimes black cloth, sometimes muslin together with dishes of berry stew, would be projected into his lodge, and the young man would take them up.",literal,literal,False,"The footnote discusses merging sentences, not figurative language, and the sentence is a plain narrative description.",[4] merged two sentences
3798,0,sacred-stories-21-sun-child-coming-day,"""hêêy, nôhkô, ka-kî-ci-pihkohin?""","“Alas, grandmother mine, will you be able to bring me back?”",literal,literal,True,"The footnote questions the grammatical function of 'cî' as a preverb, not indicating any figurative language.",[5] Is this “cî” acting as a preverb?
3813,0,sacred-stories-21-sun-child-coming-day,"ê-kîkisêpâyâyik, mwêhci êkwa ê-wî-pônêsihk awa iskwêw, êkoyikohk kâ-atimikot ôhi asiniya.","When early morning had come, just as the woman was about to alight from her fall, even than [sic] that stone overtook her.",literal,literal,True,"The footnote discusses the word 'ê-wî-pônêsihk' but only as a possible morphological variant; it does not indicate figurative language. The sentence describes a literal sequence of events: morning, the woman about to stop falling, and the stone overtaking her.","[6] LB on ê-wîh-pônêsihk :  Plainly so heard; perhaps pônêsin is a different word from the transparent pônisin , formed with initial pôn- : “cease,” final -sin : “come down, fall,” and connective -i- ."
3813,1,sacred-stories-21-sun-child-coming-day,pahkisiniyiwa ostikwânihk.,It came down on her head.,literal,literal,False,The sentence literally states that the stone came down on her head; no figurative language is present.,"[6] LB on ê-wîh-pônêsihk :  Plainly so heard; perhaps pônêsin is a different word from the transparent pônisin , formed with initial pôn- : “cease,” final -sin : “come down, fall,” and connective -i- ."
3813,2,sacred-stories-21-sun-child-coming-day,paskipayiyiw pîsâkanâpiy; pahkisin mohcihk; nipahisin.,The rawhide thong broke; she fell upon the bare ground; she was killed by her fall.,literal,literal,False,"The sentence describes the thong breaking, her falling, and being killed—all in a straightforward, literal manner.","[6] LB on ê-wîh-pônêsihk :  Plainly so heard; perhaps pônêsin is a different word from the transparent pônisin , formed with initial pôn- : “cease,” final -sin : “come down, fall,” and connective -i- ."
3814,1,sacred-stories-21-sun-child-coming-day,"êkwa awa awâsis êkota ay-ayâw, ê-nâh-nônihtahisot, âta ê-nipiyit okâwiya.","The child stayed there, sucking from time to time at her breast, even though his mother had died.",literal,literal,True,"The sentence describes a literal action of the child breastfeeding, with no figurative language; the footnote only discusses a speech error, not non-literal meaning.","[7] LB ad êh-nâh-nônihtahisot :  Informant first said êh-na-nâh-nôhisot , where -na- is a slip of the tongue; in correcting this he substituted the longer derivative verb in the text."
3814,2,sacred-stories-21-sun-child-coming-day,"namôya kiskêyihtam ê-nipiyit okâwiya, pisisik ê-ma-mêtawêt êkota, ita okâwiya ê-pimisiniyit.","He did not know that his mother was dead, but kept playing about that place where his mother lay.",literal,literal,False,"Straightforward factual statement about the child's ignorance and play; no metaphor, simile, or idiom present.","[7] LB ad êh-nâh-nônihtahisot :  Informant first said êh-na-nâh-nôhisot , where -na- is a slip of the tongue; in correcting this he substituted the longer derivative verb in the text."
3814,3,sacred-stories-21-sun-child-coming-day,piyisk kinwêsk êkota ayâw.,"For a long time, in the end, he was there.",literal,literal,False,Simple temporal and locative statement about the child's presence; entirely literal.,"[7] LB ad êh-nâh-nônihtahisot :  Informant first said êh-na-nâh-nôhisot , where -na- is a slip of the tongue; in correcting this he substituted the longer derivative verb in the text."
3814,4,sacred-stories-21-sun-child-coming-day,piyisk ati-sîkônêsiniyiwa okâwiya.,In time his mother's body began to decay where it lay.,literal,literal,False,Plain description of the mother's body decaying; no figurative elements.,"[7] LB ad êh-nâh-nônihtahisot :  Informant first said êh-na-nâh-nôhisot , where -na- is a slip of the tongue; in correcting this he substituted the longer derivative verb in the text."
3834,0,sacred-stories-21-sun-child-coming-day,namôya wî-wîhtamawêw kêkwaya ôhi kâ-asiwatêyiki.,She would not tell him what things were in there.,literal,literal,False,Plain statement about not telling; no figurative sense.,"[8] CHECK tapakwanan
[9] LB ad êh-akwanahât :  If this is correctly recorded, informant was hesitating between two words akwanahêw (for older -ahyêw ): “he places him covering” and akwanahwêw : “he covers him with something, or by tool.”  The latter is attested by the occurrence of the corresponding form with inanimate object, akwanaham , and of other derivatives; not so the former, whose inanimate would end in -astêw ."
3834,1,sacred-stories-21-sun-child-coming-day,mâka kiskêyihtam awa pîsimôwâsis ê-waskawipayiyiki mâna ôhi wîhkwaya.,But Sun-Child knew that those bladders were always twitching and moving.,literal,literal,False,Literal description of bladders twitching.,"[8] CHECK tapakwanan
[9] LB ad êh-akwanahât :  If this is correctly recorded, informant was hesitating between two words akwanahêw (for older -ahyêw ): “he places him covering” and akwanahwêw : “he covers him with something, or by tool.”  The latter is attested by the occurrence of the corresponding form with inanimate object, akwanaham , and of other derivatives; not so the former, whose inanimate would end in -astêw ."
3834,2,sacred-stories-21-sun-child-coming-day,"êkosi êkota ê-ay-ayâcik, kîtahtawê êkwa mâka mîna ê-sipwêhtêyit ôhkoma, kâ-kimotamawât ocascisimisiyiw, ê-osihtât tâpakwâna.","And so, as they lived there, once when his grandmother had gone off in her usual way, he filched her little sinew strings and made some snares.",literal,literal,False,"Literal narrative of actions; footnote [8] only checks a word form, not figurative language.","[8] CHECK tapakwanan
[9] LB ad êh-akwanahât :  If this is correctly recorded, informant was hesitating between two words akwanahêw (for older -ahyêw ): “he places him covering” and akwanahwêw : “he covers him with something, or by tool.”  The latter is attested by the occurrence of the corresponding form with inanimate object, akwanaham , and of other derivatives; not so the former, whose inanimate would end in -astêw ."
3834,3,sacred-stories-21-sun-child-coming-day,"ê-kîsihtât, tahtwayak ê-pîkopayiyik owîkisiwâw, êkota ê-tâpakwêt, êkwa ispimihk ê-kipahahk wîkiwâw.","When he had made them, wherever their little dwelling was broken, he set a snare, and at the top he closed up the smoke-hole of their lodge.",literal,literal,False,Literal actions of setting snares and closing smoke-hole.,"[8] CHECK tapakwanan
[9] LB ad êh-akwanahât :  If this is correctly recorded, informant was hesitating between two words akwanahêw (for older -ahyêw ): “he places him covering” and akwanahwêw : “he covers him with something, or by tool.”  The latter is attested by the occurrence of the corresponding form with inanimate object, akwanaham , and of other derivatives; not so the former, whose inanimate would end in -astêw ."
3834,4,sacred-stories-21-sun-child-coming-day,"êkwa pêyak ôma wîhkway kâ-pôskosahk, konita kâ-sâkaskinêyit cahcahkayowa.","Then, when he had cut open one of those bladders, there, it was full of blackbirds.",literal,literal,False,Literal description of cutting open a bladder and finding birds.,"[8] CHECK tapakwanan
[9] LB ad êh-akwanahât :  If this is correctly recorded, informant was hesitating between two words akwanahêw (for older -ahyêw ): “he places him covering” and akwanahwêw : “he covers him with something, or by tool.”  The latter is attested by the occurrence of the corresponding form with inanimate object, akwanaham , and of other derivatives; not so the former, whose inanimate would end in -astêw ."
3834,5,sacred-stories-21-sun-child-coming-day,êkotôwahk êsa ôhi kâ-asiwasoyit.,So these it was were in there.,literal,literal,False,Literal identification of the contents.,"[8] CHECK tapakwanan
[9] LB ad êh-akwanahât :  If this is correctly recorded, informant was hesitating between two words akwanahêw (for older -ahyêw ): “he places him covering” and akwanahwêw : “he covers him with something, or by tool.”  The latter is attested by the occurrence of the corresponding form with inanimate object, akwanaham , and of other derivatives; not so the former, whose inanimate would end in -astêw ."
3834,6,sacred-stories-21-sun-child-coming-day,"konita ê-sâkôwêt, ê-nôcihât, âta kâ-wî-wayawîhâyit, kahkiyaw tâpakwâtêw.","He whooped and yelled, and chased them, and try as they might to fly out of the house, he snared them all.",literal,literal,False,"Literal actions of yelling, chasing, and snaring.","[8] CHECK tapakwanan
[9] LB ad êh-akwanahât :  If this is correctly recorded, informant was hesitating between two words akwanahêw (for older -ahyêw ): “he places him covering” and akwanahwêw : “he covers him with something, or by tool.”  The latter is attested by the occurrence of the corresponding form with inanimate object, akwanaham , and of other derivatives; not so the former, whose inanimate would end in -astêw ."
3834,7,sacred-stories-21-sun-child-coming-day,"mêscihêw, konita ê-tatâhpit, êkwa ê-mêtawâkêt êwakoni.","He killed them all, laughing loud and amusing himself with them.",literal,literal,False,Literal killing and amusement.,"[8] CHECK tapakwanan
[9] LB ad êh-akwanahât :  If this is correctly recorded, informant was hesitating between two words akwanahêw (for older -ahyêw ): “he places him covering” and akwanahwêw : “he covers him with something, or by tool.”  The latter is attested by the occurrence of the corresponding form with inanimate object, akwanaham , and of other derivatives; not so the former, whose inanimate would end in -astêw ."
3834,8,sacred-stories-21-sun-child-coming-day,"iyikohk, ""ta-takohtêw,"" ê-itêyimât ôhkoma, êkwa pêyakwayak asahêw, ê-akwanahwât, ""êkwa kê-môwâyâhkok,"" ê-akwanahât, ê-itwêt; ""êkwa kê-môwâyâhk nôhkom,"" itwêw.","When he thought his grandmother was about to arrive, he piled them up in one place and threw something over them, and as he put them under the covering, “Now we shall eat them,” he said; “Now we shall eat them, my grandmother and I,” he said.",literal,literal,False,"Literal piling, covering, and speech; footnote [9] discusses a verb form, not figurative language.","[8] CHECK tapakwanan
[9] LB ad êh-akwanahât :  If this is correctly recorded, informant was hesitating between two words akwanahêw (for older -ahyêw ): “he places him covering” and akwanahwêw : “he covers him with something, or by tool.”  The latter is attested by the occurrence of the corresponding form with inanimate object, akwanaham , and of other derivatives; not so the former, whose inanimate would end in -astêw ."
3868,0,sacred-stories-21-sun-child-coming-day,"otinam môhkomân, wâsakâm ê-wâskâsahk ôma wînâstakay.",He took his knife and cut all around the edge of the stomach.,literal,literal,True,Describes the literal act of cutting the stomach as part of the narrative; the footnote clarifies the literal plot without indicating figurative language.,"[10] CHECK sisikweyiwa
[11] Characteristic obscure passage of the type not due to extraneous difficulties of dictation or recording.  One or more causes may be at work, such as laziness, fatigue, impatience at the slow pace of dictation, obstructive attitude toward the recorder, desire to withhold information from the foreigner, actual tabu, or traditional omission.  Probably the last-named was here operative; informant had heard the story told in this way and would not add to it.  For he could not be induced to dictate the explanation which he voluntarily gave:  The rattlesnake-youths have left each a poison-fang in the edge of the maw, to kill Sun-Child when he eats.  By throwing their fangs into the fire he kills the rattlesnakes."
3868,1,sacred-stories-21-sun-child-coming-day,"ê-kîsi-manisahk, sisikoc macostêwêpinam.","When he had pared off the edge, suddenly he threw the trimming into the fire.",literal,literal,True,"Throwing the trimming is a literal action; the footnote explains it as throwing poison-fangs, but this is still a literal event in the story world.","[10] CHECK sisikweyiwa
[11] Characteristic obscure passage of the type not due to extraneous difficulties of dictation or recording.  One or more causes may be at work, such as laziness, fatigue, impatience at the slow pace of dictation, obstructive attitude toward the recorder, desire to withhold information from the foreigner, actual tabu, or traditional omission.  Probably the last-named was here operative; informant had heard the story told in this way and would not add to it.  For he could not be induced to dictate the explanation which he voluntarily gave:  The rattlesnake-youths have left each a poison-fang in the edge of the maw, to kill Sun-Child when he eats.  By throwing their fangs into the fire he kills the rattlesnakes."
3868,2,sacred-stories-21-sun-child-coming-day,"êkosi isi wayawiyâmot, ""kimêscihikonawak pîsimôwâsis"" kâ-itwêyit.","At once he fled out of the lodge, as they cried, “Sun-Child is killing us all!” Indeed, he had killed thm all.",literal,literal,True,"The flight and reported speech are literal; 'Sun-Child is killing us all!' is a direct statement of what is happening, not a metaphor or idiom.","[10] CHECK sisikweyiwa
[11] Characteristic obscure passage of the type not due to extraneous difficulties of dictation or recording.  One or more causes may be at work, such as laziness, fatigue, impatience at the slow pace of dictation, obstructive attitude toward the recorder, desire to withhold information from the foreigner, actual tabu, or traditional omission.  Probably the last-named was here operative; informant had heard the story told in this way and would not add to it.  For he could not be induced to dictate the explanation which he voluntarily gave:  The rattlesnake-youths have left each a poison-fang in the edge of the maw, to kill Sun-Child when he eats.  By throwing their fangs into the fire he kills the rattlesnakes."
3868,3,sacred-stories-21-sun-child-coming-day,tâpwê kahkiyaw nipahêw.,For they were rattlesnakes.,literal,literal,True,States the literal outcome of the action; the footnote confirms the literal killing of the rattlesnakes.,"[10] CHECK sisikweyiwa
[11] Characteristic obscure passage of the type not due to extraneous difficulties of dictation or recording.  One or more causes may be at work, such as laziness, fatigue, impatience at the slow pace of dictation, obstructive attitude toward the recorder, desire to withhold information from the foreigner, actual tabu, or traditional omission.  Probably the last-named was here operative; informant had heard the story told in this way and would not add to it.  For he could not be induced to dictate the explanation which he voluntarily gave:  The rattlesnake-youths have left each a poison-fang in the edge of the maw, to kill Sun-Child when he eats.  By throwing their fangs into the fire he kills the rattlesnakes."
3868,4,sacred-stories-21-sun-child-coming-day,sîsîkwêwa êsa ôhi. mêscihêw.,He had done away with them all.,literal,literal,True,Explains literally that they were rattlesnakes and he destroyed them; the footnote’s explanation aligns with this literal interpretation.,"[10] CHECK sisikweyiwa
[11] Characteristic obscure passage of the type not due to extraneous difficulties of dictation or recording.  One or more causes may be at work, such as laziness, fatigue, impatience at the slow pace of dictation, obstructive attitude toward the recorder, desire to withhold information from the foreigner, actual tabu, or traditional omission.  Probably the last-named was here operative; informant had heard the story told in this way and would not add to it.  For he could not be induced to dictate the explanation which he voluntarily gave:  The rattlesnake-youths have left each a poison-fang in the edge of the maw, to kill Sun-Child when he eats.  By throwing their fangs into the fire he kills the rattlesnakes."
3884,0,sacred-stories-21-sun-child-coming-day,"""êhêhêhêy, haha, pîsimôwâsis!"" ""âyiman ani ita kâ-takohtêyan pisisik ê-mêtawêhk, ê-manitowi-mêtawêhk."" ""êkosi niyanân tahki ê-sâkôcihikawiyâhk."" ""âsay ôma kîsêyihtamôtokê, ê-wî-mawinêhosk pîwâpisko-mostos."" ""âyimisiw ani; nama wîhkâc nisâkôcihânân."" ""êkosi âta sâkwêyimoyâhko, ôhcitaw nika-misi-wanâcihikonân,"" itwêyiwa.","“Why, gracious heavens, it is Sun-Child! Truly it is no light thing that you have come here, where unceasing are the contests, the contests of spirit-animals. And indeed, it is we who are always defeated. By this time doubtless he has already decided to challenge you, the Iron Bull. Most dangerous is he; never have we defeated him. And so, no matter how unwilling we are to contend, he is determined to destroy us completely,” the other explained.",literal,literal,False,"The footnote only corrects a naming error, not figurative language. The Cree text describes the situation literally, with no metaphors, similes, or idioms.","[12] LB ad pîwâpisko-mostos :  Error; the beast is a bear, below."
3902,0,sacred-stories-21-sun-child-coming-day,"konita ê-sâkôwêwiht, ""êkwa miyâmay wî-pê-kwâskwêpayihôw!"" ê-itêyihtahk, ôhi owîcêwâkana ita kâ-kî-pîhtokêt êwakoni, ""âhkamêyimo!"" tahki ê-itikot, êkwa ê-pê-kwâskwêpayihoyit, kawipayihôw.",Those on his side were yelling wildly. “Now surely he will come leaping!” he thought. His comrade at whose house he was staying kept telling him to take heart.,literal,literal,False,"The sentence describes yelling, thinking, and physical actions literally; no figurative language.","[13] LB ad wâkayôs :  Slip of tongue; it is Sun-Child who stands there; so translated.
[14] CHECK osihtwakot"
3902,2,sacred-stories-21-sun-child-coming-day,"iyâta-isi-kwâskwêpayihoyit, ita kâ-kî-nîpawit, âsay itê kâ-ohtohtêyit, êkotê âsay nîpawiw awa wâkayôs, ê-kwêskipayihot.","The other did not see him. In vain the other tried to hurl himself to the spot whence he had stood; already he stood there when the other had come, throwing himself from place to place.",literal,literal,True,The sentence recounts movements literally; footnote [13] notes a slip of the tongue (wâkayôs for Sun-Child) but does not indicate figurative language.,"[13] LB ad wâkayôs :  Slip of tongue; it is Sun-Child who stands there; so translated.
[14] CHECK osihtwakot"
3902,4,sacred-stories-21-sun-child-coming-day,êkosi ê-môskîstawât.,At once he attacked him.,literal,literal,False,The attack is described directly; no figurative expressions.,"[13] LB ad wâkayôs :  Slip of tongue; it is Sun-Child who stands there; so translated.
[14] CHECK osihtwakot"
3902,5,sacred-stories-21-sun-child-coming-day,"wâh-otihtâci, ê-kawipayihoyit, namôya wâpamêw, konita mâna kâ-sâkôwêwiht owîcêwâkana pîsimôwâsis, ê-miywêyihtamiyit ôhi ê-mêtawâkâtât.","When the other, as soon as he was upon him, flung himself down, he could not see him; wildly all this time his companions were whooping for Sun-Child, happy that he was giving that other a fight.",literal,literal,False,"The actions and reactions are literal; no similes, metaphors, or idioms.","[13] LB ad wâkayôs :  Slip of tongue; it is Sun-Child who stands there; so translated.
[14] CHECK osihtwakot"
3902,6,sacred-stories-21-sun-child-coming-day,piyisk wî-nipahatâhtamiyiwa.,At last the other was helpless from want of breath.,literal,literal,False,The statement about being helpless from breathlessness is literal.,"[13] LB ad wâkayôs :  Slip of tongue; it is Sun-Child who stands there; so translated.
[14] CHECK osihtwakot"
3902,7,sacred-stories-21-sun-child-coming-day,"ôki mîna ayisiyiniwak mâkôhkasôwak, osâm kisiwâk ê-ayâyit pîsimwa.","Those men, too, were oppressed by the heat, for the Sun was too near.",literal,literal,False,Being oppressed by heat and the sun's nearness are stated in literal terms within the mythological context.,"[13] LB ad wâkayôs :  Slip of tongue; it is Sun-Child who stands there; so translated.
[14] CHECK osihtwakot"
3902,8,sacred-stories-21-sun-child-coming-day,"piyisk pêyakwanohk nîpawiw awa wâkayôs, ê-wî-nipahatâhtahk.","At last he stood still in one place, that bear, almost dead from want of breath.",literal,literal,False,The bear's standing and panting are described literally; footnote [13] refers to a different sentence's slip.,"[13] LB ad wâkayôs :  Slip of tongue; it is Sun-Child who stands there; so translated.
[14] CHECK osihtwakot"
3902,9,sacred-stories-21-sun-child-coming-day,"piyisk êkwa otinam wîpisisa, nêhi nôtokêsiwa kâ-kî-ohpikihikot êwakoni ê-kî-osîhtâkot.","So then he took his arrows, which that little old woman who had raised him had made for him.",literal,literal,True,Taking arrows made by the old woman is literal; footnote [14] checks the word form 'osihtwakot' but notes no figure of speech.,"[13] LB ad wâkayôs :  Slip of tongue; it is Sun-Child who stands there; so translated.
[14] CHECK osihtwakot"
3902,10,sacred-stories-21-sun-child-coming-day,"ê-tâwatiyit awa wâkayôs, ê-wî-nipahatâhtahk, êwakoni kâ-pimwât otôniyihk; ayisk êkota piko namôya pîwâpiskôwiyiwa.","Where that bear stood with open mouth, helplessly panting, he shot him in the mouth; for only there was the other not of iron.",literal,literal,False,,"[13] LB ad wâkayôs :  Slip of tongue; it is Sun-Child who stands there; so translated.
[14] CHECK osihtwakot"
3902,11,sacred-stories-21-sun-child-coming-day,"aspin ê-pîhtokêhâyit kêhkêhkwa, ê-sâpowêyawihâyit, otêhiyiw ê-ati-tahkonamiyit, ka-sâkôwêwiht owîcêwâkana pîsimôwâsis.","In flew a hawk, flying clear through the creature's body, seizing his heart, while Sun-Child's companions cheered him.",literal,literal,False,,"[13] LB ad wâkayôs :  Slip of tongue; it is Sun-Child who stands there; so translated.
[14] CHECK osihtwakot"
3906,0,sacred-stories-21-sun-child-coming-day,"ômisi itwêw: ""niwîcêwâkanitik, êkâ wiya nipahihkok kâ-astwâkawiyêk,"" itêw; ""tahki êkosi tôtamêko, namôya ta-kî-ohpikiw ayisiyiniw,"" itêw; ""êkosi ka-pônihtânâwâw kâ-mêtawêyêk,"" itêw.","Thus he spoke: “My comrades, do not kill those who have been given as stakes by your opponents,” he told them; “If you always do thus, mortal man will not be able to grow forth,” he told them; “In this wise you are to cease from your contests,”",literal,literal,False,"The footnote only provides a linguistic analysis of the verb form 'kâ-astwâkawiyêk' and does not describe any figurative language; the sentence itself contains no metaphors, similes, or idioms when read directly.","[15] CHECK ?? kâ-astâkêwiyêk, a 2p relational on VAI astâkê ‘use as stakes’? Or, as above, an impersonal of an unlisted VTA"
3914,0,sacred-stories-21-sun-child-coming-day,êkoyikohk êskwâk âtayôhkêwin.,That is the end of the sacred story.,literal,literal,False,"The sentence is a standard closing formula, and the footnote does not comment on any figurative language within it.",[16] LB: Informant adds that Sun-Child was turned into the Morning Star.
3916,0,sacred-stories-22-he-who-carried-the-old-woman-sakewew,"kîtahtawê awa nâpêw ostêsimâw, mistahi ê-ayâcik mîciwin, ""hâ, nisîm, mahti nika-nitonawâw awiyak kita-owîstâwiyahk, kimisinaw kita-onâpêmit."" ""êwako owîstâwiyahko, namôya kika-nêpêwisinânaw, nâpêw ôta ayâci.""","Then at one time, when they had a big supply of food, the elder man said, “Well now, brother, suppose I look for someone to be our brother-in-law, so that our sister may have a husband. If we have him for brother-in-law, we shall not be embarrassed, when a man is here.”",literal,literal,True,"The footnote explains the cultural context of the brother-and-sister taboo, not any figurative language; the sentence is a straightforward statement about finding a brother-in-law to avoid embarrassment.",[1] LB:  On account of the brother-and-sister tabu;  the sister's husband would make communication possible.
3918,0,sacred-stories-22-he-who-carried-the-old-woman-sakewew,"kîtahtawê sipwêhtêw, ê-pa-pmohtêt.",Presently he set out and tramped along.,literal,literal,False,No footnote refers to this sentence; the plain meaning is literal.,"[2] LB on êh-okâhkwâskwahikaniyit :  English-speaking informants could not tell what kâhkwâskwahikan was.  Literally, it is “thing for tightening (?) sticks.”
[3] Is kitowiyit relational, or just 'kitoyit'?"
3918,1,sacred-stories-22-he-who-carried-the-old-woman-sakewew,"pêyakwâw ê-kî-nipât, wâpahtam mîkiwâhp.","After one night on the way, he saw a tipi.",literal,literal,False,No footnote refers to this sentence; the plain meaning is literal.,"[2] LB on êh-okâhkwâskwahikaniyit :  English-speaking informants could not tell what kâhkwâskwahikan was.  Literally, it is “thing for tightening (?) sticks.”
[3] Is kitowiyit relational, or just 'kitoyit'?"
3918,2,sacred-stories-22-he-who-carried-the-old-woman-sakewew,âpihtâ-kîsikâhk itiskwâstawêstêyiw.,It stood with the door facing the direction of noon.,literal,literal,False,No footnote refers to this sentence; the plain meaning is literal.,"[2] LB on êh-okâhkwâskwahikaniyit :  English-speaking informants could not tell what kâhkwâskwahikan was.  Literally, it is “thing for tightening (?) sticks.”
[3] Is kitowiyit relational, or just 'kitoyit'?"
3918,3,sacred-stories-22-he-who-carried-the-old-woman-sakewew,êkosi pôti kâ-wâpamât kâhkâkiwa ê-okâhkwâskwahikaniyit.,"Then as he looked, he beheld a crow holding together the tips of the tent-poles.",literal,literal,True,"Footnote [2] explains the literal meaning of 'ê-okâhkwâskwahikaniyit', not a figurative use.","[2] LB on êh-okâhkwâskwahikaniyit :  English-speaking informants could not tell what kâhkwâskwahikan was.  Literally, it is “thing for tightening (?) sticks.”
[3] Is kitowiyit relational, or just 'kitoyit'?"
3918,4,sacred-stories-22-he-who-carried-the-old-woman-sakewew,"pôti ê-otihtahk, kâ-kitoyit ôhi kâ-akociniyit mîkiwâhpihk.","When he came there, that creature at the top of the tent gave a call.",literal,literal,True,"Footnote [3] queries the grammatical form of 'kitoyit', not figurative language.","[2] LB on êh-okâhkwâskwahikaniyit :  English-speaking informants could not tell what kâhkwâskwahikan was.  Literally, it is “thing for tightening (?) sticks.”
[3] Is kitowiyit relational, or just 'kitoyit'?"
3922,0,sacred-stories-22-he-who-carried-the-old-woman-sakewew,"""â,"" itwêw, ""ômisi ê-itêyihtamân kâ-ôh-papâmohtêyân: 'mahti nika-owîstâwih,' ê-itêyihtamân;"" ""'nika-miyâw nimisa,' ê-itêyimitân, ê-nayêhtâwîyân, êkâ wîhkâc ê-pîkiskwêt nimis, kâ-ôh-pê-miyitân.""","“Why,” he said, “my idea in wandering about is this: ‘Suppose I get a brother-in-law’ is my thought; ‘I shall give him my elder sister,’ is my thought, concerning you, for I am inconvenienced by my sister's never speaking; that is why I have come to give her to you.” “Yes,” the other answered him; “as for me, I do not care about it; but perhaps my younger brother right here will like the idea,” he told him.",literal,literal,True,"The footnote explains the cultural taboo for the sister's silence, but the language itself is literal with no figurative expression.",[4] LB:  On account of the brother-and-sister tabu.
3924,0,sacred-stories-22-he-who-carried-the-old-woman-sakewew,"""ahahêy!"" itwêw awa ostêsimâw; ""ôta kisiwâk wîkiwak nisîmak ê-nisticik, pêyak nistês, ê-nêwicik êwakonik, nisto osîma ê-pamihikot."" ""osâm nihtâ-nipahtâwak kêkway êyakonik,"" itik; ""êkosi êkotê ki-ka-itohtân,"" itik; ""êyakonik ka-nitawâpamâwak."" ""mâskôc pêyak kitatêpêyimôw,"" itik.","“Dear me!” said the elder; “Near by here live three of my younger brothers and one elder brother, four of them; his three younger brothers take care of him. They are very good at killing game,” he told him; “So you had better go there,” he told him; “You had better go see them. Perhaps one of them will take to the idea,” he told him.",literal,literal,True,"The footnote corrects a slip of the tongue in this sentence, but no figurative language is mentioned; the sentence appears literal overall.","[5] LB on ê-nîsicik :  He means ê-nisticik , and I have so translated.  Informant is given to slips of the tongue as regards numbers and opposites."
3926,0,sacred-stories-22-he-who-carried-the-old-woman-sakewew,"mayaw ê-otihtahk, ""tawâw, wêskinîkiyan!"" itâw.","Just as he reached the place, “Come in, young man!” he was told.",literal,literal,True,The footnote is a textual note about the word 'weskinikiyan' and does not indicate any figurative language; the sentence is a straightforward narration.,[6] CHECK weskinikiyan
3928,0,sacred-stories-22-he-who-carried-the-old-woman-sakewew,"""hâw, tânisi êtiskâyan, ôma kâ-pê-itohtêyan ôta?"" itwêw awa ostêsimâw.","“Hello, what is your errand, that you come here like this?” asked the eldest of his brothers.",literal,literal,False,The footnote is a grammatical note about 'atoskê' and does not describe figurative language; the sentence is a literal question.,[7] IC of atoskê ?
3935,1,sacred-stories-22-he-who-carried-the-old-woman-sakewew,"awîna ôhi, kisêyiniwa, nôtokêsiwa, namwâc awiya wâpamêw, nayêstaw ita ê-ohtapiyit ômatôwahk, ôma nôhtapiwin êkotôwahk ayihtahk, ""hâw, tawâw!"" kâ-itiht.","Whom did he see but an old man and an old woman, and no one else he saw but them, sitting alone on a thing like this blanket, like this on which I am sitting now; and, “Come in!” he was told.",simile,simile,False,"The English translation uses 'like' to explicitly compare the sitting place to a blanket and to the narrator's current sitting place, marking a simile.",[8] CHECK ?? ay-ihtâ -hk (vai ‘exist’)?
3971,0,sacred-stories-22-he-who-carried-the-old-woman-sakewew,kêtahtawê ay-êtataw takosin ita êtohtêci.,Then in time he would scarcely reach any place for which he was bound.,literal,literal,False,The sentence describes the character's difficulty reaching destinations in plain terms; no figurative language is present.,"[9] LB on ahkâpaskwah :  A water-weed, not identified.  I do not understand this passage."
3971,1,sacred-stories-22-he-who-carried-the-old-woman-sakewew,"piyisk otisinâkwaniyiw ita kâ-nipâci, ê-na-nayômât nôtokêwa.","At last, what a sight it was, when he slept anywhere, as he kept carrying the old woman on his back!",literal,literal,False,The exclamation 'what a sight it was' may be emphatic but is not a fixed idiom or metaphor; the description remains literal.,"[9] LB on ahkâpaskwah :  A water-weed, not identified.  I do not understand this passage."
3971,2,sacred-stories-22-he-who-carried-the-old-woman-sakewew,"kîtahtawê wâpahtam sîpîsis, ê-otâkosiniyik, amiskwa ê-kî-kipahamiyit.","Then at one time he saw a brook, towards evening, a brook which beavers had dammed.",literal,literal,False,The sentence gives a factual description of seeing a beaver-dammed brook at dusk; no figurative language is used.,"[9] LB on ahkâpaskwah :  A water-weed, not identified.  I do not understand this passage."
3971,4,sacred-stories-22-he-who-carried-the-old-woman-sakewew,nêtê akâmihk wâpahtam ahkâpaskwa ê-ayâyiki; âspîs mistikwa ê-oyâskwaniyiki ayâyiwa.,Over on yonder bank he saw some water-weeds; here and there were sticks of wood that had been shaped.,literal,literal,True,"Bloomfield's footnote states he does not understand the passage, but this does not indicate figurative language; the description of water-weeds and shaped sticks is literal.","[9] LB on ahkâpaskwah :  A water-weed, not identified.  I do not understand this passage."
3973,0,sacred-stories-22-he-who-carried-the-old-woman-sakewew,pôti êtataw pîcitisin.,He found that he could barely move as he lay.,literal,literal,False,The footnote analyzes the morphology of 'pîcitisin' but does not describe figurative language; the sentence's meaning is literal.,"[10] LB:  If the record is right, the word is analysable as initial stem pîcit- : “draw toward one”; connective -i- ; animate finale -sin : “come down, lie”;  one would expect ts for the t .  Meaning?"
3977,0,sacred-stories-22-he-who-carried-the-old-woman-sakewew,"kîtahtawê kâ-wâpamât ayîsiyiniwa; mohyâpitasêkoyiwa; namahcîyiwa; pakamâkan ê-pê-tahkonamiyit, konita kâ-câ-cîpipayit ôhi kâ-nayômât.","Then he saw a man; he wore his clothes with the fur on the outside; he was clumsy in his movements; as he came, carrying a club in his hand, she whom he was carrying on his back, suddenly began to wriggle and squirm.",idiom,idiom,True,"Bloomfield's footnote indicates 'namahcîyiwa' (translated as 'clumsy') perhaps literally means 'left-handed', and this non-literal meaning is common, making it an idiom.","[11] LB:  Perhaps, “he was left-handed”; the meaning in the text is common."
3982,1,sacred-stories-22-he-who-carried-the-old-woman-sakewew,"piko mâka kita-pakamahwak, êkâ wî-pakitiniski!""","But all you have to do is club her, if she will not let go of you!”",literal,literal,False,"The footnote is a textual note about the form 'pakamahwak', not about figurative language; the sentence directly describes clubbing as a physical action.",[12] CHECK pakamahwak
3993,1,sacred-stories-22-he-who-carried-the-old-woman-sakewew,êkwa nêki oskinîkiskwêwak pê-wayacîwîwak.,Those young women over there broke into a run.,literal,literal,False,The footnote '[13] CHECK weyacawiwak' does not describe figurative language; the Cree 'pê-wayacîwîwak' (they run hither) is a literal description of physical action.,[13] CHECK weyacawiwak
3993,2,sacred-stories-22-he-who-carried-the-old-woman-sakewew,êkosi nama awiyak nakatâw.,Neither one was beaten.,literal,literal,False,"The footnote only notes a word to check, not figurative language; 'êkosi nama awiyak nakatâw' (neither one was beaten/left behind) is a literal statement about the race outcome.",[13] CHECK weyacawiwak
3998,1,sacred-stories-22-he-who-carried-the-old-woman-sakewew,"kiya êcika awa kâ-âcimikawiyan, 'papâ-nitonawêw kita-wîwit,' kâ-itikawiyan!"" itik ôhi oskinîkiskwêwa, tahki ê-pâhpiyit.","So you are the one of whom they say, ‘He is seeking about for a wife,’ you are the one of whom this is said!” the young women told him, and laughed without cease.",literal,literal,False,"The footnote only notes a textual variant (âhi vs. ôhi) and does not describe any figurative language; the sentence is a plain, non-figurative statement.",[14] CHECK âhi - does ôhi fit in any better?
4007,0,sacred-stories-22-he-who-carried-the-old-woman-sakewew,"""tânisi mâka mîna êsi-iyinîhkahit?"" itwêw awa kâ-otihkomit; ""hêy, nitawâsimisitik, iska ê-atoskêyân, êkoyikohk iska kâ-pôni-kîskwêhkwasiyân, ê-osîhimak ninahâhkim kita-otakohpit."" ""mistahi ninôhtê-atoskân,"" itwêw awa iskwêsis kâ-otihkomit.","“How is it he always cures me?” said the Lousy One; “Why, children, I dreamt that I was working; I dreamt that I should stop walking in my sleep as soon as I made something for my son-in-law to use as a blanket-robe. I long greatly to work,” said the little girl, Lousy One.",literal,literal,True,"Bloomfield's footnote discusses the possible meaning 'the way he cures me' but finds it nonsensical, with no mention of figurative language; the question is literal.","[16] LB: I take this to be ês-iyinihkahit: “the way he cures me,” but it does not make sense."
4028,0,sacred-stories-22-he-who-carried-the-old-woman-sakewew,"""hêy, êkwa kê-pahpakwacîwâyân!"" itwêw awa kâ-otihkomit.","“Oho, now I shall have a jolly time!” cried the Lousy One.",literal,literal,True,"Bloomfield's footnote comments on the form 'kê-pahpakwacîwayân' as possibly an error or nonsense, with no mention of figurative language, so the sentence is treated as literal.","[17] LB on kê-pahpakwacîwayân :  If an intransitive verb can be formed with -îwâ- (from pahpakwat- : “amuse”), this form is intelligible.  More likely it is either an error of record or a nonsense form, starting as a verb, but ending with the nominal final -wayân : “hide of fur.”"
4041,0,sacred-stories-22-he-who-carried-the-old-woman-sakewew,"""nimosô, nipê-nâtên kiyaw, ê-mawinêhokawiyân!"" itêw.","“Grandfather, I have come to take your body, for I am being challenged!” he said to it.",literal,literal,False,"The footnote is an editorial note about a vowel change, not about figurative language; the sentence itself is a literal statement of intent.",[18] CHECK â -> ê-
4042,0,sacred-stories-22-he-who-carried-the-old-woman-sakewew,"""cêskwa, nôsisê! ôma nipahiyani, nîso otinamôhkan nimîhistôwâna."" ""ispisi takohtêyini kîkiwâhk, pêyak macostêhamôhkan."" ""'pê-kakwê-miska ôma!' itâhkan."" ""êkwa ani kê-mawinêhwisk manitôwiw."" ""wâpahki nîkân otihkoma ka-kakwê-miskamwâh."" ""pêyak miskâmaci, êkosi ani kika-paskiyawâw otawâsimisa ta-kîwêhtahimât,"" itik ôhi wâkayôsa.","“A moment, my grandchild! When you now slay me, then take two bristles from round my mouth. When you reach your dwelling, then throw one into the fire. ‘Come try to find this!’ say then to her. Indeed, she who will challenge you has spirit power. Tomorrow, taking the first turn, you will try to find her lice. If you find one, then you will have won from her the right to take her daughters home with you,” the bear told him.",literal,literal,False,"The footnote only checks the grammatical form '-imât' and does not describe any figurative language; the sentence is literal, conveying instructions without non-literal expressions.",[19] CHECK -imât
4051,0,sacred-stories-22-he-who-carried-the-old-woman-sakewew,"tâpwê ê-âta-pêtawiht, ohcitaw nama kê-kîsihêw.","Truly, though the things were brought for her, yet she could not finish the hide.",literal,literal,False,The footnote only says 'CHECK pêtwâwiht' and does not indicate figurative language; the sentence is a plain description of an event.,[20] CHECK pêtwâwiht
4051,1,sacred-stories-22-he-who-carried-the-old-woman-sakewew,"âpihkopitêw, konita itê ê-isi-wêpinât.","She undid the tying, and flung it away, she cared not where.",literal,literal,False,The footnote is an editorial check and does not comment on figurative meaning; the sentence describes literal actions.,[20] CHECK pêtwâwiht
4051,2,sacred-stories-22-he-who-carried-the-old-woman-sakewew,itâmihk ohci astâw opîsâkanâpîm.,She placed her thong down below.,literal,literal,False,The footnote does not apply to this sentence; the statement about placing a thong is literal.,[20] CHECK pêtwâwiht
4065,0,sacred-stories-22-he-who-carried-the-old-woman-sakewew,"""haw, ninahâhkim, ayis nama kikî-miskawâw; êkwa mâka kê-pakamahotân!"" itêw.","“Now then, my son-in-law, since you have not been able to find one, now I shall club you!” she said to him.",literal,literal,True,"The footnote clarifies that addressing the son-in-law directly is a taboo violation implying he is as good as dead, but the sentence's wording is literal, not figurative.",[21] LB on nnahâhkim :  Her sudden violation of tabu in addressing him directly implies that he no longer counts as a person; it is all up with him.
4069,0,sacred-stories-22-he-who-carried-the-old-woman-sakewew,"ê-âta-cîkahahki, piyisk mêscihtitâw ocîkahikan.",Vainly she chopped at them; at last she had worn out her ax.,literal,literal,False,The footnote concerns a spelling variant and makes no mention of figurative language. The sentence describes literally wearing out an ax through chopping.,[22] Would êyâta be better as iyâta ?
4069,1,sacred-stories-22-he-who-carried-the-old-woman-sakewew,êkwa otahkâmasiniy mêscihtitâw mîna êwako.,Then she wore out also her pounding-stone.,literal,literal,False,The footnote does not address this sentence. The statement about wearing out a pounding-stone is a literal description of tool wear.,[22] Would êyâta be better as iyâta ?
4112,0,sacred-stories-22-he-who-carried-the-old-woman-sakewew,"êkwa ê-pahkwêkisomiht, ""nitawâsimisitik, nâtamok nicîkahikan, nimihkihkwan, nimânihtoyâsk, nitahkâmasiniy, nisêkipitâkanêyâpiya, êhtahtiki nitâpacihcikana."" ""êkwa kiya, nitânis, papâ-nitonaw nikosis kistês,"" itêw; piyisk, ""hâw, nitawi-nitom kiya nitêm,"" itêw otânisa pêyak; ""êkwa, 'osâm otihkomiw,' okî-itwâh!""","Then, when the game had been skinned for her, “My children, go get my ax, my hide-scraper, my stick for treating hides, my pounding-stone, my thongs for stretching hides, as many as are my tools. And you, my daughter, go round and look for my son, your elder brother,” she told them; and then, finally, “Now, do you call my dog,” she told one of her daughters; “For I do not forget that he said, ‘She is too lousy!’”",literal,literal,True,"Bloomfield's footnote on 'nimânihtwiyâsk' merely explains the word as a tool and its morphological component meaning 'wood, stick', with no mention of figurative language.","[23] LB on nimânihtwiyâsk :  Some tool;  the final is -âskw- : “wood, stick”."
4119,0,sacred-stories-22-he-who-carried-the-old-woman-sakewew,"ê-kitâpamikot, misiwê ohkwâkanihk ihkwa; êkwa pisinê ê-pê-otihtapiskwêyit, âsay sâmahamwân ostikwân; nama kî-kotâwîyiwa otihkoma.","When he looked at her, all over her face were lice; then, at the very moment when she sought to lower her head, already her head had been touched with the stick; her lice had no time to disappear.",literal,literal,False,The footnote only says 'CHECK kêh-' and provides no description of figurative language; the sentence is a straightforward narrative without non-literal expressions.,[24] CHECK kêh-
4119,1,sacred-stories-22-he-who-carried-the-old-woman-sakewew,mâninâkisk takwâpiskatahwêw ihkwa.,Without mercy he smashed the lice against the stony ground with his long stick.,literal,literal,False,"The footnote says nothing about figurative language; 'without mercy' is a conventional adverbial phrase, but the overall description is literal.",[24] CHECK kêh-
4119,2,sacred-stories-22-he-who-carried-the-old-woman-sakewew,kîtahtawê kê-kwêtipiskwênêw; piko itê êtâpici ihkwa pisisik.,"After a while he turned her head to the other side; wherever he looked, it was full of lice.",literal,literal,False,The footnote does not describe figurative language; the sentence reports actions literally.,[24] CHECK kêh-
4119,3,sacred-stories-22-he-who-carried-the-old-woman-sakewew,kîtahtawê kâ-pakicîtotâkot ihkwa awa miscikos kâ-ayâ-t.,Then suddenly some lice came and settled on Him Who Had the Saskatoon Stick.,literal,literal,False,"The footnote mentions nothing figurative; 'Him Who Had the Saskatoon Stick' is a referential epithet, not a metaphor.",[24] CHECK kêh-
4119,4,sacred-stories-22-he-who-carried-the-old-woman-sakewew,êkwa ê-kwâhkotêyik êkota itisinam ôma miscikos.,At that he pointed his stick toward the blazing fire.,literal,literal,False,No figurative language is indicated by the footnote; the sentence is a plain description.,[24] CHECK kêh-
4119,5,sacred-stories-22-he-who-carried-the-old-woman-sakewew,"kwâhkotêyiw, êkwa ôhi kâ-pakiciyit ihkwa êkota omistikomihk kâ-matwêtayêhkasoyit.","A flame leaped up on the stick, and the lice that had settled on him were there on the stick, roasting until their bellies burst with a pop.",literal,literal,False,The footnote does not discuss figurative language; 'flame leaped' is conventional personification but not a clear non-literal idiom or metaphor.,[24] CHECK kêh-
4119,6,sacred-stories-22-he-who-carried-the-old-woman-sakewew,"mêkwâc êkosi ê-tôtahk, kîtahtawê kâ-takosihk awa oskinîkiw, wîpac kayâhtê kâ-wâpamât okâwiya ê-nôcihimiht otihkomiyiwa.","While he was doing all this, in time that young man arrived, and at once saw to his surprise how his mother's lice were being hunted down.",literal,literal,False,"The footnote is silent on figurative language; 'hunted down' is a common expression for seeking and eliminating, not an idiom here.",[24] CHECK kêh-
4129,0,sacred-stories-22-he-who-carried-the-old-woman-sakewew,"iyâta-wâ-kakwê-nawatahwâci kamâmakosa ê-wâpiskisiyit, âskaw nama wâpamêw, kayâhtê mâna kisiwâk kâ-pmakociniyit mâna.","Though he tried to hit it in the air with his stick, in the form it had taken of a white butterfly, yet from moment to moment he could not see it, and then again, suddenly right close there it would be in the air.",literal,literal,False,"The footnote 'CHECK double IC' is an editorial note and does not discuss figurative language. The sentence describes an action literally with no metaphor, simile, or idiom.",[25] CHECK double IC
4136,0,sacred-stories-22-he-who-carried-the-old-woman-sakewew,"""namôya."" ""êyâpic aniki opahcâwiyak, ita kita-nîpawiyan,"" itêw okosisa.","“No. There are still those instruments of levitation upon which you may stand,” she told her son.",literal,literal,True,Bloomfield's footnote corrects the translation but does not describe any figurative language; the term 'opahcâwiyak' likely refers literally to objects made of porcupine quills.,"[26] LB on opahcâwiyak :  Animate plural noun; meaning?  The translation is surely wrong.  Later in the story it seems that the things, whatever they are, consist of kâwiyak : “porcupine quills”."
4144,0,sacred-stories-22-he-who-carried-the-old-woman-sakewew,"mistikwak êskosicik, êkoyikohk ê-pê-ayâcik, kâ-otinahk opîway awa kâ-otihkomit, ômatôwihk wahcîhk ê-otinahk.","They were aloft now at the height of the trees, when the Lousy One took one of the hairs from here, on her body.",literal,literal,True,Bloomfield's footnote discusses the literal meaning of 'wahcîhk' as a body part; no figurative language is indicated. The sentence is a straightforward narrative.,"[27] LB on wahcîhk :  As pîway is “body-hair” this word is probably “armpit” or “pubes.”  It is evidently a dependent noun, i.e., one which always has a possessive prefix."
4144,1,sacred-stories-22-he-who-carried-the-old-woman-sakewew,pakamaham ôma miscikos.,With it she struck that stick.,literal,literal,False,The footnote does not discuss this sentence. The sentence is a literal description of striking a stick with a hair.,"[27] LB on wahcîhk :  As pîway is “body-hair” this word is probably “armpit” or “pubes.”  It is evidently a dependent noun, i.e., one which always has a possessive prefix."
4147,1,sacred-stories-22-he-who-carried-the-old-woman-sakewew,"hâ, papâmâmôw êkwa, ê-nawaswâtiht.","He fled about, and was pursued.",literal,literal,False,"The sentence contains plain descriptive language with no figurative elements, and the footnote discusses grammatical construction errors unrelated to this sentence.","[28] LB:  Out of construction;  he should have said kik-âpacihimâwa , since the object is obviative.  Similarly, though ôhi : “these” is plural, only one of the objects, the iron, is mentioned, the thong omitted."
4147,2,sacred-stories-22-he-who-carried-the-old-woman-sakewew,"êkwa nâha iskwêw pêhpêkahâkan ayâw, êkwa ê-apisâsiniyik ahkâmasinîs.",And that woman off yonder had a stone mallet encased in leather and a small pestle-stone. She struck them.,literal,literal,False,The sentence describes objects literally; the footnote's comment about a missing object does not apply here.,"[28] LB:  Out of construction;  he should have said kik-âpacihimâwa , since the object is obviative.  Similarly, though ôhi : “these” is plural, only one of the objects, the iron, is mentioned, the thong omitted."
4147,4,sacred-stories-22-he-who-carried-the-old-woman-sakewew,"piyisk pîwâpisk tâpiskôc ê-ati-misâyik, têhcikâpawiw.","[no Cree] At last, when, like iron, it widened out, she stood on it.",simile,simile,True,"The explicit comparison marker 'tâpiskôc' (like) introduces a simile comparing the widening to iron; the footnote notes the omission of the thong and use of 'ôhi' (these) in reference to the iron, thus applying to this sentence.","[28] LB:  Out of construction;  he should have said kik-âpacihimâwa , since the object is obviative.  Similarly, though ôhi : “these” is plural, only one of the objects, the iron, is mentioned, the thong omitted."
4163,0,sacred-stories-22-he-who-carried-the-old-woman-sakewew,"""nipê-wîwin."" ""tânitê awa kâ-apit kimisiwâw?"" ""osâm kîstâwâw kipapâmaskatikowâw.""","“I have come to take a wife. Which of the women sitting here is your sister? For your brother-in-law leads you too much of a chase, always going away.”",literal,literal,False,"The sentence 'I have come to take a wife' is a plain statement with no figurative language, and the footnote does not mention it.","[30] LB:  Literally, “In which place is this one who sits your sister?” - there being three seated women.  Questions of identity are often put in this form."
4170,0,sacred-stories-22-he-who-carried-the-old-woman-sakewew,"""êkotê êcika ani kî-itâmoyân, kî-itâmoyâhk!"" ê-itêyihtahk, kîtahtawê pahkisimohk êkotê, ""hêêy, nîstâ, tawayâk!","Then, just as he was thinking, “And so I must flee; we must flee!” suddenly from the west came the call, “Hey, brother-in-law, make room!",literal,literal,False,"The footnote only queries possible word relations and does not describe any figurative language; the sentence has no metaphors, similes, or idioms.","[31] CHECK anih, kiy (related to E dialect kiyi ‘[future]’?)"
4176,0,sacred-stories-23-thunderbird-and-winter-mrs-maggie-achenam,kîtahtawê êsa nôtokêsiw otânisa wîkimêw.,Once upon a time an old woman dwelt with her daughter.,literal,literal,True,"Bloomfield's footnote queries the word 'oyah', suggesting it might stand for 'wiya', which is a lexical note and does not indicate figurative language.",[1] LB on oyah : For wiya ?
4176,2,sacred-stories-23-thunderbird-and-winter-mrs-maggie-achenam,"êkwa nôhtêhkatêwak, okiniya piko ê-mâwacihâyit otânisa, nipîhk ê-pakâsimâyit, êwakoni piko ê-môwâcik; wî-nipahâhkatosôwak.","They suffered hunger, for the woman's daughter merely gathered thornberries, which she boiled, and that was all they had to eat; they were almost dead of hunger.",literal,literal,False,"The sentence describes their hunger and actions literally; the phrase 'almost dead of hunger' is a conventional hyperbole but lacks explicit non-literal markers, so it is taken as a literal statement of extreme hunger.",[1] LB on oyah : For wiya ?
4211,1,sacred-stories-23-thunderbird-and-winter-mrs-maggie-achenam,"êkwa misi-pîwan; mitoni yôtin, miscikosak ê-pâh-pakacicik.","And there was a great flurry of snow; there was a strong wind, until the branches snapped and crackled in the cold.",literal,literal,False,Bloomfield's footnote notes a grammatical gender mismatch in 'miscikosak' but does not indicate any figurative language; the sentence describes strong wind and crackling branches literally.,[2] gender mismatch in miscikosak?
4211,2,sacred-stories-23-thunderbird-and-winter-mrs-maggie-achenam,mitoni wî-kawaciyiwa okosâka asâm.,The Snowshoe's rival husband froze almost to death.,literal,literal,False,The footnote does not pertain to this sentence or to figurative language; the sentence literally states that a character almost froze to death.,[2] gender mismatch in miscikosak?
4230,0,sacred-stories-24-the-ten-brothers-coming-day,"ê-pîhtokêt, nama awiya wâpamêw, êsa kâ-wêpâhtakahikêyit.","When he entered, he saw no one, but it was plain that someone had swept.",literal,literal,False,"The footnote comments on a possible word error, not figurative language; the sentence itself is literal.","[1] LB on kâh-wêpâstakahikêyit :  Error for kâh-wâpahtakahikêyit , or a different word?"
4230,2,sacred-stories-24-the-ten-brothers-coming-day,"êkwa pônam, ê-wî-paminawasot.","Then he fed his fire, to cook their meal.",literal,literal,False,The sentence describes a concrete action with no figurative meaning.,"[1] LB on kâh-wêpâstakahikêyit :  Error for kâh-wâpahtakahikêyit , or a different word?"
4230,3,sacred-stories-24-the-ten-brothers-coming-day,"êkwa ê-apit, ê-paminawasot, âsay mîna kêkway itêyihtam ita kâ-kî-astêyiki maskisina.","Then, as he sat there while cooking, it seemed to him that again there was something where the moccasins had been.",literal,literal,False,The sentence reports a perception and thought literally.,"[1] LB on kâh-wêpâstakahikêyit :  Error for kâh-wâpahtakahikêyit , or a different word?"
4230,4,sacred-stories-24-the-ten-brothers-coming-day,"ê-otinahk, mîna êwakoni maskisina.","When he took it out, this too was a pair of moccasins.",literal,literal,False,The sentence states a straightforward action and identification.,"[1] LB on kâh-wêpâstakahikêyit :  Error for kâh-wâpahtakahikêyit , or a different word?"
4230,5,sacred-stories-24-the-ten-brothers-coming-day,"âsay mîna miywêyihtam, ê-wâ-wâpahtahk.","Again he was glad, as he looked at them.",literal,literal,False,The sentence expresses an emotional state and action literally.,"[1] LB on kâh-wêpâstakahikêyit :  Error for kâh-wâpahtakahikêyit , or a different word?"
4230,6,sacred-stories-24-the-ten-brothers-coming-day,"mistahi miywâsiniyiwa, ê-pîmikitêyiki.","They were very pretty, embroidered with quill-work.",literal,literal,False,The sentence describes physical attributes without figurative comparison.,"[1] LB on kâh-wêpâstakahikêyit :  Error for kâh-wâpahtakahikêyit , or a different word?"
4230,7,sacred-stories-24-the-ten-brothers-coming-day,"êkosi astâw, ""namôya ta-wâpahtamwak nistêsak,"" ê-itêyihtahk. êkwa ôki oskinîkiwak ê-tâh-takohtêcik, wâpahtamwak mihta mihcêt.","He put them away, thinking “My brothers had better not see them.” Then, when those young men arrived, one after the other, they saw a great amount of firewood.",literal,literal,False,"The Cree reduplication indicates ‘one after the other’ as a grammatical distributive, not an idiom.","[1] LB on kâh-wêpâstakahikêyit :  Error for kâh-wâpahtakahikêyit , or a different word?"
4230,8,sacred-stories-24-the-ten-brothers-coming-day,"miywêyihtamwak, ""tâpwê kiyipa mistahi nikohtêw,"" ê-itêyimâcik osîmiwâwa.","They were glad to think of their younger brother, “Truly, in a short time he gathers a great deal of wood.”",literal,literal,False,The sentence quotes a direct thought with no non-literal expression.,"[1] LB on kâh-wêpâstakahikêyit :  Error for kâh-wâpahtakahikêyit , or a different word?"
4231,0,sacred-stories-24-the-ten-brothers-coming-day,"awa ostêsimâw, êwako macihkiwis, ômisi itwêw: ""tâpwê nimiywêyihtên mihta mistahi ê-astêki,"" itwêw.","The oldest one, Matchihkiwis, said, “Truly I am glad that there is so much firewood.”",literal,literal,True,"The footnote merely notes a punctuation variant and does not describe any figurative language; the sentence is a direct, literal expression of gladness about firewood.",[2] book has exclamation mark instead of colon
4237,0,sacred-stories-24-the-ten-brothers-coming-day,"êkosi itê ê-nipahât mostoswa, êkwa otinam ita ê-miywâsiniyik wiyâs.","So then, where he killed a buffalo, he took the best parts of the meat.",literal,literal,False,"The footnote is about merged sentences, not figurative language, and the sentence describes a literal event.",[3] merged 24.22.7 and 24.22.8
4237,1,sacred-stories-24-the-ten-brothers-coming-day,"êkwa ê-kîwêt, pâh-pimipahtâw, ""mâskôc nika-wâpamâw,"" ê-itêyihtahk. cîki ê-ihtât wîkiwâhk, kâ-wâpahtahk mistahi ê-pikihtêyik wîkiwâw.","When he went home, he kept running, for he thought, “Perhaps I shall see her.” When he had got close to their tipi, he saw that much smoke was rising from it.",literal,literal,False,"The footnote is about merged sentences, not figurative language, and the sentence is a plain narrative.",[3] merged 24.22.7 and 24.22.8
4237,2,sacred-stories-24-the-ten-brothers-coming-day,"ê-takohtêt, mistahi wâpahtam mihta ê-astêyik.","When he arrived, he saw that much firewood lay there.",literal,literal,False,"The footnote is about merged sentences, not figurative language, and the sentence is a literal observation.",[3] merged 24.22.7 and 24.22.8
4237,3,sacred-stories-24-the-ten-brothers-coming-day,"ê-pîhtokêt, nama awiya wâpamêw, êsa mitoni kâ-wêpâhtakahikêyit, mîna otanâskâniwâwa êsa ê-pahpawahamiyit; mîna êsa kâ-paminawasoyit astêyiwa.","When he entered, he saw no one, though it was plain that someone had swept the place clean, and had brushed out their mats; and there was a meal which she must have cooked.",literal,literal,False,"The footnote is about merged sentences, not figurative language, and the sentence describes literal details.",[3] merged 24.22.7 and 24.22.8
4237,5,sacred-stories-24-the-ten-brothers-coming-day,"âsay mîna kâ-wâpahtahk kêkway ê-astêyiki. ê-otinahk, âsay mîna maskisina.","When again he saw somethings lying there, and took them up, again it was moccasins.",literal,literal,False,"The footnote is about merged sentences, not figurative language, and the sentence is literal.",[3] merged 24.22.7 and 24.22.8
4259,0,sacred-stories-24-the-ten-brothers-coming-day,"""namôya nikiskêyimâw,"" itwêw awa oskinîkiw; ""kayâhtê ê-takohtêyân, namôya apiw;"" ""êkwa ê-nitonawak, namôya nimiskawâw."" ""êkwa itê kâ-nikohtêt mâna nititohtân;"" ""pôti niwâpahtên êsa êkota ê-kî-takohtêt kistêsinaw, êsa kâ-mâsihât wîtimwa."" ""piyisk niwâpahtên kistêsinaw wîpisis ê-astêyik."" ""ma-mihkôwiw."" ""êkosi êsa kâ-sipwêhtêt kîtimowâw."" ""nikî-mitihtâw;"" ""mihko ati-âh-astêw, ita ê-pimohtêt, piyisk kâ-pê-kîwêyân,"" itwêw awa oskinîkiw.","“I do not know,” said that youth; “to my surprise, when I came home, she was not here; and when I sought her, I did not find her. Then I went to where she is in the habit of gathering wood; there I saw that our oldest brother had come [no translation] At last I saw an arrow of our brother's lying there. It was covered with blood. Then, it appeared, your sister-in-law had gone away. I trailed her; there was blood every little ways, where she had walked, but at last I came home,” said that youth.",literal,literal,True,"The footnote discusses sandhi'd reduplication, not figurative language; the narrative is literal with no metaphors, similes, or idioms.",[4] CHECK heaviness of sandhi'd reduplication
4278,0,sacred-stories-24-the-ten-brothers-coming-day,"ômisi itwêw awa kisêyiniw: ""êhêhêy!"" itwêw; ""ayisk, ninahâhkisîm, kakêpâtisiw kistês, ôhi kâ-tôtawât wîtimwa, ôh-pê-kakwâtakihtâyan, ê-pê-itohtêyan,"" itwêw; ""hâw, ê-kitimâkisiyêk, êkâ awiyak ê-pamihikoyêk, kâ-kî-itisahwak nitânis, 'nitawi-pamihik ôki oskinîkiwak,' ê-itak, kâ-kî-itohtêt, kâ-kakêpâtisit kistês,"" itwêw awa kisêyiniw; ""mâka nimiywêyihtên ê-takosiniyan,"" itwêw.","Thus spoke that old man: “Dear me!” he said; “Surely, your oldest brother is foolish to have treated his sister-in-law in this wise, so that you had to suffer much hardship in coming here,” he said; “See, because you were pitiable, having no one to care for you, was why I sent my daughter there, saying to her, ‘Go take care of those young men,’ and so she went, and then your brother played the fool,” said the old man; “But I am glad you have come to us,” he said. There stayed that youth. Then, in time, he would go away and sit on a hilltop and look at all the tipis. After a while his wife would come to him there on the hilltop. At last he grew sad, because he did not see his brothers, having been there so long.",literal,literal,False,The sentence consists of direct speech and narrative with no non-literal expressions; words like 'kakêpâtisiw' ('is foolish') are used literally.,[5] CHECK ntawi-pamis
4311,0,sacred-stories-24-the-ten-brothers-coming-day,"tâpwê waniskâwak, ê-wâpamâcik osîmiwâwa.","They arose, and saw their youngest brother.",literal,literal,False,"The sentence is a plain statement; the footnote discusses 'ohci', which is not present here.",[7] ohci here may be negative
4311,1,sacred-stories-24-the-ten-brothers-coming-day,mistahi nanâskomôwak.,They were very thankful.,literal,literal,False,"The sentence is a plain statement; the footnote discusses 'ohci', which is not present here.",[7] ohci here may be negative
4311,2,sacred-stories-24-the-ten-brothers-coming-day,"""mâskôc kî-misi-wanâtisiw,"" ê-kî-itêyimâcik osîmiwâwa, namôya ohci nânapâcihowak.","Because they thought of their brother, “Likely he has gone to his destruction,” for that reason they took no care of themselves.",literal,literal,True,"The sentence contains 'ohci', which the footnote notes may be negative—a grammatical observation, not figurative language.",[7] ohci here may be negative
4312,0,sacred-stories-24-the-ten-brothers-coming-day,"""hâ, nistêsitik, kâsîhkwêk;"" ""kî-kâsîhkwêyêko, nânapâcihohkêk;"" ""wawêsîhkêk;"" ""iskwêwak nipêsiwâwak, ôyâ kîtimowâw wîcisanisa."" ""ôma kâ-ihtasiyahk, êko-tahto ihtasiwak iskwêwak."" ""ê-isi-ôma-askôwiskotâtoyahk, êkosi kika-isi-nahapîstâkowâwak pîhtokêtwâwi,"" itwêw.","“Come, brothers, wash your faces; when you have washed your faces, tidy yourselves; put on your good clothes; I am bringing women, the sisters of your sister-in-law who went away. As many as you are, so many are the women. In the order of our ages they will take their seat by your sides, when they enter,” he said.",literal,literal,False,"The footnote only suggests a textual emendation and does not mention figurative language. The sentence itself is a direct instruction with no idioms, metaphors, or similes.","[8] Better as ômê (ipc, ‘over here’)?"
4358,0,sacred-stories-25-burnt-stick-louis-moosomin,"""ômisi,"" itwêw awa nôtokwêw; ""cîkahikan kika-otinên;"" ""nistikwânihk ka-pakamahên,"" itwêw awa nôtokwêw; ""ôtê êkâ ê-pîsimôwik nêwo osêtinawa, ôma ôta nistam osêhcâw kika-âmaciwân."" ""êkota ohci mîna kotak ispatinâw ka-têpâpahtên."" ""nêwo ispatinâwa miyâskamani, êkotê kakwê-takwâmôhkan pîwâpisko-wâskahikan."" ""êwakoni êkotê ê-sâkôcihikot."" ""kîspin êkotê takwâmoyani, êkosi kika-pimâtisin,"" itik êsa; ""takwâmoyani êkotê, ômisi itwêhkan: 'nistêsê, niwî-nipahik âyîtawihkwâkan wîhtikôw!' kika-itwân."" ""itâp ana kika-yôhtênamâkwak.""","Thus spoke the old woman: “You will take an ax; you will strike a blow on my head,” said the old woman; “Yonder, in the direction where there is no sun, are four hills, the first and nearest of which you will climb. From there you will see the second hill. When you have crossed four hills, there try to reach in your flight an iron house. The one who dwells there will overcome him. If you manage to get there in your flight, then you will live,” she told her; “When you reach the place in your flight, speak thus: “Big brother, the both-side-faced Windigo wants to kill me!' you will say. Then they will open the door for you.”",literal,literal,False,"The footnote offers an alternative translation for 'ômisi' but does not describe any figurative language; the sentence contains straightforward narrative and instructions with no non-literal predication, simile marker, or conventional idiom.","[1] If quoting is right, more like:  “Like this,” said the old woman.
[2] ? or maybe relational ka-pakamahwân"
4359,0,sacred-stories-25-burnt-stick-louis-moosomin,"tâpwê ê-kî-kakêskimikot awa pîhkahtêwâhtik ôhi nôtokêsiwa, pakamahwêw ostikwâniyihk.","Accordingly, even as the old woman had directed Burnt-Stick, she struck her on the head.",literal,literal,False,The sentence describes a physical action in literal terms; no figurative language is present.,"[3] LB:  Inclusion of other words between prefixed particle and verb is very uncommon; more common is the start, as here, toward such inclusion, which is then annulled by forming the verb all over again."
4359,1,sacred-stories-25-burnt-stick-louis-moosomin,"êkwa êkosi isi wiyanihêw, ê-kî-nipahât.","Then she skinned her and cut her up, whom she had slain.",literal,literal,False,The sentence narrates a sequence of actions literally; no idioms or metaphors are used.,"[3] LB:  Inclusion of other words between prefixed particle and verb is very uncommon; more common is the start, as here, toward such inclusion, which is then annulled by forming the verb all over again."
4359,3,sacred-stories-25-burnt-stick-louis-moosomin,"ê-kî-kîsiswât, êkosi isi sôhki tapasîw.","When she had cooked her done, she ran away as fast as she could.",literal,literal,True,"The footnote discusses an uncommon word-order pattern, not figurative meaning; the sentence is a literal statement about fleeing quickly.","[3] LB:  Inclusion of other words between prefixed particle and verb is very uncommon; more common is the start, as here, toward such inclusion, which is then annulled by forming the verb all over again."
4359,4,sacred-stories-25-burnt-stick-louis-moosomin,pimipahtâw mitoni sôhki.,She ran with all her might.,literal,literal,False,The sentence expresses running with great effort in a literal manner; 'mitoni sôhki' means 'very strongly'.,"[3] LB:  Inclusion of other words between prefixed particle and verb is very uncommon; more common is the start, as here, toward such inclusion, which is then annulled by forming the verb all over again."
4359,5,sacred-stories-25-burnt-stick-louis-moosomin,"kîtahtawê ispatinâw nitawâpahtahk, ê-ati-kapê-tipisk ê-pimipahtât.","Presently she saw a hill, and all night long she ran.",literal,literal,False,The sentence is a literal description of seeing a hill and running through the night.,"[3] LB:  Inclusion of other words between prefixed particle and verb is very uncommon; more common is the start, as here, toward such inclusion, which is then annulled by forming the verb all over again."
4359,6,sacred-stories-25-burnt-stick-louis-moosomin,âsay mîna kotak ispatinâw wâpahtam; âsay mîna êwako miyâskam.,"Then she saw another hill; she crossed it, too.",literal,literal,False,The sentence literally states seeing and crossing another hill.,"[3] LB:  Inclusion of other words between prefixed particle and verb is very uncommon; more common is the start, as here, toward such inclusion, which is then annulled by forming the verb all over again."
4359,7,sacred-stories-25-burnt-stick-louis-moosomin,mîna kotak ispatinâw wâpahtam; êwako mîna miyâskam.,"She saw another hill; this, too, she crossed.",literal,literal,False,The sentence is a straightforward literal description of seeing and crossing a hill.,"[3] LB:  Inclusion of other words between prefixed particle and verb is very uncommon; more common is the start, as here, toward such inclusion, which is then annulled by forming the verb all over again."
4359,8,sacred-stories-25-burnt-stick-louis-moosomin,"kotak ispatinâw ê-âmaciwêt, âsay êkwa kâ-matwê-têpwâtikot ôhi wîhtikôwa.","When she climbed the next hill, already she heard the Windigo shouting to her.",literal,literal,False,The sentence literally recounts climbing a hill and hearing the Windigo shouting.,"[3] LB:  Inclusion of other words between prefixed particle and verb is very uncommon; more common is the start, as here, toward such inclusion, which is then annulled by forming the verb all over again."
4385,0,sacred-stories-25-burnt-stick-louis-moosomin,"kîtahtawê nanâtohk piyisk, ""namôya tâpwê niya ayîsiyiniw,"" itwêw êsa awa oskinîkiskwêw; ""ninitawêyimik êkwa nôhtâwiy."" ""nitawâc êkwa niwî-wâwâskêsiwin."" ""êkoyikohk kahkiyaw kimiyo-tôtâtinâwâw, oskinîkiskwêwak ê-miyitakok.""","Then at one time, “I am not really a human being,” said the young woman; “And now my father wants me. So I shall turn into a deer. I have completed my benefaction to all of you, in giving you young women.”",literal,literal,False,The text contains statements about identity and transformation that appear literal in context; the footnote only comments on a misreading and does not indicate figurative language.,[4] LB on nanâtohk pîsk :  These two words have no place here.  Perhaps the informant was going to say nanâtohk pisiskiwah : “various animals.”
4402,0,sacred-stories-26-the-thunderer-s-brother-in-law-louis-moosomin,"â, âsay mîna mayaw ê-wâpaniyik, sipwêhtêwak, ê-kî-mîcisocik.","Again, as soon as day had dawned, they set out, having eaten.",literal,literal,False,"The sentence describes characters setting out after dawn in a straightforward, non-figurative manner.",[1] ?? better normalization for the reduplication?
4402,1,sacred-stories-26-the-thunderer-s-brother-in-law-louis-moosomin,"kahkiyaw sâsay mîna ê-kî-mêsci-sipwêhtêyit, awa oskinîkiskwêw âsay mîna wîhtamawêw osîmisa mîna ê-wî-sipwêhtêt.","Again, when every one of them had departed, the young woman told her little brother that she was going off once more.",literal,literal,False,The sentence literally states that the young woman informs her brother of her departure after others have left.,[1] ?? better normalization for the reduplication?
4402,2,sacred-stories-26-the-thunderer-s-brother-in-law-louis-moosomin,"tâpwê sâsay mîna ati-sipwêhtêw êsa, ê-ati-pimihât.","Accordingly, once more she set out and flew.",literal,literal,False,"The sentence states that she set out and flew, which is a literal event in the mythological narrative.",[1] ?? better normalization for the reduplication?
4402,3,sacred-stories-26-the-thunderer-s-brother-in-law-louis-moosomin,"êkotê ê-takohtêt itê mâna kâ-isi-nitâmisot, mwêhci ê-mâci-mawisot, âsay êsa mîna piyêsiwa kâ-mâci-pêhtâkosiyit.","When she arrived there where she had been gathering berries, just as she began to pick, again the thunderer began to give his sound.",literal,literal,False,"The sentence describes her arrival at the berry-picking spot and the thunderer's sound, without figurative language.",[1] ?? better normalization for the reduplication?
4402,4,sacred-stories-26-the-thunderer-s-brother-in-law-louis-moosomin,âsay mîna nâspici-sêkimik awa oskinîkiskwêw.,Again the young woman was frightened out of her senses by his sound.,literal,literal,False,The expression 'nâspici-sêkimik' is treated as a literal description of being extremely frightened; no clear evidence of an idiom.,[1] ?? better normalization for the reduplication?
4402,5,sacred-stories-26-the-thunderer-s-brother-in-law-louis-moosomin,"êkwa ê-âpahkawisit, kayâhtê kî-wâpamêw mîna êkotê oskinîkiwa.","And when she came to, once more she saw there the youth.",literal,literal,False,"The sentence literally states that upon regaining consciousness, she saw the youth again.",[1] ?? better normalization for the reduplication?
4402,6,sacred-stories-26-the-thunderer-s-brother-in-law-louis-moosomin,"miywêyihtam mistahi awa oskinîkiw, ê-âh-otihtikot ôhi oskinîkiskwêwa.",That youth was very glad that the young woman always came there to him.,literal,literal,False,The sentence literally expresses the youth's happiness that she keeps coming to him.,[1] ?? better normalization for the reduplication?
4408,0,sacred-stories-26-the-thunderer-s-brother-in-law-louis-moosomin,"tâpwê êkosi isi isi-wêpinêw ôhi otawâsimisa, namôya kayâs ê-kî-nôkohât.",And so in this wise she abandoned her child which not long before she had borne.,literal,literal,False,"Footnote [2] discusses the morphological breakdown and homonymy of isi-wêpinêw, with no suggestion of figurative meaning; the sentence literally describes abandonment.","[2] LB on isi-wêpinêw :  Hyphen is used, because the meaning is here isi : “thither, thus” plus wêpinêw : “she abandons him.”  By contrast, the very common unit word isiwêpinêw : “he throws him that way or there” has -wêp- : “throw” as a non-initial stem.  This illustrates the difficulty of drawing a clear line between simple words and compounds;  for a native speaker it would be easy. The repetition of isi is worth noting; it is perhaps due to the existence of the much commoner homonym;  as homonymy is rare in Cree, the combination isi-wêpinêw is inadequate and disturbs the speaker.
[3] CHECK wewepitot, CHECK reduplication length"
4408,1,sacred-stories-26-the-thunderer-s-brother-in-law-louis-moosomin,"êkwa kîtahtawê kinwês ê-wâ-wêwêpitât, kîtahtawê ma-mâtoyiwa.","Then presently, when for a long time he had rocked the babe, it began to cry.",literal,literal,False,"Footnote [3] only requests verification of reduplication length, not figurative usage; the sentence literally describes rocking and crying.","[2] LB on isi-wêpinêw :  Hyphen is used, because the meaning is here isi : “thither, thus” plus wêpinêw : “she abandons him.”  By contrast, the very common unit word isiwêpinêw : “he throws him that way or there” has -wêp- : “throw” as a non-initial stem.  This illustrates the difficulty of drawing a clear line between simple words and compounds;  for a native speaker it would be easy. The repetition of isi is worth noting; it is perhaps due to the existence of the much commoner homonym;  as homonymy is rare in Cree, the combination isi-wêpinêw is inadequate and disturbs the speaker.
[3] CHECK wewepitot, CHECK reduplication length"
4413,0,sacred-stories-26-the-thunderer-s-brother-in-law-louis-moosomin,êkwa otayiwinisa ispimihk kâ-kî-akotâwiht nâh-nîhtinamâk ôhi piyêsiwa.,Then that Thunderer took down for him his clothes which had been hung high.,literal,literal,False,No figurative language; describes a physical action of taking down clothes.,"[4] LB on maskosîwakân :  Normal form doubtless maskosîwikân , and below, the diminutive, normal: maskosîwikânis ."
4413,1,sacred-stories-26-the-thunderer-s-brother-in-law-louis-moosomin,"mayaw ê-kî-postayôwinisêt, êkosi ati-otinêyiwa ôhi apisîsi-awâsisa.","As soon as he had put them on, the other took away that infant.",literal,literal,False,No figurative language; describes putting on clothes and taking an infant.,"[4] LB on maskosîwakân :  Normal form doubtless maskosîwikân , and below, the diminutive, normal: maskosîwikânis ."
4413,3,sacred-stories-26-the-thunderer-s-brother-in-law-louis-moosomin,"otasâma ê-kî-otinât, kâ-wâpahtahk êsa itê omisa ê-isi-sipwêhtêyit.","When he had taken up his snowshoes, he saw the say along which his sister must have departed.",literal,literal,False,No figurative language; describes taking up snowshoes and seeing a path.,"[4] LB on maskosîwakân :  Normal form doubtless maskosîwikân , and below, the diminutive, normal: maskosîwikânis ."
4413,5,sacred-stories-26-the-thunderer-s-brother-in-law-louis-moosomin,"kîtahtawê êsa ê-ati-otâkosiniyik, ôta wâyahcâhk kî-têpâpahtam maskosiyokân.","Presently, towards evening, there in a hollow of the land, he spied a grass hut.",literal,literal,True,"The footnote comments on the word 'maskosîwakân' but only discusses its morphological normalization, not figurative usage; the sentence simply describes seeing a grass hut.","[4] LB on maskosîwakân :  Normal form doubtless maskosîwikân , and below, the diminutive, normal: maskosîwikânis ."
4424,0,sacred-stories-26-the-thunderer-s-brother-in-law-louis-moosomin,tâpwê êsa nânapâcihêwak.,"Accordingly, they attended to him.",literal,literal,False,The sentence 'they attended to him' is a plain statement with no figurative elements. The footnote merely says 'CHECK kekwayi' and offers no indication of non-literal language.,[5] CHECK kekwayi
4424,1,sacred-stories-26-the-thunderer-s-brother-in-law-louis-moosomin,"ayisk kayâs kî-ayîsiyinîwiwak; osâm kahkiyaw kêkwayi ê-wîcihikôwisicik, êwako ohci kâ-ôh-ispayik.",For of old they had human form; because by all the Higher Powers they were aided is why it could happen so.,literal,literal,False,"The sentence describes having human form and being aided by Higher Powers, which, though possibly a conventional religious reference, is not a metaphor, simile, or idiom. The footnote's instruction to 'CHECK kekwayi' does not point to figurative usage.",[5] CHECK kekwayi
4430,0,sacred-stories-26-the-thunderer-s-brother-in-law-louis-moosomin,"tâpwê awa nâpêw ê-wî-mâcît, ""âstam, wêskinîkiyin!"" ""iskêkâni nahâhkapiyani,"" itâw awa awâsis.","So, when that man was ready to go hunting, “Come here, young fellow! It would seem you are staying with people,” the child was told.",metaphor,metaphor,True,"Bloomfield's footnote describes 'nahâhkapiyani' as ironic, drawing a comparison between the addressee and a son-in-law expected to be a good worker while staying with his wife's people, which constitutes an implicit metaphorical use.","[6] LB on nahâhkapiyani : The verb nahâhkapiw : “he is staying, as son-in-law, with his wife's people”; it applied here only in so far as during this stay a son-in-law is supposed to show himself a good worker. Irony."
4444,0,sacred-stories-26-the-thunderer-s-brother-in-law-louis-moosomin,"""kakwêyâho!"" itik; ""pasikô!"" itik: ""mâ ani âta ê-manitowakêyimoyan, ita wiya ati-atimitâni, kika-nipahitin;"" ""kika-ati-patakwâtimâtitin.""","“Look lively!” he told him; “Get up!” he told him; “Believe it or not, though you think yourself of manitou kind, if I overtake you on the way, I will kill you; I will stamp you under my snowshoes.”",literal,literal,True,"The footnote discusses the verb 'patakwâkimatitin' meaning 'stamp under snowshoes' as a literal action, with no figurative interpretation indicated.","[7] LB on kik-âti-patakwâkimatitin :  The medial stem is -âkimê- : “snowshoe” (verbal), cf. Ojibwa âgim , Menomini âkim (animate): “snowshoe.”  The word used in Cree is asâm (animate): “snowshoe.” I did not catch the word when dictated, but succeeded in making informant repeat it.  As a result it is not used in the recurrence of the incident, below."
4476,0,sacred-stories-27-why-the-dead-are-buried-louis-moosomin,"kayâs ayîsiyiniwak ômisi kî-pakitinikôwisiwak: kahkiyaw kêkway kî-kitimâkêyimikwak, tahto kêkway kâ-wâpahtamihk, mîna êkâ kâ-wâpahtamoht.","Of old men were placed here on earth by the Powers in this wise: they were pitied and befriended by every kind of thing, by as many things as are seen, and by the things that are invisible.",literal,literal,False,The footnote only queries a word choice and gives no indication of figurative meaning; the sentence literally describes a mythic belief.,[1] CHECK awêk.  Should it be êwak ??
4476,1,sacred-stories-27-why-the-dead-are-buried-louis-moosomin,kahkiyaw kêkway kî-pawâtamok.,They dreamt of every kind of thing.,literal,literal,False,The footnote does not apply; the sentence is a plain statement about dreaming of things.,[1] CHECK awêk.  Should it be êwak ??
4476,2,sacred-stories-27-why-the-dead-are-buried-louis-moosomin,ahpô wâkayôsa kî-kiskinôhamâkwak kêkway.,Even the bears taught them things.,literal,literal,False,"The footnote is unrelated; the sentence literally claims bears taught people, without figurative markers.",[1] CHECK awêk.  Should it be êwak ??
4476,3,sacred-stories-27-why-the-dead-are-buried-louis-moosomin,awêkâ ohci kayâs ayîsiyiniwak kâ-ôh-kî-manitôwicik.,That is why the old-time people had manitou power.,literal,literal,False,The footnote is silent on figurative content; the sentence states a literal cause-effect conclusion.,[1] CHECK awêk.  Should it be êwak ??
4494,0,sacred-stories-27-why-the-dead-are-buried-louis-moosomin,"""nôhtâ, ôma piko kita-isi-nayômiyan,"" itwêw êsa awa oskinîkiw.","“Father, there is only this, that you must carry me on your back,” said the youth. So the old man took his son on his back and carried him.",literal,literal,False,"The footnote only discusses a grammatical correction and morphological breakdown, with no indication of figurative language; the sentence is a straightforward request with no implicit comparison or non-literal expression.","[2] LB on pîci-nayômiyin :  The prefixed particle is doubtless wrong; perhaps read kitsi- , which seems to be an allegro variant of (a) kitah-isi-, kit-êsi , i.e., kitah-, tah- : “that, in order that,” plus isih- : “thither, thus,” and (b) kitisi- , i.e., isih- with personal prefix ki-, kit- of second person."
4496,0,sacred-stories-27-why-the-dead-are-buried-louis-moosomin,tâpwê awa kisêyiniw nêyawiskosoci ayiwêpiw ê-nayôhcikêt.,"So whenever the old man wearied under his burden, he rested, with his load on his back.",literal,literal,False,"The footnote discusses verb morphology for ê-nayôhcikêt, not figurative language; sentence literally describes resting with a load.","[4] LB on ê-nayôhcikêt : The normal form seems to be nayômâw : “he carries him on back,” nayahtam : “he carries it on back,” and, derived from the latter, nayahcikêw : “he carries on back”; but we find also nayôhtam, nayôhcikêw . Menomini has nayômêw, nayôhtam , but for the former also nayâhêw ."
4496,1,sacred-stories-27-why-the-dead-are-buried-louis-moosomin,"mitoni mistahi kosikwatiyiwa, pâskac êsa ostikwânihk ê-tahkopisot, iyikohk ê-miywêyihtahk okosisa ê-wâpamât.","The latter was very heavy, the more so, as the old man had tied the strap round his head, so glad was he to see his son.",literal,literal,False,The footnote is purely morphological; sentence describes physical weight and emotional state straightforwardly.,"[4] LB on ê-nayôhcikêt : The normal form seems to be nayômâw : “he carries him on back,” nayahtam : “he carries it on back,” and, derived from the latter, nayahcikêw : “he carries on back”; but we find also nayôhtam, nayôhcikêw . Menomini has nayômêw, nayôhtam , but for the former also nayâhêw ."
4496,2,sacred-stories-27-why-the-dead-are-buried-louis-moosomin,ohpimê wâhyaw mânokêw êsa.,Then far off to one side he set up a tipi.,literal,literal,False,The footnote does not address figurative meaning; sentence is a literal action of setting up a tipi.,"[4] LB on ê-nayôhcikêt : The normal form seems to be nayômâw : “he carries him on back,” nayahtam : “he carries it on back,” and, derived from the latter, nayahcikêw : “he carries on back”; but we find also nayôhtam, nayôhcikêw . Menomini has nayômêw, nayôhtam , but for the former also nayâhêw ."
4502,0,sacred-stories-27-why-the-dead-are-buried-louis-moosomin,"mâka wiya awa iskwêw namôya êsa ohci wâpamêw okosisa, êkosi ê-isi-nipiyit.","But as for the woman, she never again saw her son, who in this wise now had died.",literal,literal,True,"The footnote clarifies the reference of 'the woman' and the narrative context, but does not indicate any figurative language; the sentence is a plain statement.","[5] LB on mâka wiya awa iskwêw :  i.e., it was his mother who had violated the command; either the tale is laconically told or I missed a sentence above."
4514,0,sacred-stories-28-the-origin-of-horses-coming-day,"ê-pîhtokêyit owîkimâkana, ômisi itêw: ""niwîkimâkan, namôya êkosi ê-kî-itêyihtamân, kisîm kâ-ôh-kitimâkêyimak."" ""anohc ê-pîhtokêt, nikakwêcimik ta-nôcîhkawit,"" itêw; ""mitoni nimâmaskâtên ê-isi-kitosit, kâ-ôh-wîhtamâtân."" ""êkosi namôya êkwa nika-kî-kitimâkêyimâw kisîm,"" itêw.","When her husband came into the tent, she told him thus: “My husband, it was not in this way that I meant it, when from the first I showed affection to your younger brother. [no translation] she told him, “I was greatly surprised when he spoke in this way to me; that is why I am telling you of it. And so now I shall no longer be able to feel any fondness for your younger brother,” she told him.",literal,literal,False,"The footnote is a grammatical note ('kîh with negative?') and does not describe figurative language; the sentence is a straightforward narrative and direct speech with no metaphors, similes, or idioms.",[1] kîh with negative?
4522,0,sacred-stories-28-the-origin-of-horses-coming-day,"êkosi awa oskinîkiw ôhtâwiya wîkiyihk êkotê pîhtokahâw, ê-nanâtawihiht.",Then the young man was brought into his father's dwelling and given medical treatment.,literal,literal,False,The sentence describes actions literally with no figurative language.,[2] h-epenthesis after o prefix
4522,1,sacred-stories-28-the-origin-of-horses-coming-day,"piyisk kinwêsk ayâw, ê-wîsakêyihtahk, ohôsîmimâwa ostêsa ê-pamihikot êkwa wîtimwa. nîso ayâwêyiwa iskwêwa.","It turned out that he stayed a long time, suffering pain, and nursed by the younger of his elder brothers, and by his sisters-in-law.",literal,literal,False,"The sentence narrates events plainly without any idiom, metaphor, or simile.",[2] h-epenthesis after o prefix
4522,2,sacred-stories-28-the-origin-of-horses-coming-day,"êwakonik mistahi pakwâtamwak ê-tôtâmiht ôhi oskinîkiwa wîtimowâwa, osâm tâpiskôc otawâsimisiwâwa ê-isi-kitimâkêyimâcik ôhi.","This brother had two wives. They were very much distressed at what had been done to the youth, their brother-in-law, for they loved him like an own child.",simile,simile,False,"The phrase 'tâpiskôc otawâsimisiwâwa' explicitly compares the love to that for a child, using the simile marker tâpiskôc ('like').",[2] h-epenthesis after o prefix
4522,3,sacred-stories-28-the-origin-of-horses-coming-day,"""mâskôc ahpô ta-nipiw,"" itêyihtâkosiw awa oskinîkiw.","“Likely enough he will die,” was the general thought concerning that young man.",literal,literal,False,"This is a direct quotation of a thought, with no non-literal expression.",[2] h-epenthesis after o prefix
4522,4,sacred-stories-28-the-origin-of-horses-coming-day,"ê-âta-nanâtawihiht, piyisk kinwêsk âhkosiw.","In spite of the curative treatment give him, for a long time, in the outcome, he was ill.",literal,literal,False,The statement is a straightforward description of continued illness despite treatment.,[2] h-epenthesis after o prefix
4522,5,sacred-stories-28-the-origin-of-horses-coming-day,"piyisk kîwêhtahêw awa osîma wîkiwâhk, ê-wî-pamihât, ""osâm ê-kwatakihtât nôhtâwiy mîna nikâwiy, ê-pamihâcik nisîma,"" ê-itêyihtahk; ""mâka êkotê wêtinahk nika-pamihânân,"" ê-itêyihtahk. tâpwê pamihêwak osîma.","At last the man took his young brother to his own tent, to nurse him, thinking, “It is too much of a strain for my father and mother to nurse my young brother; over here we can nurse him undisturbed.” Accordingly, they nursed his young brother.",literal,literal,False,"The narration and the quoted thoughts are all literal, with no figurative devices.",[2] h-epenthesis after o prefix
4522,6,sacred-stories-28-the-origin-of-horses-coming-day,"awa kâ-kî-tahkamât osîma nama wîhkâc nitawâpamêw, mîna owîkimâkana.","The man who had stabbed his brother never came to see him, nor did his wife.",literal,literal,False,The sentence reports a fact plainly: the man never visited.,[2] h-epenthesis after o prefix
4522,7,sacred-stories-28-the-origin-of-horses-coming-day,"napâwi kaskêyihtam, ê-nôhtê-wâpamât awa iskwêw kâ-kî-misimât wîtimwa.","Now that it was too late, the woman who had slandered her brother-in-law was sorry and wanted to see him.",literal,literal,False,It literally states the woman's regret and desire to see him.,[2] h-epenthesis after o prefix
4522,8,sacred-stories-28-the-origin-of-horses-coming-day,"""nika-itohtân,"" êtâci owîkimâkana, êkosi ê-pakamahokot, ê-kâhkwêyihtahk awa, kâ-ôh-tôtawât osîma.","But whenever she said to her husband, “Let me go there,” he would beat her, for he was jealous, and even for that had done thus to his brother.",literal,literal,False,The sentence describes habitual actions and motivation literally.,[2] h-epenthesis after o prefix
4537,0,sacred-stories-28-the-origin-of-horses-coming-day,"""aspin ôma, 'nika-kaskikwâtên nimaskisina,' ê-itwêt, ê-âta-na-nitotamawak, êkâ ê-wî-miyit, piyisk nimiyâw cita-âpacihtât."" ""êkosi ê-isi-nahisiniyân, êkosi êtokê ninipân, êkâ kâ-ôh-kiskêyimak ê-wayawît,"" itêw.","“The last I know was that he said he was going to mend his moccasins; and though I kept asking him to give them to me, he would not do it, until at last I gave him the things he wanted to use. Then, when I lay down, I must have fallen asleep and not noticed his going out,” the one told him.",literal,literal,False,"The footnote discusses morphological reduplication, not figurative language. The sentence is a literal narrative recounting events with no simile, metaphor, or idiom.",[3] CHECK heaviness of -nah reduplication
4539,0,sacred-stories-28-the-origin-of-horses-coming-day,awa oskinîkiw âsay wâhyaw ayâw.,By this time the youth was far off.,literal,literal,False,The statement that the youth is far off is a plain spatial description with no figurative language.,"[4] LB on nika-miskâkawih :  Preterit with future particle prefixed.  This is not inconsistent with the meaning of the preterit:  past intent unaccomplished, or past act no longer true;  but the combination is not common enough for me to know its value."
4539,1,sacred-stories-28-the-origin-of-horses-coming-day,"ita mistahi ê-sakâyik, êkota sêskisiw.","Where there was heavy timber, he went into the woods.",literal,literal,False,Describes going into woods where there is heavy timber; no figurative comparison or idiom.,"[4] LB on nika-miskâkawih :  Preterit with future particle prefixed.  This is not inconsistent with the meaning of the preterit:  past intent unaccomplished, or past act no longer true;  but the combination is not common enough for me to know its value."
4539,2,sacred-stories-28-the-origin-of-horses-coming-day,mêkwâ-sakâhk êkota nahapiw.,Well into the woods he sat down.,literal,literal,False,"Reports sitting down well into the woods in a straightforward, literal manner.","[4] LB on nika-miskâkawih :  Preterit with future particle prefixed.  This is not inconsistent with the meaning of the preterit:  past intent unaccomplished, or past act no longer true;  but the combination is not common enough for me to know its value."
4539,3,sacred-stories-28-the-origin-of-horses-coming-day,"piyisk kawisimôw, ""êkâ nika-miskâkawih!"" ê-itêyihtahk.","At last he lay down, thinking, “May I not be found!”",literal,literal,True,"The footnote discusses the preterit-future combination in 'nika-miskâkawih,' a grammatical point, not figurative language; the sentence itself (lying down and thinking a wish) is literal.","[4] LB on nika-miskâkawih :  Preterit with future particle prefixed.  This is not inconsistent with the meaning of the preterit:  past intent unaccomplished, or past act no longer true;  but the combination is not common enough for me to know its value."
4557,0,sacred-stories-28-the-origin-of-horses-coming-day,"ê-apisîsisiyit askihkosa kâ-akotâyit, êkwa nîso ê-apisâsiniyiki wiyâsisa ê-pakastawêhamiyit, nîso mîna mînisisa, ""ninôhtêhkatâh, apisîs kâ-pakâhtâkohkêt nôhkom!"" itêyihtam.","After hanging up a tiny little kettle, she put into the water two tiny bits of meat and two little berries; “Here am I, starving, and my grandmother puts so little food in her kettle!” he thought.",literal,literal,True,"Bloomfield's footnote explains the verb kâ-pakâhtâkohkêt as a common expression for 'sets food to boil,' used literally in the boy's complaint about the small amount of food.","[5] LB on kâ-pakâhtâkohkêt : One would expect a different formation, but the word is common: pakâhtâkuhkâw : “he sets food to boil.”"
4560,0,sacred-stories-28-the-origin-of-horses-coming-day,"""hâw, nôsisimis, nêwo-tipiskâw ôta ayâ, mâka ka-kiskinôhamâtân kîkway, tânisi tita-ayîhtiyan,"" itik.","“Very well, my grandchild, stay here four nights, and I shall at any rate teach you something as to the way you shall do,” she told him.",literal,literal,True,The footnote comments on the morphological composition of 'nêwo-tipiskâw' but describes no figurative language; the sentence is literal.,"[6] CHECK nêwotipiskwah, seems to be based on a noun, tipiskw-"
4562,0,sacred-stories-28-the-origin-of-horses-coming-day,êkoyikohk êkwa ê-asamikot; êkwa ma-mîcisôw.,Then she gave him food; he ate.,literal,literal,False,Plain narrative; no figurative language present.,[7] Should êkây be êkâ?
4562,1,sacred-stories-28-the-origin-of-horses-coming-day,namôya kî-kitâw ôhi iyikohk kâ-asamikot.,He was not able to eat up those things which she gave him to eat.,literal,literal,False,Plain statement of inability; no figurative language present.,[7] Should êkây be êkâ?
4562,2,sacred-stories-28-the-origin-of-horses-coming-day,"êkây ê-kî-kitât, itisinamawêw ôhkoma.","When he could not eat them all, he handed them to his grandmother.",literal,literal,False,Plain description of an action; no figurative language present.,[7] Should êkây be êkâ?
4573,0,sacred-stories-28-the-origin-of-horses-coming-day,"ômisi itik ôhkoma: ""nôsisê, âta ôma êkosi ê-isi-kiskinôhamawakik oskinîkiwak, mâka namôya nitâpwêhtâkwak, kâ-ôh-mâh-misi-wanâtisicik."" ""tâpwêhtawiyini, kika-miyopayin;"" ""mâka sâkôcimiski awa kâ-wî-otihtat, ka-misi-wanâcihik,"" itik; ""kêyiwêhk awa pimiwi,"" ê-itikot, ê-miyikot amiskôhôsiwayânisa; ""êwako awa, nôsisê, nêwo-tipiskâw kika-ayân."" ""êkâ misi-wanâcihiski, nôhtêhkwasiyini, 'nimosô, pita nika-pimisinin!' kika-itâw."" ""'ahaq,' itiski, awa kâskikanihk kika-ahâw."" ""'haw, nimosôm kêtosici, kitos! niwî-nipân.'"" ""'wî-wâpahki, koskonîhkan!' kika-itâw awa."" ""êkwa awa,"" itik, ""itâmihk kika-saniskamâson,"" itik, ê-miyikot otâsiyâniyiwa ôhkoma; ""êkosi piko ka-kî-sâkôcihâw, tôtamani, ana kisêyiniw."" ""êkwa cîki ihtâyani, mistik kika-ati-otinên, namôya ê-misâk mistik, ôma kiyi-ati-pimohtêyin."" ""nîswâw nipâyini âsay kika-wâpahtên nipiy."" ""namwâc kika-wâpahtên tânitê ê-kisipikamâk,"" itik; ""êkosi pôn-âpihtâwi-kîsikâki, êkoyikohk kisiwâk kika-otihtên anima sâkahikan."" ""ta-tahtakwahcâw."" ""kika-wâpahtên apisîs ê-ispacinâsik."" ""êkota ki-ka-itohtân; êkota ka-nahapin."" ""kî-nahapiyini, êkota cîki sâkahikanihk ka-wâpamâw ta-pê-sâkêwêt ayîsiyiniw ê-misikitit."" ""tâpiskôc iskwêw tita-isîhow."" ""namôya ka-wâpahtên osita."" ""pê-takohtêci, 'hâ, nôsisê, kîwê! kâ-pê-nâtat kika-kîwêhtahâw,' kika-itik."" ""êkoyikohk ta-pê-sâkêwêw ê-wâpiskisit misatim ê-miyosit."" ""'hâw, êwako awa kimiyitin.'"" ""'kîwê!' kika-itik."" ""êkâya tâpwêhtawâhkan."" ""ômisi itâhkan: 'namôya êwako kâ-nitawêyimak,' kika-itâw."" ""êkosi, 'yâh, tâpwê êkwa, nôsisê!' kika-itik."" ""itê kâ-ohtohtêt kika-isi-kîwêhtahik."" ""'pê-nâta aspapiwin, ohcitaw ta-kîwê-têhtapiyan,' kika-itik, takohtêyêko wîkihk;"" ""'nôsisê, nitawi-otina! pîhtokê! ê-mîkisiwik aspapiwin,' kika-itik."" ""otinamani, sâkôcimiski, ta-pê-itohtêw ani ana misatim."" ""'otin; wiyahpis,' kika-itik."" ""oyahpitaci, 'têhtapi!' kika-itik;"" ""'kîwê!' kika-itik."" ""sâkôcimiski, têhtapiyini, wî-âta-sipwêhtêyini, iyâyaw sâkahikanihk kika-isi-sipwêhtahik ana misatim."" ""nama ka-kî-sâkohâw."" ""piyisk ta-pahkopêw."" ""êkoyikohk kê-pê-pêkopêt kotak misatim;"" ""êwako ana ka-misi-wanâcihisk,"" itik; ""êkâ tâpwêhtawâhkan,"" itik; ""nêwo-tipiskâw êkota kika-ayân."" ""kîspin tâpwêhtawiyini ôma kâ-ititân, êkosi ana ta-sâkôcihat, kîspin nêwo-tipiskâw êkota ayâyani."" ""mâka anima kâ-ispacinâsik nahapiyini, pêcâstamohtêci, êkâ anima tâpwêhtawaci ôma kâ-ititân, ka-kîhkîhkimik."" ""'niyâ, pîhtokê!' kika-itik."" ""'kiya nîkân pîhtokê!' kika-itâw."" ""ispî sâkôcimaci, wî-pîhtokêci, ati-pîhtokêci, ôma ohci miscikos kika-ohpâskwahamwân oskotâkay."" ""ka-wâpahtên osita."" ""tâpiskôc misatim osita ka-isi-wâpahtamwân."" ""'wêy! tânisi awa nimosôm ê-isinâkwaniyiki osita!' kika-itâw."" ""'tânisi êsinâkwahki, nôsisê?'"" ""'ê-cî-wâpahtaman?' kika-itik."" ""'êha! tâpiskôc misatimoskasiya êsinâkwahki kisita,' kika-itâw."" ""nôsisê, mêyâkwâm kakwê-wâpahtam osita."" ""kîspin wâpahtamwaci, êkosi ani ka-sâkôcihâw."" ""mâka êkâ wâpahtamani, kika-sâkôcihik,"" itik; ""mâka wâpahtamani osita, êkosi ani ka-sâkôcihâw."" ""êkwa êwako nêwo-tipiskâw kî-ayâyani, êkosi tahto-kîsikâw pêyak misatimwa kika-miyik."" ""'kîwê!' kika-itik."" ""namôya ka-tâpwêhtawâw."" ""âta wiya ani ôhcitaw sâkôcihaci, kika-miyik êwakoni misatimwa."" ""kî-nêwo-tipiskâki, êkota ayâyini, 'hâ, nimosô, kitêm ana nâpêstim êwako ana kâ-pê-nâtak,' kika-itâw."" ""'êha,' kika-itik."" ""iskwâhtêmihk kita-astêw ê-mâyâtahk aspapiwin;"" ""êkwa pîsâkanâpiy ka-mâyâtan kita-âh-âniskôhpitêk."" ""êwakoni kika-nitotamawâw."" ""'ôhi kotaka ê-mâh-miywâsiki aspapiwina, pîsâkanâpiya, êwakoni,' kika-itik."" ""êkâya tâpwêhtawâhkan."" ""êkota anima ohci ta-sâkôcihisk, âta nêwo-tipiskâw paspîyini,"" itik; ""mîna êwako sâkôcimaci, 'hâw, êkwa, nôsisê, nitêm kâ-pê-nâtat,' kika-itik."" ""ta-ati-wayawîw."" ""êwako anima kâ-mâyâtahk aspapiwin pîsâkanâpiy tita-otinam."" ""êkosi kâ-ati-askôwâw."" ""sisonê sâkahikanihk ta-nîpawiw."" ""'nitêm, pê-kapâ!' tita-itwêw."" ""kiyipa nipiy mistahi ta-cimatêw; tâpiskôc ê-ohtêk ta-isinâkwan."" ""piyisk êkota tita-ôh-pêkopêw nâpêstim ê-mihkwawêt."" ""ta-pê-kapâw."" ""osoy tita-otâpêw, ta-sâmaskêhtitât."" ""mîna ôhi wêstakaya kêkâc ta-sâmaskêhtiniyiwa."" ""pê-kapâci, 'nahi, nôsisê, otin!' kika-itik."" ""êkâya tâpwêhtawâhkan."" ""'otinamawin!' kika-itâw."" ""kî-otinâci, 'wiyahpitamawin,' kika-itâw."" ""wiyahpitâci, êkoyikohk êkwa, 'nahi, nôsisê!' kika-itik."" ""êkâya tâpwêhtawâhkan."" ""'têhtahin!' itâhkan."" ""kîspin êwako tôtamani, kika-pimâtisin; ka-sâkôcihâw."" ""mâka maywês têhtahiski otinaci, kika-misi-wanâcihik êwako ana misatim; kika-môwik,"" itik; ""mâka têhtahiski, êkosi ani ta-pê-kîwêyan."" ""nêwo-tipiskâw anima kiyi-ayâyin, êkosi nêwomitanaw misatimwak ta-paskiyawat ana kisêyiniw."" ""âta ani kêtimâkinawakwâwi oskinîkiwak, êkosi ôma êsi-kiskinôhamawakik, mâka namôya nitâpwêhtâkwak."" ""misahkamik oskinîkiwak êkâ kâ-ôh-pê-kîwêcik, ê-ati-misi-wanâcihikocik,"" itik; ""mistahi kaskêyihtam kôhtâwiy kikâwiy kistês kîtimwak aniki kâ-kitimâkêyimiskik,"" itik.","His grandmother told him as follows: “My grandson, even though I have taught young men in this same way, they did not follow my instructions, and therefore, went, one after another, to their ruin. If you heed my words, you will fare well; but if he dissuades you to whom you will come, he will destroy you,” she told him; “At any rate, carry this on your person,” she told him, giving him the skin of a beaver-owl; “This thing, my grandson, you will keep for four nights. If he does not destroy you, when you are sleepy, ‘Grandfather, let me lie down a while!’ you will say to him. If he says ‘Yes,’ you will place this thing on your chest. ‘Now then, if my grandfather speaks to you, answer him! I shall sleep. When daylight is near, then wake me!’ you will say to this thing. And this,” she told him, “You will spread under you as you lie,” his grandmother told him, as she gave him her breech-clout; “Only by doing thus will you be able to overcome that old man. And when you are near there, as you go along you will pick up a stick, a stick that is not large. When you have slept twice on the way, you will see water. Not at all will you be able to see where that body of water has its end,” she told him; “And so, after the day is past noon, then you will have come near that lake. It will be level land. You will see a very small rise in the land. To it you will go; there you will seat yourself. When you have seated yourself, there close to the lake you will see a tall man come into view. He will be dressed like a woman. You will not see his feet. When he comes to where you are, ‘Ha, grandson, go back home! The one you have come to fetch you may take home with you,’ he will say to you. At that a handsome white horse will come forth into view. ‘There, this one I give to you. Go home!’ he will say to you. Do you not heed his words. Say this to him: ‘It is not this one I desire,’ you will say to him. Then, ‘Oh, yes, that is true, grandson!’ he will say to you. He will take you back with him to the place from which he came. ‘Go bring the saddle, that you may ride home,’ he will say to you, when you reach his dwelling; ‘Go, grandon, and take it! Go right in! It is a beaded saddle,’ he will tell you. If you take it, persuaded by his speech, that horse will indeed come there. ‘Take him; saddle him’ he will say to you. When you have saddled him, ‘Mount!’ he will tell you; ‘Go home!’ he will tell you. If he persuades you, and you mount, try as you may to depart, that horse will take you off straight to the lake. You will not be able to manage him. In the end he will go under the water. You must wait for a different horse to come up from the water; that one will destroy you,” she told him; “Do not heed his words,” she told him; “Four nights you will stay there. If you heed this which I tell you, you will overcome him, if you stay there four nights. But when you are sitting on that little mound, and he comes walking to where you are, if them you do not heed this which I have told you, he will talk you into acting against your will. ‘Go ahead, walk right in!’ he will tell you. ‘Do you enter first!’ you will say to him. If you persuade him, as he is about to go in, just as he enters the dwelling, with that little stick you will lift up his skirt. You will see his feet. You will see that his feet are like a horse's. ‘Heavens! What do my grandfather's feet look like!’ you will say to him. ‘What do they look like, grandson? Do you mean to say that you see them?’ he will ask you. ‘Yes! Your feet look like horses' hoofs,’ you will answer him. My grandchild, be sure, by all means, to try to see his feet. If you see them, then indeed you will overcome him. But if you do not see them, if you do not do as I now am teaching you, he will overcome you,” she told him; “But if you see his feet, then indeed you will overcome him. Then if you succeed in staying there four nights, then every day he will give you one horse. ‘Go home!’ he will tell you. You will not obey him. It is really only if you defeat him that he will give you those horses. When the fourth night of your stay has passed, ‘Now, grandfather, it is your own horse, the stallion, that I have come to fetch,’ you will say to him. ‘Very well,’ he will answer you. By the door there will be lying an ugly saddle; and the rawhide bridle, strung together of small ends, will be ugly. For these you will ask him. ‘It is those other saddles that are good, and those bridles,’ he will say to you. Do not heed his words. He will defeat you with this one thing, even though you go unharmed through the four nights,” she told him; “If you persuade him this time too, ‘Very well then, grandson; now for my own horse which you have come to fetch!’ he will say to you. Then he will go out of the lodge. He will take that very same ugly saddle and bridle. Then you will follow him. He will stand beside the lake. ‘My horse, come to land!’ he will call. At once the water will rise up high; it will look as if it were boiling. At last a stallion with a bay coat will come out of the water. It will come to the land. It will drag its tail on the ground. And its mane, here, too, will almost reach the ground. When it comes to land, ‘There, grandson, take him!’ he will say to you. Do not obey him. ‘Take him for me!’ you will say to him. When he has taken it, ‘Saddle him for me!’ you will say to him. When he has saddled it, then, ‘Here you are, grandson!’ he will say to you. Do not heed his speech. ‘Put me on his back!’ do you then say to him. If you do this, you will live; you will defeat him. But if you take the horse before he has set you on its back, that horse will destroy you; it will eat you,” she told him; “But if he puts you on its back, then indeed you will come home. Having stayed there four nights, you will win forty horses from that old man. But though again and again I have taken pity on young men and instructed them even in this wise, yet they have not obeyed me. That is why any number of young men have not returned from there, but have been destroyed by him,” she told him; “Very sad is your father, and your mother, and your elder brother, and those your sisters-in-law who are fond of you,” she told him.",literal,literal,False,"The footnote comments on an archaic vowel change in the noun form, a possible recording error, and a preverb; it does not describe any figurative language. Reading the sentence directly shows it is a literal narrative, with embedded similes (e.g., 'like a woman', 'like a horse's feet') used in direct comparison but not the overall nature of the sentence.","[9] LB on êmiskôhôsiwayânisah :  Later in the story we have the transparent form amisk-ôhôsiwayânis pointing to a word * amisk-ôhôw : “beaver-owl,” but I dare not correct the present form, because vowel change in the initial syllable is archaic in Central Algonquian in several noun-formations.
[10] LB on kiy-âti-pimohtêyin :  The kiy- is probably an error of record.
[11] cî as preverb
[12] CHECK kiy-ayayin"
4607,0,sacred-stories-28-the-origin-of-horses-coming-day,na-nipâw wiya awa oskinîkiw.,"But as for the youth, he had a good sleep.",literal,literal,False,"The sentence states plainly that the youth slept well, with no figurative language.","[13] LB's footnote on ôkwâskoniyihk:  If correctly recorded, this shows us the form of the preterit corresponding to indicative kwâskonik : “the other rouses him.” The lengthened form of the stem, kwâskw- for koskw- , would be normal for archaic reduplication kakwâskw- ."
4607,1,sacred-stories-28-the-origin-of-horses-coming-day,"iyikohk ê-kiskêyihtahk ê-wî-wâpahk, awa oskinîkiw ômatowihk okwâskonîyihk ôhi ê-câh-cahkatahokot.","When it perceived that dawn was near, it waked the youth, like this, pecking at him with its beak.",literal,literal,True,Bloomfield's footnote discusses only the verb form of 'ôkwâskoniyihk' and does not indicate any figurative language; the sentence literally describes a bird pecking to wake him.,"[13] LB's footnote on ôkwâskoniyihk:  If correctly recorded, this shows us the form of the preterit corresponding to indicative kwâskonik : “the other rouses him.” The lengthened form of the stem, kwâskw- for koskw- , would be normal for archaic reduplication kakwâskw- ."
4607,2,sacred-stories-28-the-origin-of-horses-coming-day,êkosi isi pêkopayiw; waniskâw.,So he awoke; he rose to his feet.,literal,literal,False,The sentence literally reports that he awoke and stood up.,"[13] LB's footnote on ôkwâskoniyihk:  If correctly recorded, this shows us the form of the preterit corresponding to indicative kwâskonik : “the other rouses him.” The lengthened form of the stem, kwâskw- for koskw- , would be normal for archaic reduplication kakwâskw- ."
4608,1,sacred-stories-28-the-origin-of-horses-coming-day,"â, mâninakisk otay-apihtâwâw omosôma.",All this time he and his grandfather had been sitting up.,literal,literal,True,The footnote corrects the verb form but does not indicate any figurative language; the sentence literally describes sitting up.,"[14] LB's footnote on wây-apihtawâw : Perhaps read oyapihtâwâw ; one expects otây-apihtâwâw , ht-preterit with subject “they”."
4629,0,sacred-stories-28-the-origin-of-horses-coming-day,êkosi kâwi otinamiyiwa ôma aspapiwin.,At that the other took back the saddle.,literal,literal,False,The footnote does not mention figurative language; the sentence simply narrates an action literally.,[15] CHECK if matacimostaw is a simple stem
4629,1,sacred-stories-28-the-origin-of-horses-coming-day,"êkosi mîna ê-mâci-âcimostâkot, ""kîhkîhk ta-nipâw,"" ê-itêyimikot.","Thereupon again he began to tell him tales, thinking, “Whether he likes it or not, he shall sleep.” But he could not possibly grow sleepy, since he slept all the time; it was only the old man who got no sleep. So all day long he told stories.",literal,literal,False,"The footnote does not mention figurative language; the sentence reports speech and thought literally, and 'kîhkîhk' is treated as a literal adverbial meaning 'willy-nilly' without evidence of idiom.",[15] CHECK if matacimostaw is a simple stem
4629,2,sacred-stories-28-the-origin-of-horses-coming-day,"mâka namôya ta-kî-nôhtêhkwasit, ê-nâh-nipât; wiya piko awa kisêyiniw namôya ê-nipât.","At last again darkness fell. When he again grew sleepy, again, [sic] “I want to lie down,” he said to that thing; “Talk to him! I want to sleep!",literal,literal,False,The footnote does not mention figurative language; the sentence states a literal fact about sleepiness.,[15] CHECK if matacimostaw is a simple stem
4629,3,sacred-stories-28-the-origin-of-horses-coming-day,êkosi kapêkîsihkwa âcimôw. piyis mîna tipiskâyiw.,"At the time when you always wake me, then do you wake me,” he said to it, as he lay down, and the old man told tales all night.",literal,literal,False,The footnote does not mention figurative language; the sentence literally describes the passage of time and storytelling.,[15] CHECK if matacimostaw is a simple stem
4634,0,sacred-stories-28-the-origin-of-horses-coming-day,"kêtahtawê kâ-wâpahtahk nipiy mistahi ê-cimatêyik, tâpiskôc ê-ohtêyik, piyis kâ-wâpamât êkota ê-ohci-pêkopêyit misatimwa, ê-pê-kapâyit, ê-mihkwawêyit.","Suddenly he saw the water rise up high, just as if it were boiling, and at last he saw a horse come from that water, and come to shore, a bay horse.",simile,simile,True,"The footnote 'CHECK pekopayit' does not describe figurative language, but the sentence contains the simile marker tâpiskôc ('just as if'), comparing the rising water to boiling.",[16] CHECK pekopayit
4644,0,sacred-stories-28-the-origin-of-horses-coming-day,"""yahô, nitêm ê-miyak ana nôsisim!"" ""kapâ, ê-wî-kîwêhtahisk!"" itwêyiwa.","“Ho there, I am giving my horse to my grandson! Come to land; he means to take you home with him!” said he.",literal,literal,True,"The footnote discusses the grammatical form of 'nitêm' as a possible vocative and the invariable inflection of 'miyêw', without indicating any figurative meaning.","[17] LB on nitêm :  Perhaps nitêm : “my horse” is vocative;  the inflexion of miyêw : “he gives (it, him, them) to the other” does not show the gender, number, or person, etc., of the thing given."
4655,0,sacred-stories-28-the-origin-of-horses-coming-day,"""nôtokêsiw, nitawi-âcimostaw kikosisinaw, osîma ê-takohtêyit!"" ""kotaka oskinîkiwa ta-wîsâmêw, ôma kîkinaw ta-nitawi-mânokêcik ohpimê."" ""apisîs kitayânânaw mihkwêkin."" ""nika-papâ-nitotamân, mîna miyâhkasikana."" ""kî-wîhtamawaci kikosisinaw, mînisa sâpopatâhkan,"" itâw.","“Wife, go tell our son that his younger brother has arrived! Let him invite the other young men to come set up this tent of ours off to one side of the camp. We have a little red cloth. I shall go about asking for some, and for incense grass. When you have told our son, then put the berries into water,” he told her.",literal,literal,False,"The footnote questions the spelling of 'itâw' and does not describe figurative language; the passage consists of literal commands and reported speech with no metaphors, similes, or idioms.",[19] itâw -> itêw ?
4658,0,sacred-stories-28-the-origin-of-horses-coming-day,"miywêyihtam awa oskinîkiw, mîna ôki iskwêwak, wîtimowâwa ê-pmâtisiyit.","The young man was glad, and so were those women glad that their brother-in-law was alive.",literal,literal,False,Footnote does not describe figurative language; sentence is a literal statement of emotions.,[20] check the referents of all the oho's
4658,1,sacred-stories-28-the-origin-of-horses-coming-day,êkosi nitawi-mânokêwak ohpimê.,So they went and put up the tipi off to one side.,literal,literal,False,Literal description of setting up a tipi; no figurative language.,[20] check the referents of all the oho's
4658,2,sacred-stories-28-the-origin-of-horses-coming-day,"iyikohk ê-kîsokêcik, ê-kî-nahastâsocik, êkoyikohk êkwa awa kisêyiniw pêtâw ôhi ka-papâ-nitotamât.","By the time they had finished setting up the tent and arranging the interior, the old man came with the things he had been requisitioning.",literal,literal,False,Literal narration of sequential actions; no metaphor or idiom.,[20] check the referents of all the oho's
4658,3,sacred-stories-28-the-origin-of-horses-coming-day,"mitoni ê-kîsokêcik, êkoyikohk nâha oskinîkiw pê-itohtêw.","When they had the tent all in good shape, then that youth came from yonder place.",literal,literal,False,Literal description of the youth arriving; no figurative expression.,[20] check the referents of all the oho's
4658,5,sacred-stories-28-the-origin-of-horses-coming-day,"êkwa ê-pîhtokêt, ê-miyâhkasikêwiht, miywêyihtamwak ôki ayisiyiniwak ê-takosiniyit oskinîkiwa.","Then, when he came into the tent, and the incense was being burned for him, those people rejoiced that the young man had arrived.",literal,literal,False,Literal account of the young man entering and people rejoicing.,[20] check the referents of all the oho's
4658,6,sacred-stories-28-the-origin-of-horses-coming-day,"pôti tahto kêkway kâ-nitawêyihtahk astêyiwa, êkwa kisêyiniwa ê-nitomât, ôho mînisâpoy ta-mîciyit, mîna ta-pîhtwâyit, ê-kiskinôhamawât ôhtâwiya ôma mînisâpoy omosôma ê-nîminamawâyit, mîna ê-itâskonikêyit, mâka tahto ita kâ-apicik ê-mîcicik ôhi mînisâpoya.","And there were all the things he wanted; so now he called the old men to eat the stewed berries and to smoke, and he instructed his father to raise aloft those stewed berries to his grandfather, and to hold the stem of his pipe in that direction, but that all those who sat there were to eat those stewed berries.",literal,literal,False,Literal description of ceremonial instructions and actions.,[20] check the referents of all the oho's
4658,7,sacred-stories-28-the-origin-of-horses-coming-day,"namôya nitomêw ôhi kâ-kî-tahkamikot ostêsa; namôya pê-itohtêyiwa, ê-astâhât, ê-kostikot.","He did not summon that elder brother of his who had stabbed him; and he did not come, for he stood in awe of him and feared him.",literal,literal,False,Literal statement about not summoning his brother and the brother's fear; 'stood in awe' is a common dead metaphor treated as literal here.,[20] check the referents of all the oho's
4658,8,sacred-stories-28-the-origin-of-horses-coming-day,"êkosi ê-kîsi-mîcicik mînisa, êkoyikohk êkwa wayawîw, ê-nâtât otêma.","Then, when they had done eating the berries, then he went out of the tent, and fetched his horses.",literal,literal,False,Literal description of leaving and fetching horses.,[20] check the referents of all the oho's
4658,9,sacred-stories-28-the-origin-of-horses-coming-day,"êkwa ê-pê-kîwêhtahât, kahkiyaw ê-pê-askôkot misatimwa, mistahi miywêyihtamwak ayîsiyiniwak, nama wîhkâc êkotôwahk ê-kî-wâpamâcik ôhi misatimwa.","Then, when he came bringing them, and all the horses followed at his heels, those people greatly rejoiced, for never had they seen anything like those horses.",idiom,idiom,False,"'Followed at his heels' is a conventional idiom meaning 'followed closely', not a literal statement about heels.",[20] check the referents of all the oho's
4658,10,sacred-stories-28-the-origin-of-horses-coming-day,mistahi mâmaskâtêwak êsinâkosiyit; ayis êkwêyâk wâpamêwak.,They wondered greatly at their appearance; for this was their first sight of them.,literal,literal,False,Literal expression of wonder at the horses' appearance.,[20] check the referents of all the oho's
4659,0,sacred-stories-28-the-origin-of-horses-coming-day,"êkota ê-takohtahât, êkwa ôhi miyâhkasikana ê-saskahahk, tâpiskôc ê-tisamânihkêt, ê-miyâhkasamawât misatimwa, tahto ôhi oskinîkiwa êkota ê-ayâyit, ""wîcôhkamawik;"" ""ôhi miyâhkasikana saskamohihkok misatimwak,"" ê-itât.","When he had brought them there, he lit those strands of incense grass, just as if he were making a cloud of smoke, as an incense offering to the horses; and to as many youths as were there, “Help me; put these incense strands into the horses' mouths,” he said.",simile,simile,False,"The footnote defines the verb tisamânihkêw literally as 'he makes smudge'; however, the Cree sentence uses the simile marker tâpiskôc ('like/as if') to compare lighting incense grass to making a cloud of smoke, making it a simile.",[21] LB on êh-tisamânihkêt : tisamânihkêw : “he makes smudge (thick smoke) to drive off insects.”
4663,0,sacred-stories-28-the-origin-of-horses-coming-day,"ê-wî-atamiskâkot ôhi wîtimwa, namôya tâpwêhtawêw.","When his sister-in-law would greet him, he paid no attention to her.",literal,literal,True,Bloomfield's footnote explains the literal meaning of 'atamiskâkot' as implying shaking hands; no figurative language is identified.,[22] LB on ê-wîh-atamiskâkot :  In ordinary use this word implies shaking hands;  I do not know whether this is always the case.
4669,0,sacred-stories-28-the-origin-of-horses-coming-day,"""wah, namôya, nistêsê! nikiskêyihtên iyikohk ê-kî-kitimâkêyimiyêk."" ""tâpwê ê-itohtêyân, kîkiwâhk ê-pîhtokêyân, pêyakwapiw kiwîkimâkan."" ""kâwi ê-wî-wayawiyân, 'pita mîciso,' nititik."" ""'osâm kipêyakon,' nititâw."" ""'nâ, namôya nânitaw ê-pêyakwapiyân, iyikohk ê-kitimâkêyimitâhk.'"" ""tâpwê ninahapin, êkwa ê-asamit."" ""ê-kîsi-mîcisoyân, ê-wî-pasikôyân, 'pita ka-sîkahotin,' nititik."" ""'osâm kipêyakwapin,' nititâw."" ""ê-wî-ati-wayawiyân, nikipiskâk iskwâhtêmihk."" ""'nîtim, nôcîhkawin,' nititik;"" ""'tâpwêhtawiyini, iyikohk kâ-kitimâkêyimitân, ayiwâkês ka-miyopamihitin.'"" ""'nâ, mwâsi nika-kî-tôtên!'"" ""'osâm nikitimâkêyimik nistês,' nititâw."" ""'itâp namôya ta-kiskêyihtam,' nititik."" ""êkosi isi ê-îkatêkâpawit, êkosi nipê-wayawîn."" ""ninêpêwisin, tâpiskôc nikâwiy ê-itêyimakik kahkiyaw nîtimwak, iyikohk ê-kitimâkêyimicik,"" itêw; ""êwako ohci kinwêsk êkâ kâ-ôh-kî-pîhtokêyân kîkiwâhk, ê-kî-nêpêwihit awa kâ-apit."" ""hâh, êkosi êwako kâ-wî-kiskêyihtamân, 'tânêhki kâ-ôh-kî-tôtawit?' ê-itêyimitân."" ""hâw, awa ôta kâ-sakahpisot kîwêhta, ê-miyitân,"" itêw.","“Dear me, no, brother! I know how much you loved me. It is true that when I came and entered your tipi your wife was sitting alone. When I wanted to go out again, ‘First eat,’ she told me. ‘No, you are alone in the tent,’ I said to her. ‘Oh, it does not matter that I am alone, seeing how fond we are of you.’ So I sat down and she gave me food. When I had eaten, and was rising to my feet, ‘First let me comb your hair,’ she said to me. ‘No, you are alone in the tent,’ I said to her. When I tried to go out, she blocked me in the doorway. [no translation] she said to me; ‘If you do as I ask, much as I have loved you, I shall take even better care of you.’ ‘Why, how could I do such a thing? My brother is so good to me,’ I said to her. ‘He does not need to know of it,’ she answered me. Then, when she stepped aside, I came out. I was embarrassed, for I looked upon all my sisters-in-law even as upon my mother, when they were so good to me,” he told him; “It was for this reason that for a long time I did not come into your tent, because she who sits here had put me to shame. Well, this is what I wanted to know, for, ‘Why has he done this to me?’ was my thought concerning you. Now then, take home with you the animal that is tethered here; I give him to you,” he told him.",simile,simile,False,"The long narrative includes an explicit comparison using tâpiskôc ('even as'): 'tâpiskôc nikâwiy ê-itêyimakik' (I looked upon them even as upon my mother), which is a simile. The footnote only directs checking specific lexical items and provides no indication of figurative language.","[23] CHECK mwêsi
[24] check kêh-"
4674,0,sacred-stories-28-the-origin-of-horses-coming-day,"êkota ê-kî-nahapicik, ""mistahi êcika ôma ê-kakêpâtisiyan!"" ""kiya êcika ôma kititêyihtamôwin!"" ""nikitimâkêyimâh nisîm!"" ""kêkâc kâ-kî-nipahtwâsoyân!"" itêw, môhkomân ê-otinahk, ê-ta-tahkamât, ê-nipahât owîkimâkana.","When they had sat down there, “And so it appears that you are of a most evil nature! It appears that you were the one who had that desire! Remember, I loved my little brother! And here I came near killing what was dear to me!” he said to her, and taking a knife, stabbed her repeatedly, and killed her.",literal,literal,False,"The footnote only instructs to check the word 'kiteyihtamowin' and provides no description of figurative language. The sentence appears to be a straightforward narrative with no metaphors, similes, or idioms.",[25] CHECK kiteyihtamowin
4678,0,sacred-stories-28-the-origin-of-horses-coming-day,"êkosi êkwa ê-iskwâk âtayôhkêwin, âcimowin.","This, now, is the end of the sacred story, of the story.",literal,literal,True,"The footnote describes the informant's self-correction in word choice, not any figurative language; the sentence is a straightforward statement.","[26] LB on âcimowin :  After using the right word, informant corrects himself, substituting the wrong one."
4696,0,sacred-stories-30-partridge-and-quail-adam-sakewew,"êkwa kîtahtawê nâpêsisak, ê-ispatinâyik, nâtakâm ohci matâwisiw nâpêsis pêyak; êkwa pêyak itê ê-pahkisimohk isi kotak mîna êwako nâpêsis, cacêkahkwâna ê-takonahkik, ispatinâhk ê-itohtêcik.","Then at one time some boys, from over a hill, from the north, a boy came into sight, and another one, also a boy, from the west, and they carried throwing-sticks in their hands, and walked to a rise in the land.",literal,literal,False,"Bloomfield's footnote explains the word 'cacêkahkwânah' as referring to small darts used in a game, which is a literal cultural description, not figurative language. The sentence is a straightforward narrative of boys carrying throwing-sticks.","[1] LB on cacêkahkwânah :  The word cikahkwân : “lance,” (plural -ah , or reduplicated cacêkahkwânah ) is used also of small darts with which boys played a game:  one threw his dart so that it stuck upright in the ground, and the opponent tried to throw his so as to split the other. The same word in animate gender (plural -ak ) is used of the girls' and women's gambling toy which consists (seen on Star Blanket Reserve) of four slabs of wood shaped like a knife-blade with surfaces slightly convex, and measuring perhaps 8 by 3 inches.  On one side of two slabs are bear-tracks; on one side of the other two, weasel-tracks.  The four slabs are grasped in one hand and tossed; the throw counts according to the combination of bear-tracks, weasel-tracks, and blanks that turn up."
4696,1,sacred-stories-30-partridge-and-quail-adam-sakewew,"ê-âmaciwê-cikahkwêt kotak mîna, kâ-pimakotêyik cikahkwân. wâpahtam awa nistam kâ-âcimak.","When one of them, the second one, threw a throwing-stick up the hill, [sic] and it sped through the air, the one of whom first I spoke, saw it.",literal,literal,False,"The footnote discusses the meaning of throwing-sticks/darts, not figurative language. The sentence describes throwing a stick literally.","[1] LB on cacêkahkwânah :  The word cikahkwân : “lance,” (plural -ah , or reduplicated cacêkahkwânah ) is used also of small darts with which boys played a game:  one threw his dart so that it stuck upright in the ground, and the opponent tried to throw his so as to split the other. The same word in animate gender (plural -ak ) is used of the girls' and women's gambling toy which consists (seen on Star Blanket Reserve) of four slabs of wood shaped like a knife-blade with surfaces slightly convex, and measuring perhaps 8 by 3 inches.  On one side of two slabs are bear-tracks; on one side of the other two, weasel-tracks.  The four slabs are grasped in one hand and tossed; the throw counts according to the combination of bear-tracks, weasel-tracks, and blanks that turn up."
4696,2,sacred-stories-30-partridge-and-quail-adam-sakewew,"mîna kîhtwâm cikahkwêw, kotak mîna kâ-pimakotêyik.","Again he threw a dart, and it, too, flew through the air.",literal,literal,False,"No figurative language; throwing a dart is described literally. The footnote is about the dart's cultural reference, not metaphor.","[1] LB on cacêkahkwânah :  The word cikahkwân : “lance,” (plural -ah , or reduplicated cacêkahkwânah ) is used also of small darts with which boys played a game:  one threw his dart so that it stuck upright in the ground, and the opponent tried to throw his so as to split the other. The same word in animate gender (plural -ak ) is used of the girls' and women's gambling toy which consists (seen on Star Blanket Reserve) of four slabs of wood shaped like a knife-blade with surfaces slightly convex, and measuring perhaps 8 by 3 inches.  On one side of two slabs are bear-tracks; on one side of the other two, weasel-tracks.  The four slabs are grasped in one hand and tossed; the throw counts according to the combination of bear-tracks, weasel-tracks, and blanks that turn up."
4696,3,sacred-stories-30-partridge-and-quail-adam-sakewew,"awa nistam kâ-âcimak nâpêsis âmaciwêw, ocikahkwân ê-nâtahk.",The boy of whom I spoke first went up the hill to fetch his dart.,literal,literal,False,Going up the hill to fetch a dart is literal action. The footnote does not indicate any figurative meaning.,"[1] LB on cacêkahkwânah :  The word cikahkwân : “lance,” (plural -ah , or reduplicated cacêkahkwânah ) is used also of small darts with which boys played a game:  one threw his dart so that it stuck upright in the ground, and the opponent tried to throw his so as to split the other. The same word in animate gender (plural -ak ) is used of the girls' and women's gambling toy which consists (seen on Star Blanket Reserve) of four slabs of wood shaped like a knife-blade with surfaces slightly convex, and measuring perhaps 8 by 3 inches.  On one side of two slabs are bear-tracks; on one side of the other two, weasel-tracks.  The four slabs are grasped in one hand and tossed; the throw counts according to the combination of bear-tracks, weasel-tracks, and blanks that turn up."
4719,0,sacred-stories-30-partridge-and-quail-adam-sakewew,"""êhêêê hêy hêy hêy!"" êkosi itwêw.",“Heyeyeyey hey hey hey!” he cried.,literal,literal,False,"The footnote only describes the phonetic detail of the interjection, not any figurative language; the sentence literally reports a cry.",[2] LB on êhêêê :  This and similar calls are made with lip-rounding at the end.
4738,0,sacred-stories-30-partridge-and-quail-adam-sakewew,"""hâw, êkwa wiyâsa kita-asa kita-âwatâwak kôhtâwiy kikâwiy, mîna ta-mîciyêk kita-otinahkik."" ""kahkiyaw matokahpihk têsipicikana kâ-ayâki, êkota kita-ati-akotâwak wiyâsa, mîna ôta kitêsipicikaniwâhk tâni ana ê-wiyinoyit, êwakoni kita-otinêwak, wiyâsa kita-otinahkik, ta-mîcicik!"" itwêw awa nâpêsis kâ-osâmiconisit; ""êkosi tôtahkwâwi, êkâ paspâpitwâwi, tahki êkosi kita-isi-miyopayiw."" ""mâka wiya paspâpitwâwi, namôya ta-miyopayiw."" ""kiyâm awa pihêwokas nâcipahâci, pêyakwan kita-ispayiw, êkâ paspâpitwâwi kôhtâwiy kikâwiy mîna."" ""nîswâw kî-nâcipahâci pihêwokas, êkoyikohk êtokê ta-kî-nîpinisinâniwiw."" ""wiyâs mistahi kika-ayânâwâw."" ""namôya tâpwê awâsis awa pihêwokas."" ""niya mîna, ê-kitimâkêyimitâhk, ê-nôhtêhkatêyêk, kâ-ôh-pê-itohtêyâhk kîkiwâhk,"" itêw; ""wîhtamôwâhkan kôhtâwiy kikâwiy: mîna wâpahki ta-nâcipahâw pihêwokas."" ""êkota ohci nânitaw nêwo-tipiskâk mîna ta-nâcipahâw."" ""piyisk mistahi kika-ayânâwâw mîciwin,"" itêw owîkimâkana.","“There now, now let your father and mother go fetch the meats, and let them take some for you to eat. On all the drying-frames that are on the camp-site let them hang the meats, and for this drying-frame of yours let them take the fattest one, to provide meat for them to eat!” said the boy who was a prattler; “If they do this way and do not peep, things will always go as well as this. But if they peep, things will not go well. Even if Partridge-Claw here drives buffalo, things will go just as well, if only your father and your mother do not try to look. By the time Partridge-Claw has had two turns at driving in buffalo, there will be enough, I guess, for a stay over the summer. You will have a big supply of meat. This Partridge-Claw is not really a child. And I, too; because we felt sorry for you when you were starving, is why we came to your dwelling,” he told her; “Tell your father and mother: tomorrow again Partridge-Claw is to drive buffalo. Some four days after that he is to drive them again. In the end you will have a big supply of food,” he told his wife.",literal,literal,False,"The footnote only notes to check the form 'kit-âsah' and does not describe figurative language; the entire passage consists of literal instructions, predictions, and statements with no metaphor, simile, or idiom.",[3] CHECK kit-âsah
4754,1,sacred-stories-30-partridge-and-quail-adam-sakewew,"iyâta-pimohci awa pihêw, ohpihâw.","Although the partridge was shot at, it flew up.",literal,literal,False,"The sentence describes the partridge flying up after being shot at, a literal action with no figurative language. The footnote does not pertain to this sentence.","[4] LB on êh-âta :  Probably read iyâta- ;  in either case we have a verb-form which is not finished, but is re-commenced in the wâh- of the next word."
4754,3,sacred-stories-30-partridge-and-quail-adam-sakewew,êkosi ôki awâsisak nôsôskawêwak mihcêt.,So the children chased it hard.,literal,literal,False,"The sentence literally states the children chased the partridge hard, with no idiom, metaphor, or simile. The footnote does not apply.","[4] LB on êh-âta :  Probably read iyâta- ;  in either case we have a verb-form which is not finished, but is re-commenced in the wâh- of the next word."
4754,4,sacred-stories-30-partridge-and-quail-adam-sakewew,"kîtahtawê wâhyaw ê-itohtahât, sôskwâc ohpahôw.","Presently, when he had drawn them off a long ways, suddenly he flew up.",literal,literal,False,"The sentence literally describes the partridge drawing the children off and flying up suddenly, with no figurative language. The footnote is irrelevant.","[4] LB on êh-âta :  Probably read iyâta- ;  in either case we have a verb-form which is not finished, but is re-commenced in the wâh- of the next word."
4754,5,sacred-stories-30-partridge-and-quail-adam-sakewew,"itê kâ-kî-nakatât owîcêwâkana, êkota twêhôw.","There where he had left his comrade, he came down.",literal,literal,False,"The sentence literally states the partridge came down where he had left his comrade, a plain narrative. The footnote is not about this sentence.","[4] LB on êh-âta :  Probably read iyâta- ;  in either case we have a verb-form which is not finished, but is re-commenced in the wâh- of the next word."
4754,7,sacred-stories-30-partridge-and-quail-adam-sakewew,êkwa mitihtêwak ôhi awâsisa.,Then they followed those children's tracks.,literal,literal,False,"The sentence literally says they followed the children's tracks, with no non-literal meaning. The footnote does not pertain here.","[4] LB on êh-âta :  Probably read iyâta- ;  in either case we have a verb-form which is not finished, but is re-commenced in the wâh- of the next word."
4754,9,sacred-stories-30-partridge-and-quail-adam-sakewew,"iyikohk ê-pê-kîwêcik ôki awâsisak, nâh-nakiskawêwak.","When those children were coming home, they began meeting them one after another.",literal,literal,False,The sentence literally describes the children meeting others as they came home; no figurative language is present. The footnote is not related.,"[4] LB on êh-âta :  Probably read iyâta- ;  in either case we have a verb-form which is not finished, but is re-commenced in the wâh- of the next word."
4754,10,sacred-stories-30-partridge-and-quail-adam-sakewew,"kwâhkonikwak, ê-kipiskawâcik.",The children pushed them over and blocked their way.,literal,literal,False,"The sentence literally narrates the children pushing others over and blocking their way, with no idiom or metaphor. The footnote does not apply.","[4] LB on êh-âta :  Probably read iyâta- ;  in either case we have a verb-form which is not finished, but is re-commenced in the wâh- of the next word."
4754,11,sacred-stories-30-partridge-and-quail-adam-sakewew,nâway ayâwak; ayis konita itê isi-kwâhkonikwak.,They were in the rear; for at every point the others pushed them over.,literal,literal,False,The sentence literally explains that they were in the rear because they were pushed over at every point; no figurative language. The footnote is irrelevant.,"[4] LB on êh-âta :  Probably read iyâta- ;  in either case we have a verb-form which is not finished, but is re-commenced in the wâh- of the next word."
4754,12,sacred-stories-30-partridge-and-quail-adam-sakewew,"ê-âta wâh-pasikôtwâwi, kotaka ê-kwâhkonikocik, piyisk nâway ayâwak.","Whenever they tried to get on their feet, others pushed them over, until they were in the rear.",literal,literal,True,"The sentence literally describes failed attempts to stand and being pushed over; the footnote comments on the verb form 'ê-âta' as a grammatical point, not figurative language, so the sentence remains literal.","[4] LB on êh-âta :  Probably read iyâta- ;  in either case we have a verb-form which is not finished, but is re-commenced in the wâh- of the next word."
4754,13,sacred-stories-30-partridge-and-quail-adam-sakewew,"ê-ati-tipiskâyik, wâpahtamwak nôtokêsiwa wîkisiyiw, wîstêpahkwayikamik.","When night came on, they saw an old woman's little tent, a tipi of old bits of leather.",literal,literal,False,"The sentence literally states that at nightfall they saw an old woman's tent; no metaphor, simile, or idiom is used. The footnote does not apply.","[4] LB on êh-âta :  Probably read iyâta- ;  in either case we have a verb-form which is not finished, but is re-commenced in the wâh- of the next word."
4768,0,sacred-stories-30-partridge-and-quail-adam-sakewew,"""êkosi, nôsisimitik!"" ""ôta awa okimâw otânisa, 'awiyak nitawi-minahtâci ôma nitôtênaw, êwako nika-onahâhkisîmin,' ê-itwêt,"" ""pêyak âta âskaw wâh-wîhkâc nipahêw okwâskwêpayihôsa; mâka namôya kî-têpêyihtamwak ayîsiyiniwak."" ""osâm apisîs, ê-mihcêtihk,"" itwêw awa nôtokêsiw; ""nôsisê, niwî-kawisimon."" ""itâp êkota nika-mîcison,"" itwêw awa nôtokêsiw.","“Thank you, my grandsons. Now, the chief here, concerning his daughter, ‘If anyone kills game for my town here, him I shall take for my son-in-law,’ he has said, but, though from time to time one or another kills a deer, yet the people do not get enough to go round. It is too little, what with the great number of them,” said the old woman; “Now, grandson, I want to lie down. Now I shall be able to sleep,” said the old woman.",literal,literal,False,"The footnote only discusses a possible new transitive animate verb form (kîh-têpêyiht-âwak), not figurative language. The sentence is literal speech and narration.",[5] CHECK: kih-têpahotôwak .  Is this a new TA kîh-têpêyiht-âwak ?
4809,1,sacred-stories-30-partridge-and-quail-adam-sakewew,"pêyakwaniyiw ê-tôtahk, ê-mâwacihtât mostoso-mêya; pêyakwaniyiw ê-isi-têpwâtât.","He did as before, collecting buffalo-dung; as before, he whooped at them.",literal,literal,False,The footnote does not pertain to this sentence; the description of collecting dung and whooping is literal.,"[6] LB on paspaskiw :  I here translate pihyêw : “partridge,” and paspaskiw : “quail,” arbitrarily, for I could not identify the birds;  interpreters say partridge for both.  The brother here called paspaskiw was above named pihêwokas ."
4809,5,sacred-stories-30-partridge-and-quail-adam-sakewew,"mâkohik ê-sakiskamiyit ôhi mostoswa wataniya, paspaskiw kâ-itâyahk ê-êkotôwiwit awa kâ-kiyâmêwisit.","The buffalo pressed him close, stepping on his bird-tail, for the creature which we call the quail, that was the form the bashful one had taken.",literal,literal,True,Footnote [6] explains the arbitrary translation of bird names (paspaskiw) but indicates no figurative language; the bird-tail reference is literal given the character’s form.,"[6] LB on paspaskiw :  I here translate pihyêw : “partridge,” and paspaskiw : “quail,” arbitrarily, for I could not identify the birds;  interpreters say partridge for both.  The brother here called paspaskiw was above named pihêwokas ."
4809,6,sacred-stories-30-partridge-and-quail-adam-sakewew,"hâw, ê-astâhamâmiht ôhi mostoswa, nama kî-sêkopayihôw; kîsinâtakocin; sâpo-pimohtêw.","Then, when things were waved to drive on the buffalo, he found no place to go; he hung helpless in the air; he went past the herd.",literal,literal,False,Footnote does not apply; 'hung helpless in the air' is a literal description of a bird’s stalled flight.,"[6] LB on paspaskiw :  I here translate pihyêw : “partridge,” and paspaskiw : “quail,” arbitrarily, for I could not identify the birds;  interpreters say partridge for both.  The brother here called paspaskiw was above named pihêwokas ."
4809,7,sacred-stories-30-partridge-and-quail-adam-sakewew,"ê-wî-âta-pakicît, nama kî-pakicîw.","Although he wanted to come to earth, he was not able to.",literal,literal,False,Literal statement of the character’s inability to land.,"[6] LB on paspaskiw :  I here translate pihyêw : “partridge,” and paspaskiw : “quail,” arbitrarily, for I could not identify the birds;  interpreters say partridge for both.  The brother here called paspaskiw was above named pihêwokas ."
4809,8,sacred-stories-30-partridge-and-quail-adam-sakewew,"iyâyaw ê-nîpisîhkopâyik, iyâyaw êkotê ispihâw.","Hastily to a clump of willows, hastily he flew up and thither.",literal,literal,False,Literal description of flying toward willows.,"[6] LB on paspaskiw :  I here translate pihyêw : “partridge,” and paspaskiw : “quail,” arbitrarily, for I could not identify the birds;  interpreters say partridge for both.  The brother here called paspaskiw was above named pihêwokas ."
4809,9,sacred-stories-30-partridge-and-quail-adam-sakewew,kîtahtawê kêkway ispimihk kâ-ôh-pêtôwêkotêyik.,All at once something came bearing down with noise through the air.,literal,literal,False,Literal description of something approaching noisily through the air.,"[6] LB on paspaskiw :  I here translate pihyêw : “partridge,” and paspaskiw : “quail,” arbitrarily, for I could not identify the birds;  interpreters say partridge for both.  The brother here called paspaskiw was above named pihêwokas ."
4809,10,sacred-stories-30-partridge-and-quail-adam-sakewew,nama kî-itâpiw; pimi-tâwikipayihik.,He had not time to look that way; it came and struck him.,literal,literal,False,Literal statement that he lacked time to look and was struck.,"[6] LB on paspaskiw :  I here translate pihyêw : “partridge,” and paspaskiw : “quail,” arbitrarily, for I could not identify the birds;  interpreters say partridge for both.  The brother here called paspaskiw was above named pihêwokas ."
4809,12,sacred-stories-30-partridge-and-quail-adam-sakewew,pêyakwanohk wâskâhakociniyiwa.,In one place that other creature circled round in the air.,literal,literal,False,Literal description of a creature circling in the air.,"[6] LB on paspaskiw :  I here translate pihyêw : “partridge,” and paspaskiw : “quail,” arbitrarily, for I could not identify the birds;  interpreters say partridge for both.  The brother here called paspaskiw was above named pihêwokas ."
4818,0,sacred-stories-30-partridge-and-quail-adam-sakewew,"""ôta nitawâc kiyi-pakosihâwak ayîsiyiniwak!"" ""namôya ka-kî-kwêskimon!"" ""kâsiyâpi; kika-wâpin anima!"" itêw.","“Here needs you will beg from human men! You will not be able to change your form! Wipe your face, you will have sight!” he said to it.",literal,literal,False,The footnote is incomplete and does not describe figurative language; the sentence is a series of direct statements with no non-literal expressions.,[7] CHECK kiya-...
4828,0,sacred-stories-31-hell-diver-mrs-maggie-achenam,sihkihp nôhtê-ayîsiyinîwiw.,Hell-Diver wanted to be a man.,literal,literal,False,"The sentence describes a desire to become human in plain terms, with no figurative comparison or idiom.",[1] LB on oskihtêpakwah :  Probably wrong; the translation is a guess.
4828,1,sacred-stories-31-hell-diver-mrs-maggie-achenam,kêtahtawê osîhtâw otâsa oskihtêpakwa ohci.,Once upon a time he made some breeches for himself out of cedar bark.,literal,literal,True,The sentence describes making breeches from cedar bark literally; the footnote only notes lexical uncertainty about 'oskihtêpakwah' and does not indicate figurative language.,[1] LB on oskihtêpakwah :  Probably wrong; the translation is a guess.
4828,2,sacred-stories-31-hell-diver-mrs-maggie-achenam,"êkwa ocahcâpiya osîhêw, acosisa mîna.",Also he made himself a bow and arrows.,literal,literal,False,"The sentence straightforwardly states he made a bow and arrows, with no non-literal elements.",[1] LB on oskihtêpakwah :  Probably wrong; the translation is a guess.
4828,3,sacred-stories-31-hell-diver-mrs-maggie-achenam,êkwa itohtêw nêhiyânâhk ôta ôma.,Then he went to this Cree country here.,literal,literal,False,"The sentence is a literal statement about going to the Cree country, without figurative devices.",[1] LB on oskihtêpakwah :  Probably wrong; the translation is a guess.
4828,4,sacred-stories-31-hell-diver-mrs-maggie-achenam,ayîsiyiniwa wâpamêw; itohtêw.,He saw people; he went there.,literal,literal,False,"The sentence reports seeing people and going there in a plain, literal manner.",[1] LB on oskihtêpakwah :  Probably wrong; the translation is a guess.
4829,0,sacred-stories-31-hell-diver-mrs-maggie-achenam,"""tânisi ôma ê-itiskêyan?""",“What are you after here?”,literal,literal,False,"Bloomfield's footnote asks about a verb form, not figurative usage; the sentence is a straightforward question.",[2] Is this the same verb as the one I thought earlier might be “atoske”?
4924,0,sacred-stories-32-hell-diver-coming-day,"kîtahtawê kâ-pêhtahkik ôki iskwêwak, ""kinêpêwimâw sihkihp!","Presently those wives heard, “You are embarrassing Hell-Diver by the way you address him!",literal,literal,True,"The footnote only clarifies the verb form and its literal meaning 'he shames him by speech', which is used literally here to describe shaming through address; no figurative language is indicated.",[1] LB's footnote on kinêpêmâwâw : Thus the record here and below; the usual form is nêpêwimêw : “he shames him by speech”.
4924,1,sacred-stories-32-hell-diver-coming-day,"'mîkisiyiniw,' itihk!""",Call him Wampum-Man!”,literal,literal,False,This sentence is a simple command to call someone by a name; no figurative language is present.,[1] LB's footnote on kinêpêmâwâw : Thus the record here and below; the usual form is nêpêwimêw : “he shames him by speech”.
5017,0,sacred-stories-33-the-foolish-maiden-mrs-maggie-achenam,mîcisôw êkwa wîhtikôw.,The windigo began to eat.,literal,literal,False,Plain narrative of action; footnote does not apply here.,[1] CHECK mi-mayaw
5017,2,sacred-stories-33-the-foolish-maiden-mrs-maggie-achenam,ihkêyihtam êkâ ma-mayaw ê-takohtêyit ôhkoma.,He was impatient becuase his grandmother was not coming promptly.,literal,literal,True,Footnote [1] checks the word 'ma-mayaw' but does not describe figurative language; the sentence states impatience literally.,[1] CHECK mi-mayaw
5017,4,sacred-stories-33-the-foolish-maiden-mrs-maggie-achenam,"êkwa ê-otihtahk, pôti ôma ôhkoma ospitoniyiw kâ-pahkihtiniyik.","When he came thee, behold, there his grandmother's arm fell to the ground.",literal,literal,False,Literal description of discovery; footnote does not apply.,[1] CHECK mi-mayaw
5051,0,sacred-stories-33-the-foolish-maiden-mrs-maggie-achenam,kêtahtawê kâ-sipwêhtêt mîna kîhtwâm.,After a time she set out again.,literal,literal,False,"No figurative language detected; the footnote only comments on the story's obscurity, not on any figurative expression.",[3] LB:  From here on the story is obscure.
5051,1,sacred-stories-33-the-foolish-maiden-mrs-maggie-achenam,wâwâskêsiwa kwâsihik.,A stag took her away with him.,literal,literal,False,"No figurative language detected; the footnote only comments on the story's obscurity, not on any figurative expression.",[3] LB:  From here on the story is obscure.
5051,2,sacred-stories-33-the-foolish-maiden-mrs-maggie-achenam,"êkwa pakwâtamiyiwa ê-kwâsihikot, kotaka mîna pisiskiwa.",He did not like it when in turn other animals took her away.,literal,literal,False,"No figurative language detected; the footnote only comments on the story's obscurity, not on any figurative expression.",[3] LB:  From here on the story is obscure.
5051,3,sacred-stories-33-the-foolish-maiden-mrs-maggie-achenam,êkwa wiya miywêyihtam iskwêw.,But the woman herself liked it.,literal,literal,False,"No figurative language detected; the footnote only comments on the story's obscurity, not on any figurative expression.",[3] LB:  From here on the story is obscure.
5051,4,sacred-stories-33-the-foolish-maiden-mrs-maggie-achenam,onâpêmiw wâwâskêsiwa.,The stag was her husband.,literal,literal,False,"No figurative language detected; the footnote only comments on the story's obscurity, not on any figurative expression.",[3] LB:  From here on the story is obscure.
5051,5,sacred-stories-33-the-foolish-maiden-mrs-maggie-achenam,êkwa ê-wacistwanihkêyit êkota nakatik.,Then he made a nest for her and left her there.,literal,literal,False,"No figurative language detected; the footnote only comments on the story's obscurity, not on any figurative expression.",[3] LB:  From here on the story is obscure.
5051,6,sacred-stories-33-the-foolish-maiden-mrs-maggie-achenam,"ê-kitoyit êkwa wâwâskêsiwa, ê-papâmipahtâyit, sîpâ pêmipahtâyici iskwêwa ê-pimi-kîhkâmikot.","Then when the stag bellowed as he ran about, whenever he ran by below there, the woman taunted him as he went by.",literal,literal,False,"No figurative language detected; the footnote only comments on the story's obscurity, not on any figurative expression.",[3] LB:  From here on the story is obscure.
5051,7,sacred-stories-33-the-foolish-maiden-mrs-maggie-achenam,ayis nama nânitaw kî-isi-kîhcêkosîyiwa ta-pakamahokot.,For he had no way of climbing up there to beat her.,literal,literal,False,"No figurative language detected; the footnote only comments on the story's obscurity, not on any figurative expression.",[3] LB:  From here on the story is obscure.
5051,8,sacred-stories-33-the-foolish-maiden-mrs-maggie-achenam,kêtahtawê kâ-pê-kitoyit kisiwâk êwakoni onâpêma.,"Then at one time, hither came that husband of hers and bellowed.",literal,literal,False,"No figurative language detected; the footnote only comments on the story's obscurity, not on any figurative expression.",[3] LB:  From here on the story is obscure.
5051,9,sacred-stories-33-the-foolish-maiden-mrs-maggie-achenam,"ôta ôma misiwê oy-ocikisiyiwa ê-ispinatimiht, êkwa mitoni ê-wî-nipahâhkatosoyit.","He was all covered with scars here on his body where he had been attacked, and he was lean to the point of starvation.",literal,literal,False,"No figurative language detected; the footnote only comments on the story's obscurity, not on any figurative expression.",[3] LB:  From here on the story is obscure.
5063,0,sacred-stories-34-the-foolish-maidens-and-one-leg-coming-day,êkwa êkota ay-ayâwak pêyakwanohk.,There they stayed on.,literal,literal,False,The footnote only instructs to check the form 'pêyakwanaw' and provides no indication of figurative language; the sentence is a plain statement of staying at a place.,[1] CHECK pêyakwanaw
5077,1,sacred-stories-34-the-foolish-maidens-and-one-leg-coming-day,"ispimihk ôma ê-ayâyêk, ôtê nîhcâyihk ê-kî-ohtohtahikawiyêk,"" itik; ""nôsisê, 'ayîsiyiniwak cî kâ-onâpêmiyâhk,' ê-itêyihtamêk?""","It is up aloft that you are, and from yon place below that you were conveyed,” she told her; “Grandchild, do you think, ‘They are mortal men whom we have as husbands’?”",literal,literal,False,"The footnote discusses the syntax of the interrogative particle cî, not figurative language. The sentence contains no metaphors, similes, or idioms; it is a straightforward statement and question about location and perception.","[3] LB on cî :  The interrogative particle comes near the beginning of the sentence, usually after the first word;  here it is inserted in a quotation of which it does not form a part.  Compare its insertion in the verbal complex immediately below."
5098,1,sacred-stories-34-the-foolish-maidens-and-one-leg-coming-day,"kisiwâk êkwa!"" ê-itikot osîmisa, âhci piko wî-kakwê-itâpiw.","We are near now!” her younger sister told her, but still she longed to take a look.",literal,literal,False,The footnote comments on the grammatical prefix êh- and does not describe any figurative language. The sentence itself narrates a literal statement and desire.,[4] LB on êh- :  Start toward including quotation in verbal complex.
5098,2,sacred-stories-34-the-foolish-maidens-and-one-leg-coming-day,"âta ê-wêwêkistikwânênikot osîma, kîtahtawê pâskipayihow, ê-itâpit. paskipayiyiw ôma kâ-ôh-sakahpisocik.","Although her younger sister held the covering round her head, suddenly she threw off the cover and looked.",literal,literal,False,The footnote is a linguistic note irrelevant to figurative interpretation. The sentence describes physical actions literally.,[4] LB on êh- :  Start toward including quotation in verbal complex.
5098,3,sacred-stories-34-the-foolish-maidens-and-one-leg-coming-day,"nîhcipayiwak êkwa ê-kinosiyit mistikwa, êkota akotâskociniyiw ôma wacistwan.",The string broke by which they were tied. Down they went. The nest caught on a tall tree and hung there.,literal,literal,False,The footnote does not indicate figurative language. The sentence literally describes falling and the nest catching on a tree.,[4] LB on êh- :  Start toward including quotation in verbal complex.
5113,0,sacred-stories-34-the-foolish-maidens-and-one-leg-coming-day,"""nisîmis, êwako êkwa nika-wayêsimâw."" ""wî-wawîwinawisiw êwako,"" itêw.","“Little sister, now I shall cheat this one. This one will be eager to take wives,” she said to the other.",literal,literal,False,The footnote discusses the obscure formation of 'wî-wawîwinawisiw' but does not describe any figurative language; the sentence is translated literally.,"[5] LB on wîh-wawîwinawisiw :  Obscure; perhaps a nonce-formation.  If really derived from wîwah : “his wife” ( nîwah : “my wife,” etc.), perhaps read wîh-owîwinawisiw ;  for the general rule in Central Algonquian is that secondary derivatives of dependent nouns are made from the form with third-person possessor; those in nî-, kî-, wî- prefix o- , e.g., wîstâwah : “his brother-in-law”: uwîstâwiw : “he has (as) a brother-in-law”; and those in nô- , kô- , ô- prefix ow- , e.g. ôhtâwiya : “his father”: owôhtâwiyiw : “he has (as) a father.”  But the Sweet Grass dialect seems to confuse this initial accretion with reduplication, e.g. oyôhtâwiyiw : “he has (as) a father,” cf. below."
5196,0,sacred-stories-34-the-foolish-maidens-and-one-leg-coming-day,"""hê êy, ahpô ici kika-oyôhtâwîmitin, pimâcihiyini!""","“Alas, alas, if you like, I will even take you as my father, if you save my life!”",literal,literal,False,"The footnote only says 'See preceding note' and does not indicate any figurative language; the statement 'take you as my father' is a direct offer of adoption, thus literal.",[6] LB on kik-ôyôhtâwîmitin :  See preceding note.
5205,0,sacred-stories-34-the-foolish-maidens-and-one-leg-coming-day,tâpwê êkota ati-pimohtêw tastawayakap.,"So she went along there, passing through between his legs.",literal,literal,True,"The footnote comments on the literal meaning of 'tastawayakap' as 'between the legs', noting a possible narrative inconsistency, not figurative language.","[7] LB on tastawayakap :  The only meaning I could obtain, “between the legs” does not fit One-Leg.  If it is correct, the narrator has gone astray."
5210,0,sacred-stories-34-the-foolish-maidens-and-one-leg-coming-day,"""kiya ôma kâ-ititân, pêyakokât!"" ""kanika ôta awa ana êkâ wî-kitâpamit!"" ""tâniwâ nîwa?"" ""kititin ôma!"" ""kêkât ka-nipahitin, êkâ kâ-wî-kâ-kitosiyan!"" itêw.","“It is to you I am saying this, One-Leg! Truly he does not even mean to look at me! Where is my spouse! It is you I am asking this! I am ready to kill you, since you do not care to talk to me!” she told him.",literal,literal,False,"The footnote expresses uncertainty about an expression but does not indicate figurative language, and the text is straightforward dialogue with no non-literal expressions.","[8] LB on kanik ôt âw an :  Expression unfamiliar to me, or error of notation; the word division is a guess."
5218,0,sacred-stories-34-the-foolish-maidens-and-one-leg-coming-day,"ôta tastawayakap ê-wî-ati-sîpâsit, ôhi kâ-nayômâyit asiniya pakiciwêpinêyiwa.","When she made to go under between his legs, he dropped the stone which he was carrying.",literal,literal,False,Describes physical actions with no figurative language; the footnote does not reference this sentence.,[9] CHECK kîskiskôhik
5218,1,sacred-stories-34-the-foolish-maidens-and-one-leg-coming-day,mitoni kîskisok âpihtôsiyaw; nipahik êwakoni.,It fell on her and cut her straight through at the middle; it killed her.,literal,literal,True,"The stone cutting her literally through the middle is a factual description; the footnote likely refers to the verb form 'kîskisok' for linguistic checking, not figurative meaning.",[9] CHECK kîskiskôhik
5226,0,sacred-stories-34-the-foolish-maidens-and-one-leg-coming-day,"tâpwê ka kâ-kaskikwâtisôw awa oskinîkiskwêw, êkwa ê-miyohot, ê-nânapâcihot.","So then that young woman kept sewing for herself, and then dressed in good clothes and decked herself out.",literal,literal,True,"Bloomfield's footnote 'CHECK ka' likely refers to the particle 'ka' in this sentence, but does not describe figurative language; the sentence is a plain description of the woman's actions.",[10] CHECK ka
5226,2,sacred-stories-34-the-foolish-maidens-and-one-leg-coming-day,"têkohtêci awa pêyakokât, miywêyihtam ê-kwayâci-paminawasoyit osîma.","Whenever One-Leg came home, he was glad, becuase his sister had already done the cooking.",literal,literal,False,No footnote applies; the sentence describes a literal event.,[10] CHECK ka
5226,3,sacred-stories-34-the-foolish-maidens-and-one-leg-coming-day,êkota ohci mistahi kitimâkêyimêw ôhi osîma.,"Therefore, he became very fond of his sister.",literal,literal,False,No footnote applies; the sentence expresses a literal emotional state.,[10] CHECK ka
5226,4,sacred-stories-34-the-foolish-maidens-and-one-leg-coming-day,"nama wîhkâc wayawîtimihk kêkway nâtamiyiwa, âta ê-pêyakokâtêt.","She never had to fetch anything out of doors, even though he was one-legged.",literal,literal,False,No footnote applies; the sentence is a literal statement about daily life.,[10] CHECK ka
5233,0,sacred-stories-34-the-foolish-maidens-and-one-leg-coming-day,"""nisîm, êkâya wîhkâc wayawî."" ""iyâta-awiyak-wâpamaci, têkohtêci, namôya ka-wayawîn."" ""mihcêtiwak ayîsiyiniwak êkâ katawa ê-itâtisicik,"" itêw.","“Little sister, never go out of doors. Even though you see somebody, even though somebody comes here, you are not to go out of doors. There are many persons of evil ways of life,” he told her.",literal,literal,False,The sentence contains only literal commands and statements; no figurative language is present. The footnote comments on a grammatical feature (pronoun inside verbal complex) and does not pertain to figurative language.,[11] NB pronoun inside verbal complex
5235,0,sacred-stories-34-the-foolish-maidens-and-one-leg-coming-day,"tâpwê kâ-kapê-kîsik pêyakôw awa iskwêw, wiya awa pêyakokât pisisik ê-nitawi-êskêt miskwamîhk.","So daily all day long the woman stayed alone, while One-Leg always went to chop holes out on the ice.",literal,literal,False,The footnote does not describe any figurative language; it is a grammatical query about a different sentence. The sentence is a plain statement of action.,[12] CHECK miyêstinamiyihki :  Another obviative indefinite??
5235,1,sacred-stories-34-the-foolish-maidens-and-one-leg-coming-day,"êkwa wâh-tipiskâki, ê-kîwêt awa pêyakokât, miywêyihtam kâkikê ê-kwayâci-paminawasoyit osîma.","And, just before nightfall, when One-Leg came home, he rejoiced that his sister always had the meal cooked and in readiness at his coming.",literal,literal,False,The footnote does not refer to this sentence or any figurative language. The sentence is a factual description of One-Leg's return and rejoicing.,[12] CHECK miyêstinamiyihki :  Another obviative indefinite??
5235,2,sacred-stories-34-the-foolish-maidens-and-one-leg-coming-day,"mistahi kitimâkêyimêw, piko ê-kakwêcimât ta-mêstinahkik otêyanîyiw, iyikohk miyêstinamihki, êkoyikohk, ""nânapâciho,"" ê-itât osîma.","He took loving care of her, asking her only whether they had used up the tongues, and when they were used up, telling her to put on her finery.",literal,literal,False,The footnote queries the form 'miyêstinamihki' in this sentence but makes no mention of figurative language; it is a purely grammatical note. The sentence relates speech and actions without non-literal expression.,[12] CHECK miyêstinamiyihki :  Another obviative indefinite??
5237,0,sacred-stories-34-the-foolish-maidens-and-one-leg-coming-day,"tâpwê kêtohtâyici, mostoswa pâpayiyiwa, ê-wâskâpayit wîkiwâhk, ê-nôcihât pêyakokât.","Truly, whenever she sounded it, the buffalo came, and circled round thier house, while One-Leg attacked them.",literal,literal,True,Bloomfield's footnote notes the form 'e-wâskâpayiyit' (ê-wâskâpayit) but does not describe any figurative language; the sentence is a literal narrative statement.,[13] ? e-wâskâpayiyit
5237,1,sacred-stories-34-the-foolish-maidens-and-one-leg-coming-day,"iyikohk miyêstinahk wîpisisa, êkoyikohk ê-pôyot, êkosi ê-tapasîyit.","Only when he had used up his arrows did he stop, and then they would run away.",literal,literal,False,"The footnote does not apply, and the sentence describes events literally.",[13] ? e-wâskâpayiyit
5237,2,sacred-stories-34-the-foolish-maidens-and-one-leg-coming-day,"êkosi nîhtakosîw awa iskwêw, ê-otinahk acosisa, êkosi otêyaniya pisisik ê-otinahk.","Then the young woman came down and took up the arrows, and took only the tongues.",literal,literal,False,"The footnote does not apply, and the sentence describes actions literally.",[13] ? e-wâskâpayiyit
5237,3,sacred-stories-34-the-foolish-maidens-and-one-leg-coming-day,"êkosi mâna ôhi kâ-nipahât ê-âpisisiniyit, ê-sipwêhtêyit.",And then always the creatures which he had killed would come back to life and go away.,literal,literal,False,"The footnote does not apply, and the sentence recounts a literal (though supernatural) event.",[13] ? e-wâskâpayiyit
5239,0,sacred-stories-34-the-foolish-maidens-and-one-leg-coming-day,"ômisi itêw osîma: ""nisîmis, wî-takohtêw wîsahkêcâhk."" ""êkâ wiya tawinamawâhkan."" ""namôya kwayask ê-itêyihtahk."" ""osâm mistahi misiwê pêhtâkwaniw ê-kitimâkêyimitân, 'ta-kakwê-misi-wanâtisiwak,' ê-itêyimikawiyahk,"" itêw osîma.","Thus he spoke to his sister: “Little sister, Wisahketchahk will come here. Do not open the door to him. It is no good he has in mind. Too much it is heard everywhere that I take loving care of you: ‘Let an attempt be made to have them go to destruction,’ is the thought concerning us,” he told his sister.",literal,literal,False,"The footnote discusses the motif and origin of names, not figurative language. The sentence is a straightforward warning with no non-literal expressions.","[14] LB:  The whole motif, beginning where One-Leg befriends the young woman, occurs in a Menomini story, in which, however, the mischief-maker is not the Culture Hero, but the rabbit, and “prairie-weeds were his arrows.”  Three facts seem relevant, though I do not know in what relation they stand:  (1) the story is not a typical Culture Hero tale, but one of the few in which he appears as a secondary character;  (2) in general the Culture Here plays a more important part in Menomini thought and story than in Cree;  (3) his name in Menomini is me'napus : “Big-Rabbit,” which may be an adaptation of Ojibwa nânabuc (Cree, easter nânapus , or of some earlier Memomini form.
[15] CHECK pêhtâkaniwiw (seems like AI impersonal)"
5243,0,sacred-stories-34-the-foolish-maidens-and-one-leg-coming-day,"kîtahtawê ômisi itik: ""nisîm, 'nitawi-ispîhci-nôci mostoswak.'"" ""'kisîminaw ta-nitomêw.'"" ""'kêkâc êkwa ta-kîwêyâhk;'"" ""'osâm nama kêkway ta-mîciyâhk kîkisêpâ,' ê-itwêt kistêsinaw,"" itêw.","Then he said to her, “Little sister, ‘Do you meanwhile go hunt buffalo. Our little sister will call them. It is almost time for us to go home; and there is nothing for us to eat in the morning,’ so spoke our big brother,” he told her.",metaphor,metaphor,True,"The footnote explains that 'kistêsinaw' ('our elder brother') is part of a deception, as everyone is actually Wisahketchahk's younger sibling; this is a non-literal, metaphorical use of the kinship term.","[16] LB on kistêsinaw :  “Our elder brother,” part of the deception, since everyone is Wisahketchahk's younger brother or sister, cf. immediately below, where he says nisîm : “my younger brother.”"
5275,1,sacred-stories-34-the-foolish-maidens-and-one-leg-coming-day,"ahpô mâna wâwikaniwâhk twêhôwak, âskaw ostikwâniwâhk mîna,"" itêw.","I even perch on their backs, and sometimes on their heads,” it told him.",literal,literal,False,"The footnote is a textual note about the form of 'twêhôwak', not describing figurative language; the sentence literally describes perching on backs and heads.",[17] CHECK if tiwêhowak is actually an IC tiyêhowak
5287,1,sacred-stories-34-the-foolish-maidens-and-one-leg-coming-day,"ohcitaw ê-nôhtê-nitawi-minihkwêyân."" ""osâm ninêstosin, pêyakwanohk tahki ê-apiyân,"" itêw; ""piyis niskâta niwî-wîsakêyihtên."" ""nika-isi-sâwahton,"" itêw.","What I want is to go and drink. I am weary of always sitting in one place,” she said to it; “In the end I shall have pains in my legs. Let me stretch my legs by walking a bit,” she said to it.",idiom,idiom,True,"The footnote 'CHECK nika-sisawohtan' flags the phrase 'nika-isi-sâwahton', which translates to the English idiom 'stretch my legs', an idiomatic expression for walking to relieve stiffness.",[18] CHECK nika-sisawohtan
5301,0,sacred-stories-34-the-foolish-maidens-and-one-leg-coming-day,"mîna ê-wî-atimikot, ""hâ, nisîm, êkwa kanakwayak wêpin!""","When again they were close to overtaking them, “Oh, little sister, now throw away your sleeves!”",literal,literal,True,"The footnote discusses grammatical agreement, not figurative language, so the sentence is literal.",[19] wêpin agrees with ‘sleeves’ in animacy but not number
5323,0,sacred-stories-36-aladdin-mrs-maggie-achenam,kêtahtawê êsa ôtênaw ê-misâk.,Once upon a time there was a large town.,literal,literal,False,"Sentence 1 is a plain statement with no figurative language, and the footnote does not discuss any part of it.","[1] LB on kicimâkisiwi-wêmiscikôsîs :  This word here, and môniyâw : “Englishman,” below, probably are intended merely as “white man.”"
5323,1,sacred-stories-36-aladdin-mrs-maggie-achenam,"êkwa pêyak awa kicimâkisiwi-wêmiscikôsîs ê-papâmohtêt mâna ôtênâhk, kêkway ê-wî-kakwê-miskahk ta-mîcit.","And a certain poor little French boy there was, who used to walk about the town, trying to find something to eat.",literal,literal,True,"The footnote explains that 'kicimâkisiwi-wêmiscikôsîs' probably means merely 'white man,' but this is a clarification of intended meaning rather than an indication of non-literal expression; the sentence otherwise is literal.","[1] LB on kicimâkisiwi-wêmiscikôsîs :  This word here, and môniyâw : “Englishman,” below, probably are intended merely as “white man.”"
5323,2,sacred-stories-36-aladdin-mrs-maggie-achenam,"kêtahtawê ê-kîwêt, ê-tipiskâyik, mêkwâc ê-ay-apit, kâ-pîhtokêyit môniyâsa, tâpiskôc okimâw ê-isîhoyit.","Then at one time, as he came home after dark, while he was there in his house, in came an Englishman who was dressed like a lord.",simile,simile,True,The phrase 'tâpiskôc okimâw ê-isîhoyit' ('dressed like a lord') is an explicit simile; the footnote's comment on 'môniyâsa' as 'white man' does not affect this classification.,"[1] LB on kicimâkisiwi-wêmiscikôsîs :  This word here, and môniyâw : “Englishman,” below, probably are intended merely as “white man.”"
5334,0,sacred-stories-36-aladdin-mrs-maggie-achenam,"""kêkway, kâ-tipêyimiyan?"" itik ôhi âhcanisa.","“What is it, you who are my master?” the ring asked him.",literal,literal,False,"The footnote comments on cultural beliefs about genies and objects, not on any figurative language in the sentence.","[2] LB:  In part the genies which are attached to the ring and the lamp are distinct from these objects, but in part the informant, more in accord with Cree views, does not distinguish them."
5338,3,sacred-stories-36-aladdin-mrs-maggie-achenam,êkwa âhcanisa tahki êwakoni pîkiskwâtikôw.,And that ring always talked to him.,metaphor,metaphor,True,"The ring talking is personification, a metaphor; the footnote comments on the grammatical anomaly but does not discuss figurative language.","[3] LB:  Verb-form with inanimate actor, although ahcânis : “ring,” is of animate gender;  in fact, even an inanimate noun in such a connexion would ordinarily be used in animate gender."
5338,4,sacred-stories-36-aladdin-mrs-maggie-achenam,"êkwa sipwêhtêw, ê-kîwêt.","Then he went from there, homeward.",literal,literal,False,No figurative language present.,"[3] LB:  Verb-form with inanimate actor, although ahcânis : “ring,” is of animate gender;  in fact, even an inanimate noun in such a connexion would ordinarily be used in animate gender."
5338,5,sacred-stories-36-aladdin-mrs-maggie-achenam,"êkwa ê-takosihk wîkiwâhk, âcimostawêw okâwiya.","When he reached home, he told his mother the tale.",literal,literal,False,No figurative language present.,"[3] LB:  Verb-form with inanimate actor, although ahcânis : “ring,” is of animate gender;  in fact, even an inanimate noun in such a connexion would ordinarily be used in animate gender."
5339,0,sacred-stories-36-aladdin-mrs-maggie-achenam,"""êkwa pêtâ kîkway; nika-kâsîhên niwâsaskotênikan,"" itêw.","“Now give me something to wipe off my lamp,” he told her.",literal,literal,True,"Bloomfield's footnote explains that 'kîkway' is used to mean 'a rag' due to temporary word-avoidance, a pragmatic substitution rather than a figurative expression; the sentence remains literal in meaning.",[4] LB on kîkway :  Meaning “a rag” - temporary word-avoidance.
5372,0,sacred-stories-36-aladdin-mrs-maggie-achenam,"""mâskôc ôma ayâyiki, wâwîs mistahi ta-okimâwiw kikosis,"" itik; ""tawâyihk ôta kika-akotân;"" ""êkwa ka-asiwatân asinîwi-mitê; ka-asiwatân."" ""êkota mistahi ta-miyonâkwan kiwâskahikaniwâw.""","“Perhaps if this thing is here, your son will become an even greater man,” he told her; “Here in the centre of the house do you hang it up; and inside it do you put a stone heart; put it inside. Thus will your house be very beautiful.”",literal,literal,True,"Bloomfield's footnote explains the specialized meaning of 'k-âsiwatân' ('he puts it inside'), indicating it is a conventional usage with an understood container, not a figurative expression. The sentence otherwise gives literal instructions, and 'stone heart' likely refers to a concrete object rather than a metaphor.","[5] LB on k-âsiwatân : asiwatâw : “he puts it inside” (as into a box or bag), but we are not told into what.  Immediately below the word is used in a common specialized meaning, “he puts it into his bag, bosom-fold, pocket”; farther on, similarly, the corresponding verb with animate object, asiwahêw , specialized: “bring (animal) under shelter.”"
5376,0,sacred-stories-36-aladdin-mrs-maggie-achenam,"""kêkway ê-nitawêyihtaman?"" itik owâsaskotênikan.",“What do you want?” his lamp asked him.,metaphor,metaphor,False,"The sentence personifies a lamp by having it speak, which is a non-literal predication; thus it is a metaphor. The footnote discusses grammatical agreement and does not refer to figurative language.","[6] LB:  Either the nouns should be made animate obviative (ending -ah ), or the preceding verb given inanimate actor ( itikôw )."
5379,0,sacred-stories-36-aladdin-mrs-maggie-achenam,"""kêkâc kinipahitin; nitê anima,"" itik awa nâpêsis; ""ê-wî-kakwê-nipahisk ana,"" itik.","“I could easily kill you; that is my heart,” it said to the boy; “It was certainly that he wanted to kill you,” it told him.",metaphor,metaphor,False,"The footnote describes sandhi between quotation and verb of saying, not figurative language. The direct text contains 'that is my heart' (nitê anima), a metaphorical expression for intention, making the sentence figurative.","[7] LB:  For anih itik ; the sandhi is often carried from a quotation over to the verbs of saying, itêw (transitive), itwêw (intransitive)."
