[transformers] `torch_dtype` is deprecated! Use `dtype` instead!

============================================================
  Stage 1 · TLM  (FacebookAI/xlm-mlm-100-1280)
============================================================
Loaded 12,784 pairs from data/sentences.parquet
[TLM] model    : FacebookAI/xlm-mlm-100-1280
[TLM] device   : mps
[TLM] train    : 12,144 pairs
[TLM] dev      : 640 pairs
[TLM] output   : data/tlm_xlm-mlm-infonce
Loading weights:   0%|          | 0/262 [00:00<?, ?it/s]Loading weights:   1%|          | 2/262 [00:00<01:03,  4.10it/s]Loading weights:  12%|█▏        | 32/262 [00:00<00:03, 70.24it/s]Loading weights:  50%|█████     | 131/262 [00:00<00:00, 195.45it/s]Loading weights: 100%|██████████| 262/262 [00:00<00:00, 289.93it/s]
[transformers] Be aware, overflowing tokens are not returned for the setting you have chosen, i.e. sequence pairs with the 'longest_first' truncation strategy. So the returned list will always be empty even if some tokens have been removed.
[transformers] Be aware, overflowing tokens are not returned for the setting you have chosen, i.e. sequence pairs with the 'longest_first' truncation strategy. So the returned list will always be empty even if some tokens have been removed.
[transformers] Be aware, overflowing tokens are not returned for the setting you have chosen, i.e. sequence pairs with the 'longest_first' truncation strategy. So the returned list will always be empty even if some tokens have been removed.
[transformers] Be aware, overflowing tokens are not returned for the setting you have chosen, i.e. sequence pairs with the 'longest_first' truncation strategy. So the returned list will always be empty even if some tokens have been removed.
[transformers] Be aware, overflowing tokens are not returned for the setting you have chosen, i.e. sequence pairs with the 'longest_first' truncation strategy. So the returned list will always be empty even if some tokens have been removed.
[transformers] Be aware, overflowing tokens are not returned for the setting you have chosen, i.e. sequence pairs with the 'longest_first' truncation strategy. So the returned list will always be empty even if some tokens have been removed.
[transformers] Be aware, overflowing tokens are not returned for the setting you have chosen, i.e. sequence pairs with the 'longest_first' truncation strategy. So the returned list will always be empty even if some tokens have been removed.
[transformers] Be aware, overflowing tokens are not returned for the setting you have chosen, i.e. sequence pairs with the 'longest_first' truncation strategy. So the returned list will always be empty even if some tokens have been removed.
[transformers] Be aware, overflowing tokens are not returned for the setting you have chosen, i.e. sequence pairs with the 'longest_first' truncation strategy. So the returned list will always be empty even if some tokens have been removed.
[transformers] Be aware, overflowing tokens are not returned for the setting you have chosen, i.e. sequence pairs with the 'longest_first' truncation strategy. So the returned list will always be empty even if some tokens have been removed.
[transformers] Be aware, overflowing tokens are not returned for the setting you have chosen, i.e. sequence pairs with the 'longest_first' truncation strategy. So the returned list will always be empty even if some tokens have been removed.
[transformers] Be aware, overflowing tokens are not returned for the setting you have chosen, i.e. sequence pairs with the 'longest_first' truncation strategy. So the returned list will always be empty even if some tokens have been removed.
[transformers] Be aware, overflowing tokens are not returned for the setting you have chosen, i.e. sequence pairs with the 'longest_first' truncation strategy. So the returned list will always be empty even if some tokens have been removed.
[transformers] Be aware, overflowing tokens are not returned for the setting you have chosen, i.e. sequence pairs with the 'longest_first' truncation strategy. So the returned list will always be empty even if some tokens have been removed.
[transformers] Be aware, overflowing tokens are not returned for the setting you have chosen, i.e. sequence pairs with the 'longest_first' truncation strategy. So the returned list will always be empty even if some tokens have been removed.
[transformers] Be aware, overflowing tokens are not returned for the setting you have chosen, i.e. sequence pairs with the 'longest_first' truncation strategy. So the returned list will always be empty even if some tokens have been removed.
[transformers] Be aware, overflowing tokens are not returned for the setting you have chosen, i.e. sequence pairs with the 'longest_first' truncation strategy. So the returned list will always be empty even if some tokens have been removed.
[transformers] Be aware, overflowing tokens are not returned for the setting you have chosen, i.e. sequence pairs with the 'longest_first' truncation strategy. So the returned list will always be empty even if some tokens have been removed.
[transformers] Be aware, overflowing tokens are not returned for the setting you have chosen, i.e. sequence pairs with the 'longest_first' truncation strategy. So the returned list will always be empty even if some tokens have been removed.
[transformers] Be aware, overflowing tokens are not returned for the setting you have chosen, i.e. sequence pairs with the 'longest_first' truncation strategy. So the returned list will always be empty even if some tokens have been removed.
[transformers] Be aware, overflowing tokens are not returned for the setting you have chosen, i.e. sequence pairs with the 'longest_first' truncation strategy. So the returned list will always be empty even if some tokens have been removed.
[transformers] Be aware, overflowing tokens are not returned for the setting you have chosen, i.e. sequence pairs with the 'longest_first' truncation strategy. So the returned list will always be empty even if some tokens have been removed.
[transformers] Be aware, overflowing tokens are not returned for the setting you have chosen, i.e. sequence pairs with the 'longest_first' truncation strategy. So the returned list will always be empty even if some tokens have been removed.
[transformers] Be aware, overflowing tokens are not returned for the setting you have chosen, i.e. sequence pairs with the 'longest_first' truncation strategy. So the returned list will always be empty even if some tokens have been removed.
[transformers] Be aware, overflowing tokens are not returned for the setting you have chosen, i.e. sequence pairs with the 'longest_first' truncation strategy. So the returned list will always be empty even if some tokens have been removed.
[transformers] Be aware, overflowing tokens are not returned for the setting you have chosen, i.e. sequence pairs with the 'longest_first' truncation strategy. So the returned list will always be empty even if some tokens have been removed.
[transformers] Be aware, overflowing tokens are not returned for the setting you have chosen, i.e. sequence pairs with the 'longest_first' truncation strategy. So the returned list will always be empty even if some tokens have been removed.
[transformers] Be aware, overflowing tokens are not returned for the setting you have chosen, i.e. sequence pairs with the 'longest_first' truncation strategy. So the returned list will always be empty even if some tokens have been removed.
[transformers] Be aware, overflowing tokens are not returned for the setting you have chosen, i.e. sequence pairs with the 'longest_first' truncation strategy. So the returned list will always be empty even if some tokens have been removed.
[transformers] Be aware, overflowing tokens are not returned for the setting you have chosen, i.e. sequence pairs with the 'longest_first' truncation strategy. So the returned list will always be empty even if some tokens have been removed.
[transformers] Be aware, overflowing tokens are not returned for the setting you have chosen, i.e. sequence pairs with the 'longest_first' truncation strategy. So the returned list will always be empty even if some tokens have been removed.
[transformers] Be aware, overflowing tokens are not returned for the setting you have chosen, i.e. sequence pairs with the 'longest_first' truncation strategy. So the returned list will always be empty even if some tokens have been removed.
[transformers] Be aware, overflowing tokens are not returned for the setting you have chosen, i.e. sequence pairs with the 'longest_first' truncation strategy. So the returned list will always be empty even if some tokens have been removed.
[transformers] Be aware, overflowing tokens are not returned for the setting you have chosen, i.e. sequence pairs with the 'longest_first' truncation strategy. So the returned list will always be empty even if some tokens have been removed.
[transformers] Be aware, overflowing tokens are not returned for the setting you have chosen, i.e. sequence pairs with the 'longest_first' truncation strategy. So the returned list will always be empty even if some tokens have been removed.
[transformers] Be aware, overflowing tokens are not returned for the setting you have chosen, i.e. sequence pairs with the 'longest_first' truncation strategy. So the returned list will always be empty even if some tokens have been removed.
[transformers] Be aware, overflowing tokens are not returned for the setting you have chosen, i.e. sequence pairs with the 'longest_first' truncation strategy. So the returned list will always be empty even if some tokens have been removed.
[transformers] Be aware, overflowing tokens are not returned for the setting you have chosen, i.e. sequence pairs with the 'longest_first' truncation strategy. So the returned list will always be empty even if some tokens have been removed.
[transformers] Be aware, overflowing tokens are not returned for the setting you have chosen, i.e. sequence pairs with the 'longest_first' truncation strategy. So the returned list will always be empty even if some tokens have been removed.
[transformers] Be aware, overflowing tokens are not returned for the setting you have chosen, i.e. sequence pairs with the 'longest_first' truncation strategy. So the returned list will always be empty even if some tokens have been removed.
[transformers] Be aware, overflowing tokens are not returned for the setting you have chosen, i.e. sequence pairs with the 'longest_first' truncation strategy. So the returned list will always be empty even if some tokens have been removed.
[transformers] Be aware, overflowing tokens are not returned for the setting you have chosen, i.e. sequence pairs with the 'longest_first' truncation strategy. So the returned list will always be empty even if some tokens have been removed.
[transformers] Be aware, overflowing tokens are not returned for the setting you have chosen, i.e. sequence pairs with the 'longest_first' truncation strategy. So the returned list will always be empty even if some tokens have been removed.
[transformers] Be aware, overflowing tokens are not returned for the setting you have chosen, i.e. sequence pairs with the 'longest_first' truncation strategy. So the returned list will always be empty even if some tokens have been removed.
[transformers] Be aware, overflowing tokens are not returned for the setting you have chosen, i.e. sequence pairs with the 'longest_first' truncation strategy. So the returned list will always be empty even if some tokens have been removed.
[transformers] Be aware, overflowing tokens are not returned for the setting you have chosen, i.e. sequence pairs with the 'longest_first' truncation strategy. So the returned list will always be empty even if some tokens have been removed.
[transformers] Be aware, overflowing tokens are not returned for the setting you have chosen, i.e. sequence pairs with the 'longest_first' truncation strategy. So the returned list will always be empty even if some tokens have been removed.
[transformers] Be aware, overflowing tokens are not returned for the setting you have chosen, i.e. sequence pairs with the 'longest_first' truncation strategy. So the returned list will always be empty even if some tokens have been removed.
[transformers] Be aware, overflowing tokens are not returned for the setting you have chosen, i.e. sequence pairs with the 'longest_first' truncation strategy. So the returned list will always be empty even if some tokens have been removed.
[transformers] Be aware, overflowing tokens are not returned for the setting you have chosen, i.e. sequence pairs with the 'longest_first' truncation strategy. So the returned list will always be empty even if some tokens have been removed.
[transformers] Be aware, overflowing tokens are not returned for the setting you have chosen, i.e. sequence pairs with the 'longest_first' truncation strategy. So the returned list will always be empty even if some tokens have been removed.
[transformers] Be aware, overflowing tokens are not returned for the setting you have chosen, i.e. sequence pairs with the 'longest_first' truncation strategy. So the returned list will always be empty even if some tokens have been removed.
[transformers] Be aware, overflowing tokens are not returned for the setting you have chosen, i.e. sequence pairs with the 'longest_first' truncation strategy. So the returned list will always be empty even if some tokens have been removed.
[transformers] Be aware, overflowing tokens are not returned for the setting you have chosen, i.e. sequence pairs with the 'longest_first' truncation strategy. So the returned list will always be empty even if some tokens have been removed.
[transformers] Be aware, overflowing tokens are not returned for the setting you have chosen, i.e. sequence pairs with the 'longest_first' truncation strategy. So the returned list will always be empty even if some tokens have been removed.
[transformers] Be aware, overflowing tokens are not returned for the setting you have chosen, i.e. sequence pairs with the 'longest_first' truncation strategy. So the returned list will always be empty even if some tokens have been removed.
[transformers] Be aware, overflowing tokens are not returned for the setting you have chosen, i.e. sequence pairs with the 'longest_first' truncation strategy. So the returned list will always be empty even if some tokens have been removed.
[transformers] Be aware, overflowing tokens are not returned for the setting you have chosen, i.e. sequence pairs with the 'longest_first' truncation strategy. So the returned list will always be empty even if some tokens have been removed.
[transformers] Be aware, overflowing tokens are not returned for the setting you have chosen, i.e. sequence pairs with the 'longest_first' truncation strategy. So the returned list will always be empty even if some tokens have been removed.
[transformers] Be aware, overflowing tokens are not returned for the setting you have chosen, i.e. sequence pairs with the 'longest_first' truncation strategy. So the returned list will always be empty even if some tokens have been removed.
[transformers] Be aware, overflowing tokens are not returned for the setting you have chosen, i.e. sequence pairs with the 'longest_first' truncation strategy. So the returned list will always be empty even if some tokens have been removed.
[transformers] Be aware, overflowing tokens are not returned for the setting you have chosen, i.e. sequence pairs with the 'longest_first' truncation strategy. So the returned list will always be empty even if some tokens have been removed.
[transformers] Be aware, overflowing tokens are not returned for the setting you have chosen, i.e. sequence pairs with the 'longest_first' truncation strategy. So the returned list will always be empty even if some tokens have been removed.
[transformers] Be aware, overflowing tokens are not returned for the setting you have chosen, i.e. sequence pairs with the 'longest_first' truncation strategy. So the returned list will always be empty even if some tokens have been removed.
[transformers] Be aware, overflowing tokens are not returned for the setting you have chosen, i.e. sequence pairs with the 'longest_first' truncation strategy. So the returned list will always be empty even if some tokens have been removed.
[transformers] Be aware, overflowing tokens are not returned for the setting you have chosen, i.e. sequence pairs with the 'longest_first' truncation strategy. So the returned list will always be empty even if some tokens have been removed.
[transformers] Be aware, overflowing tokens are not returned for the setting you have chosen, i.e. sequence pairs with the 'longest_first' truncation strategy. So the returned list will always be empty even if some tokens have been removed.
[transformers] Be aware, overflowing tokens are not returned for the setting you have chosen, i.e. sequence pairs with the 'longest_first' truncation strategy. So the returned list will always be empty even if some tokens have been removed.
[transformers] Be aware, overflowing tokens are not returned for the setting you have chosen, i.e. sequence pairs with the 'longest_first' truncation strategy. So the returned list will always be empty even if some tokens have been removed.
[transformers] Be aware, overflowing tokens are not returned for the setting you have chosen, i.e. sequence pairs with the 'longest_first' truncation strategy. So the returned list will always be empty even if some tokens have been removed.
[transformers] Be aware, overflowing tokens are not returned for the setting you have chosen, i.e. sequence pairs with the 'longest_first' truncation strategy. So the returned list will always be empty even if some tokens have been removed.
[transformers] Be aware, overflowing tokens are not returned for the setting you have chosen, i.e. sequence pairs with the 'longest_first' truncation strategy. So the returned list will always be empty even if some tokens have been removed.
[transformers] Be aware, overflowing tokens are not returned for the setting you have chosen, i.e. sequence pairs with the 'longest_first' truncation strategy. So the returned list will always be empty even if some tokens have been removed.
[transformers] Be aware, overflowing tokens are not returned for the setting you have chosen, i.e. sequence pairs with the 'longest_first' truncation strategy. So the returned list will always be empty even if some tokens have been removed.
[transformers] Be aware, overflowing tokens are not returned for the setting you have chosen, i.e. sequence pairs with the 'longest_first' truncation strategy. So the returned list will always be empty even if some tokens have been removed.
[transformers] Be aware, overflowing tokens are not returned for the setting you have chosen, i.e. sequence pairs with the 'longest_first' truncation strategy. So the returned list will always be empty even if some tokens have been removed.
[transformers] Be aware, overflowing tokens are not returned for the setting you have chosen, i.e. sequence pairs with the 'longest_first' truncation strategy. So the returned list will always be empty even if some tokens have been removed.
[transformers] Be aware, overflowing tokens are not returned for the setting you have chosen, i.e. sequence pairs with the 'longest_first' truncation strategy. So the returned list will always be empty even if some tokens have been removed.
[transformers] Be aware, overflowing tokens are not returned for the setting you have chosen, i.e. sequence pairs with the 'longest_first' truncation strategy. So the returned list will always be empty even if some tokens have been removed.
[transformers] Be aware, overflowing tokens are not returned for the setting you have chosen, i.e. sequence pairs with the 'longest_first' truncation strategy. So the returned list will always be empty even if some tokens have been removed.
[transformers] Be aware, overflowing tokens are not returned for the setting you have chosen, i.e. sequence pairs with the 'longest_first' truncation strategy. So the returned list will always be empty even if some tokens have been removed.
[transformers] Be aware, overflowing tokens are not returned for the setting you have chosen, i.e. sequence pairs with the 'longest_first' truncation strategy. So the returned list will always be empty even if some tokens have been removed.
[transformers] Be aware, overflowing tokens are not returned for the setting you have chosen, i.e. sequence pairs with the 'longest_first' truncation strategy. So the returned list will always be empty even if some tokens have been removed.
[transformers] Be aware, overflowing tokens are not returned for the setting you have chosen, i.e. sequence pairs with the 'longest_first' truncation strategy. So the returned list will always be empty even if some tokens have been removed.
[transformers] Be aware, overflowing tokens are not returned for the setting you have chosen, i.e. sequence pairs with the 'longest_first' truncation strategy. So the returned list will always be empty even if some tokens have been removed.
[transformers] Be aware, overflowing tokens are not returned for the setting you have chosen, i.e. sequence pairs with the 'longest_first' truncation strategy. So the returned list will always be empty even if some tokens have been removed.
[transformers] Be aware, overflowing tokens are not returned for the setting you have chosen, i.e. sequence pairs with the 'longest_first' truncation strategy. So the returned list will always be empty even if some tokens have been removed.
[transformers] Be aware, overflowing tokens are not returned for the setting you have chosen, i.e. sequence pairs with the 'longest_first' truncation strategy. So the returned list will always be empty even if some tokens have been removed.
[transformers] Be aware, overflowing tokens are not returned for the setting you have chosen, i.e. sequence pairs with the 'longest_first' truncation strategy. So the returned list will always be empty even if some tokens have been removed.
[transformers] Be aware, overflowing tokens are not returned for the setting you have chosen, i.e. sequence pairs with the 'longest_first' truncation strategy. So the returned list will always be empty even if some tokens have been removed.
[transformers] Be aware, overflowing tokens are not returned for the setting you have chosen, i.e. sequence pairs with the 'longest_first' truncation strategy. So the returned list will always be empty even if some tokens have been removed.
[transformers] Be aware, overflowing tokens are not returned for the setting you have chosen, i.e. sequence pairs with the 'longest_first' truncation strategy. So the returned list will always be empty even if some tokens have been removed.
[transformers] Be aware, overflowing tokens are not returned for the setting you have chosen, i.e. sequence pairs with the 'longest_first' truncation strategy. So the returned list will always be empty even if some tokens have been removed.
[transformers] Be aware, overflowing tokens are not returned for the setting you have chosen, i.e. sequence pairs with the 'longest_first' truncation strategy. So the returned list will always be empty even if some tokens have been removed.
[transformers] Be aware, overflowing tokens are not returned for the setting you have chosen, i.e. sequence pairs with the 'longest_first' truncation strategy. So the returned list will always be empty even if some tokens have been removed.
[transformers] Be aware, overflowing tokens are not returned for the setting you have chosen, i.e. sequence pairs with the 'longest_first' truncation strategy. So the returned list will always be empty even if some tokens have been removed.
[transformers] Be aware, overflowing tokens are not returned for the setting you have chosen, i.e. sequence pairs with the 'longest_first' truncation strategy. So the returned list will always be empty even if some tokens have been removed.
[transformers] Be aware, overflowing tokens are not returned for the setting you have chosen, i.e. sequence pairs with the 'longest_first' truncation strategy. So the returned list will always be empty even if some tokens have been removed.
[transformers] Be aware, overflowing tokens are not returned for the setting you have chosen, i.e. sequence pairs with the 'longest_first' truncation strategy. So the returned list will always be empty even if some tokens have been removed.
[transformers] Be aware, overflowing tokens are not returned for the setting you have chosen, i.e. sequence pairs with the 'longest_first' truncation strategy. So the returned list will always be empty even if some tokens have been removed.
[transformers] Be aware, overflowing tokens are not returned for the setting you have chosen, i.e. sequence pairs with the 'longest_first' truncation strategy. So the returned list will always be empty even if some tokens have been removed.
[transformers] Be aware, overflowing tokens are not returned for the setting you have chosen, i.e. sequence pairs with the 'longest_first' truncation strategy. So the returned list will always be empty even if some tokens have been removed.
[transformers] Be aware, overflowing tokens are not returned for the setting you have chosen, i.e. sequence pairs with the 'longest_first' truncation strategy. So the returned list will always be empty even if some tokens have been removed.
[transformers] Be aware, overflowing tokens are not returned for the setting you have chosen, i.e. sequence pairs with the 'longest_first' truncation strategy. So the returned list will always be empty even if some tokens have been removed.
[transformers] Be aware, overflowing tokens are not returned for the setting you have chosen, i.e. sequence pairs with the 'longest_first' truncation strategy. So the returned list will always be empty even if some tokens have been removed.
[transformers] Be aware, overflowing tokens are not returned for the setting you have chosen, i.e. sequence pairs with the 'longest_first' truncation strategy. So the returned list will always be empty even if some tokens have been removed.
[transformers] Be aware, overflowing tokens are not returned for the setting you have chosen, i.e. sequence pairs with the 'longest_first' truncation strategy. So the returned list will always be empty even if some tokens have been removed.
[transformers] Be aware, overflowing tokens are not returned for the setting you have chosen, i.e. sequence pairs with the 'longest_first' truncation strategy. So the returned list will always be empty even if some tokens have been removed.
[transformers] Be aware, overflowing tokens are not returned for the setting you have chosen, i.e. sequence pairs with the 'longest_first' truncation strategy. So the returned list will always be empty even if some tokens have been removed.
[transformers] Be aware, overflowing tokens are not returned for the setting you have chosen, i.e. sequence pairs with the 'longest_first' truncation strategy. So the returned list will always be empty even if some tokens have been removed.
[transformers] Be aware, overflowing tokens are not returned for the setting you have chosen, i.e. sequence pairs with the 'longest_first' truncation strategy. So the returned list will always be empty even if some tokens have been removed.
[transformers] Be aware, overflowing tokens are not returned for the setting you have chosen, i.e. sequence pairs with the 'longest_first' truncation strategy. So the returned list will always be empty even if some tokens have been removed.
[transformers] Be aware, overflowing tokens are not returned for the setting you have chosen, i.e. sequence pairs with the 'longest_first' truncation strategy. So the returned list will always be empty even if some tokens have been removed.
[transformers] Be aware, overflowing tokens are not returned for the setting you have chosen, i.e. sequence pairs with the 'longest_first' truncation strategy. So the returned list will always be empty even if some tokens have been removed.
[transformers] Be aware, overflowing tokens are not returned for the setting you have chosen, i.e. sequence pairs with the 'longest_first' truncation strategy. So the returned list will always be empty even if some tokens have been removed.
[transformers] Be aware, overflowing tokens are not returned for the setting you have chosen, i.e. sequence pairs with the 'longest_first' truncation strategy. So the returned list will always be empty even if some tokens have been removed.
[transformers] Be aware, overflowing tokens are not returned for the setting you have chosen, i.e. sequence pairs with the 'longest_first' truncation strategy. So the returned list will always be empty even if some tokens have been removed.
[transformers] Be aware, overflowing tokens are not returned for the setting you have chosen, i.e. sequence pairs with the 'longest_first' truncation strategy. So the returned list will always be empty even if some tokens have been removed.
[transformers] Be aware, overflowing tokens are not returned for the setting you have chosen, i.e. sequence pairs with the 'longest_first' truncation strategy. So the returned list will always be empty even if some tokens have been removed.
[transformers] Be aware, overflowing tokens are not returned for the setting you have chosen, i.e. sequence pairs with the 'longest_first' truncation strategy. So the returned list will always be empty even if some tokens have been removed.
[transformers] Be aware, overflowing tokens are not returned for the setting you have chosen, i.e. sequence pairs with the 'longest_first' truncation strategy. So the returned list will always be empty even if some tokens have been removed.
[transformers] Be aware, overflowing tokens are not returned for the setting you have chosen, i.e. sequence pairs with the 'longest_first' truncation strategy. So the returned list will always be empty even if some tokens have been removed.
[transformers] Be aware, overflowing tokens are not returned for the setting you have chosen, i.e. sequence pairs with the 'longest_first' truncation strategy. So the returned list will always be empty even if some tokens have been removed.
[transformers] Be aware, overflowing tokens are not returned for the setting you have chosen, i.e. sequence pairs with the 'longest_first' truncation strategy. So the returned list will always be empty even if some tokens have been removed.
[transformers] Be aware, overflowing tokens are not returned for the setting you have chosen, i.e. sequence pairs with the 'longest_first' truncation strategy. So the returned list will always be empty even if some tokens have been removed.
[transformers] Be aware, overflowing tokens are not returned for the setting you have chosen, i.e. sequence pairs with the 'longest_first' truncation strategy. So the returned list will always be empty even if some tokens have been removed.
[transformers] Be aware, overflowing tokens are not returned for the setting you have chosen, i.e. sequence pairs with the 'longest_first' truncation strategy. So the returned list will always be empty even if some tokens have been removed.
[transformers] Be aware, overflowing tokens are not returned for the setting you have chosen, i.e. sequence pairs with the 'longest_first' truncation strategy. So the returned list will always be empty even if some tokens have been removed.
[transformers] Be aware, overflowing tokens are not returned for the setting you have chosen, i.e. sequence pairs with the 'longest_first' truncation strategy. So the returned list will always be empty even if some tokens have been removed.
[transformers] Be aware, overflowing tokens are not returned for the setting you have chosen, i.e. sequence pairs with the 'longest_first' truncation strategy. So the returned list will always be empty even if some tokens have been removed.
[transformers] Be aware, overflowing tokens are not returned for the setting you have chosen, i.e. sequence pairs with the 'longest_first' truncation strategy. So the returned list will always be empty even if some tokens have been removed.
[transformers] Be aware, overflowing tokens are not returned for the setting you have chosen, i.e. sequence pairs with the 'longest_first' truncation strategy. So the returned list will always be empty even if some tokens have been removed.
[transformers] Be aware, overflowing tokens are not returned for the setting you have chosen, i.e. sequence pairs with the 'longest_first' truncation strategy. So the returned list will always be empty even if some tokens have been removed.
[transformers] Be aware, overflowing tokens are not returned for the setting you have chosen, i.e. sequence pairs with the 'longest_first' truncation strategy. So the returned list will always be empty even if some tokens have been removed.
[transformers] Be aware, overflowing tokens are not returned for the setting you have chosen, i.e. sequence pairs with the 'longest_first' truncation strategy. So the returned list will always be empty even if some tokens have been removed.
[transformers] Be aware, overflowing tokens are not returned for the setting you have chosen, i.e. sequence pairs with the 'longest_first' truncation strategy. So the returned list will always be empty even if some tokens have been removed.
[transformers] Be aware, overflowing tokens are not returned for the setting you have chosen, i.e. sequence pairs with the 'longest_first' truncation strategy. So the returned list will always be empty even if some tokens have been removed.
[transformers] Be aware, overflowing tokens are not returned for the setting you have chosen, i.e. sequence pairs with the 'longest_first' truncation strategy. So the returned list will always be empty even if some tokens have been removed.
[transformers] Be aware, overflowing tokens are not returned for the setting you have chosen, i.e. sequence pairs with the 'longest_first' truncation strategy. So the returned list will always be empty even if some tokens have been removed.
[transformers] Be aware, overflowing tokens are not returned for the setting you have chosen, i.e. sequence pairs with the 'longest_first' truncation strategy. So the returned list will always be empty even if some tokens have been removed.
[transformers] Be aware, overflowing tokens are not returned for the setting you have chosen, i.e. sequence pairs with the 'longest_first' truncation strategy. So the returned list will always be empty even if some tokens have been removed.
[transformers] Be aware, overflowing tokens are not returned for the setting you have chosen, i.e. sequence pairs with the 'longest_first' truncation strategy. So the returned list will always be empty even if some tokens have been removed.
[transformers] Be aware, overflowing tokens are not returned for the setting you have chosen, i.e. sequence pairs with the 'longest_first' truncation strategy. So the returned list will always be empty even if some tokens have been removed.
[transformers] Be aware, overflowing tokens are not returned for the setting you have chosen, i.e. sequence pairs with the 'longest_first' truncation strategy. So the returned list will always be empty even if some tokens have been removed.
[transformers] Be aware, overflowing tokens are not returned for the setting you have chosen, i.e. sequence pairs with the 'longest_first' truncation strategy. So the returned list will always be empty even if some tokens have been removed.
[transformers] Be aware, overflowing tokens are not returned for the setting you have chosen, i.e. sequence pairs with the 'longest_first' truncation strategy. So the returned list will always be empty even if some tokens have been removed.
[transformers] Be aware, overflowing tokens are not returned for the setting you have chosen, i.e. sequence pairs with the 'longest_first' truncation strategy. So the returned list will always be empty even if some tokens have been removed.
[transformers] Be aware, overflowing tokens are not returned for the setting you have chosen, i.e. sequence pairs with the 'longest_first' truncation strategy. So the returned list will always be empty even if some tokens have been removed.
[transformers] Be aware, overflowing tokens are not returned for the setting you have chosen, i.e. sequence pairs with the 'longest_first' truncation strategy. So the returned list will always be empty even if some tokens have been removed.
[transformers] Be aware, overflowing tokens are not returned for the setting you have chosen, i.e. sequence pairs with the 'longest_first' truncation strategy. So the returned list will always be empty even if some tokens have been removed.
[transformers] Be aware, overflowing tokens are not returned for the setting you have chosen, i.e. sequence pairs with the 'longest_first' truncation strategy. So the returned list will always be empty even if some tokens have been removed.
[transformers] Be aware, overflowing tokens are not returned for the setting you have chosen, i.e. sequence pairs with the 'longest_first' truncation strategy. So the returned list will always be empty even if some tokens have been removed.
[transformers] Be aware, overflowing tokens are not returned for the setting you have chosen, i.e. sequence pairs with the 'longest_first' truncation strategy. So the returned list will always be empty even if some tokens have been removed.
[transformers] Be aware, overflowing tokens are not returned for the setting you have chosen, i.e. sequence pairs with the 'longest_first' truncation strategy. So the returned list will always be empty even if some tokens have been removed.
[transformers] Be aware, overflowing tokens are not returned for the setting you have chosen, i.e. sequence pairs with the 'longest_first' truncation strategy. So the returned list will always be empty even if some tokens have been removed.
[transformers] Be aware, overflowing tokens are not returned for the setting you have chosen, i.e. sequence pairs with the 'longest_first' truncation strategy. So the returned list will always be empty even if some tokens have been removed.
[transformers] Be aware, overflowing tokens are not returned for the setting you have chosen, i.e. sequence pairs with the 'longest_first' truncation strategy. So the returned list will always be empty even if some tokens have been removed.
[transformers] Be aware, overflowing tokens are not returned for the setting you have chosen, i.e. sequence pairs with the 'longest_first' truncation strategy. So the returned list will always be empty even if some tokens have been removed.
[transformers] Be aware, overflowing tokens are not returned for the setting you have chosen, i.e. sequence pairs with the 'longest_first' truncation strategy. So the returned list will always be empty even if some tokens have been removed.
[transformers] Be aware, overflowing tokens are not returned for the setting you have chosen, i.e. sequence pairs with the 'longest_first' truncation strategy. So the returned list will always be empty even if some tokens have been removed.
[transformers] Be aware, overflowing tokens are not returned for the setting you have chosen, i.e. sequence pairs with the 'longest_first' truncation strategy. So the returned list will always be empty even if some tokens have been removed.
[transformers] Be aware, overflowing tokens are not returned for the setting you have chosen, i.e. sequence pairs with the 'longest_first' truncation strategy. So the returned list will always be empty even if some tokens have been removed.
[transformers] Be aware, overflowing tokens are not returned for the setting you have chosen, i.e. sequence pairs with the 'longest_first' truncation strategy. So the returned list will always be empty even if some tokens have been removed.
[transformers] Be aware, overflowing tokens are not returned for the setting you have chosen, i.e. sequence pairs with the 'longest_first' truncation strategy. So the returned list will always be empty even if some tokens have been removed.
[transformers] Be aware, overflowing tokens are not returned for the setting you have chosen, i.e. sequence pairs with the 'longest_first' truncation strategy. So the returned list will always be empty even if some tokens have been removed.
[transformers] Be aware, overflowing tokens are not returned for the setting you have chosen, i.e. sequence pairs with the 'longest_first' truncation strategy. So the returned list will always be empty even if some tokens have been removed.
[transformers] Be aware, overflowing tokens are not returned for the setting you have chosen, i.e. sequence pairs with the 'longest_first' truncation strategy. So the returned list will always be empty even if some tokens have been removed.
[transformers] Be aware, overflowing tokens are not returned for the setting you have chosen, i.e. sequence pairs with the 'longest_first' truncation strategy. So the returned list will always be empty even if some tokens have been removed.
[transformers] Be aware, overflowing tokens are not returned for the setting you have chosen, i.e. sequence pairs with the 'longest_first' truncation strategy. So the returned list will always be empty even if some tokens have been removed.
[transformers] Be aware, overflowing tokens are not returned for the setting you have chosen, i.e. sequence pairs with the 'longest_first' truncation strategy. So the returned list will always be empty even if some tokens have been removed.
[transformers] Be aware, overflowing tokens are not returned for the setting you have chosen, i.e. sequence pairs with the 'longest_first' truncation strategy. So the returned list will always be empty even if some tokens have been removed.
[transformers] Be aware, overflowing tokens are not returned for the setting you have chosen, i.e. sequence pairs with the 'longest_first' truncation strategy. So the returned list will always be empty even if some tokens have been removed.
[transformers] Be aware, overflowing tokens are not returned for the setting you have chosen, i.e. sequence pairs with the 'longest_first' truncation strategy. So the returned list will always be empty even if some tokens have been removed.
[transformers] Be aware, overflowing tokens are not returned for the setting you have chosen, i.e. sequence pairs with the 'longest_first' truncation strategy. So the returned list will always be empty even if some tokens have been removed.
[transformers] Be aware, overflowing tokens are not returned for the setting you have chosen, i.e. sequence pairs with the 'longest_first' truncation strategy. So the returned list will always be empty even if some tokens have been removed.
[transformers] Be aware, overflowing tokens are not returned for the setting you have chosen, i.e. sequence pairs with the 'longest_first' truncation strategy. So the returned list will always be empty even if some tokens have been removed.
[transformers] Be aware, overflowing tokens are not returned for the setting you have chosen, i.e. sequence pairs with the 'longest_first' truncation strategy. So the returned list will always be empty even if some tokens have been removed.
[transformers] Be aware, overflowing tokens are not returned for the setting you have chosen, i.e. sequence pairs with the 'longest_first' truncation strategy. So the returned list will always be empty even if some tokens have been removed.
[transformers] Be aware, overflowing tokens are not returned for the setting you have chosen, i.e. sequence pairs with the 'longest_first' truncation strategy. So the returned list will always be empty even if some tokens have been removed.
[transformers] Be aware, overflowing tokens are not returned for the setting you have chosen, i.e. sequence pairs with the 'longest_first' truncation strategy. So the returned list will always be empty even if some tokens have been removed.
[transformers] Be aware, overflowing tokens are not returned for the setting you have chosen, i.e. sequence pairs with the 'longest_first' truncation strategy. So the returned list will always be empty even if some tokens have been removed.
[transformers] Be aware, overflowing tokens are not returned for the setting you have chosen, i.e. sequence pairs with the 'longest_first' truncation strategy. So the returned list will always be empty even if some tokens have been removed.
[transformers] Be aware, overflowing tokens are not returned for the setting you have chosen, i.e. sequence pairs with the 'longest_first' truncation strategy. So the returned list will always be empty even if some tokens have been removed.
[transformers] Be aware, overflowing tokens are not returned for the setting you have chosen, i.e. sequence pairs with the 'longest_first' truncation strategy. So the returned list will always be empty even if some tokens have been removed.
[transformers] Be aware, overflowing tokens are not returned for the setting you have chosen, i.e. sequence pairs with the 'longest_first' truncation strategy. So the returned list will always be empty even if some tokens have been removed.
[transformers] Be aware, overflowing tokens are not returned for the setting you have chosen, i.e. sequence pairs with the 'longest_first' truncation strategy. So the returned list will always be empty even if some tokens have been removed.
[transformers] Be aware, overflowing tokens are not returned for the setting you have chosen, i.e. sequence pairs with the 'longest_first' truncation strategy. So the returned list will always be empty even if some tokens have been removed.
[transformers] Be aware, overflowing tokens are not returned for the setting you have chosen, i.e. sequence pairs with the 'longest_first' truncation strategy. So the returned list will always be empty even if some tokens have been removed.
[transformers] Be aware, overflowing tokens are not returned for the setting you have chosen, i.e. sequence pairs with the 'longest_first' truncation strategy. So the returned list will always be empty even if some tokens have been removed.
[transformers] Be aware, overflowing tokens are not returned for the setting you have chosen, i.e. sequence pairs with the 'longest_first' truncation strategy. So the returned list will always be empty even if some tokens have been removed.
[transformers] Be aware, overflowing tokens are not returned for the setting you have chosen, i.e. sequence pairs with the 'longest_first' truncation strategy. So the returned list will always be empty even if some tokens have been removed.
[transformers] Be aware, overflowing tokens are not returned for the setting you have chosen, i.e. sequence pairs with the 'longest_first' truncation strategy. So the returned list will always be empty even if some tokens have been removed.
[transformers] Be aware, overflowing tokens are not returned for the setting you have chosen, i.e. sequence pairs with the 'longest_first' truncation strategy. So the returned list will always be empty even if some tokens have been removed.
[transformers] Be aware, overflowing tokens are not returned for the setting you have chosen, i.e. sequence pairs with the 'longest_first' truncation strategy. So the returned list will always be empty even if some tokens have been removed.
[transformers] Be aware, overflowing tokens are not returned for the setting you have chosen, i.e. sequence pairs with the 'longest_first' truncation strategy. So the returned list will always be empty even if some tokens have been removed.
[transformers] Be aware, overflowing tokens are not returned for the setting you have chosen, i.e. sequence pairs with the 'longest_first' truncation strategy. So the returned list will always be empty even if some tokens have been removed.
[transformers] Be aware, overflowing tokens are not returned for the setting you have chosen, i.e. sequence pairs with the 'longest_first' truncation strategy. So the returned list will always be empty even if some tokens have been removed.
[transformers] Be aware, overflowing tokens are not returned for the setting you have chosen, i.e. sequence pairs with the 'longest_first' truncation strategy. So the returned list will always be empty even if some tokens have been removed.
[transformers] Be aware, overflowing tokens are not returned for the setting you have chosen, i.e. sequence pairs with the 'longest_first' truncation strategy. So the returned list will always be empty even if some tokens have been removed.
[transformers] Be aware, overflowing tokens are not returned for the setting you have chosen, i.e. sequence pairs with the 'longest_first' truncation strategy. So the returned list will always be empty even if some tokens have been removed.
[transformers] Be aware, overflowing tokens are not returned for the setting you have chosen, i.e. sequence pairs with the 'longest_first' truncation strategy. So the returned list will always be empty even if some tokens have been removed.
[transformers] Be aware, overflowing tokens are not returned for the setting you have chosen, i.e. sequence pairs with the 'longest_first' truncation strategy. So the returned list will always be empty even if some tokens have been removed.
[transformers] Be aware, overflowing tokens are not returned for the setting you have chosen, i.e. sequence pairs with the 'longest_first' truncation strategy. So the returned list will always be empty even if some tokens have been removed.
[transformers] Be aware, overflowing tokens are not returned for the setting you have chosen, i.e. sequence pairs with the 'longest_first' truncation strategy. So the returned list will always be empty even if some tokens have been removed.
[transformers] Be aware, overflowing tokens are not returned for the setting you have chosen, i.e. sequence pairs with the 'longest_first' truncation strategy. So the returned list will always be empty even if some tokens have been removed.
[transformers] Be aware, overflowing tokens are not returned for the setting you have chosen, i.e. sequence pairs with the 'longest_first' truncation strategy. So the returned list will always be empty even if some tokens have been removed.
[transformers] Be aware, overflowing tokens are not returned for the setting you have chosen, i.e. sequence pairs with the 'longest_first' truncation strategy. So the returned list will always be empty even if some tokens have been removed.
[transformers] Be aware, overflowing tokens are not returned for the setting you have chosen, i.e. sequence pairs with the 'longest_first' truncation strategy. So the returned list will always be empty even if some tokens have been removed.
[transformers] Be aware, overflowing tokens are not returned for the setting you have chosen, i.e. sequence pairs with the 'longest_first' truncation strategy. So the returned list will always be empty even if some tokens have been removed.
[transformers] Be aware, overflowing tokens are not returned for the setting you have chosen, i.e. sequence pairs with the 'longest_first' truncation strategy. So the returned list will always be empty even if some tokens have been removed.
[transformers] Be aware, overflowing tokens are not returned for the setting you have chosen, i.e. sequence pairs with the 'longest_first' truncation strategy. So the returned list will always be empty even if some tokens have been removed.
[transformers] Be aware, overflowing tokens are not returned for the setting you have chosen, i.e. sequence pairs with the 'longest_first' truncation strategy. So the returned list will always be empty even if some tokens have been removed.
[transformers] Be aware, overflowing tokens are not returned for the setting you have chosen, i.e. sequence pairs with the 'longest_first' truncation strategy. So the returned list will always be empty even if some tokens have been removed.
[transformers] Be aware, overflowing tokens are not returned for the setting you have chosen, i.e. sequence pairs with the 'longest_first' truncation strategy. So the returned list will always be empty even if some tokens have been removed.
[transformers] Be aware, overflowing tokens are not returned for the setting you have chosen, i.e. sequence pairs with the 'longest_first' truncation strategy. So the returned list will always be empty even if some tokens have been removed.
[transformers] Be aware, overflowing tokens are not returned for the setting you have chosen, i.e. sequence pairs with the 'longest_first' truncation strategy. So the returned list will always be empty even if some tokens have been removed.
[transformers] Be aware, overflowing tokens are not returned for the setting you have chosen, i.e. sequence pairs with the 'longest_first' truncation strategy. So the returned list will always be empty even if some tokens have been removed.
[transformers] Be aware, overflowing tokens are not returned for the setting you have chosen, i.e. sequence pairs with the 'longest_first' truncation strategy. So the returned list will always be empty even if some tokens have been removed.
[transformers] Be aware, overflowing tokens are not returned for the setting you have chosen, i.e. sequence pairs with the 'longest_first' truncation strategy. So the returned list will always be empty even if some tokens have been removed.
[transformers] Be aware, overflowing tokens are not returned for the setting you have chosen, i.e. sequence pairs with the 'longest_first' truncation strategy. So the returned list will always be empty even if some tokens have been removed.
[transformers] Be aware, overflowing tokens are not returned for the setting you have chosen, i.e. sequence pairs with the 'longest_first' truncation strategy. So the returned list will always be empty even if some tokens have been removed.
[transformers] Be aware, overflowing tokens are not returned for the setting you have chosen, i.e. sequence pairs with the 'longest_first' truncation strategy. So the returned list will always be empty even if some tokens have been removed.
[transformers] Be aware, overflowing tokens are not returned for the setting you have chosen, i.e. sequence pairs with the 'longest_first' truncation strategy. So the returned list will always be empty even if some tokens have been removed.
[transformers] Be aware, overflowing tokens are not returned for the setting you have chosen, i.e. sequence pairs with the 'longest_first' truncation strategy. So the returned list will always be empty even if some tokens have been removed.
[transformers] Be aware, overflowing tokens are not returned for the setting you have chosen, i.e. sequence pairs with the 'longest_first' truncation strategy. So the returned list will always be empty even if some tokens have been removed.
[transformers] Be aware, overflowing tokens are not returned for the setting you have chosen, i.e. sequence pairs with the 'longest_first' truncation strategy. So the returned list will always be empty even if some tokens have been removed.
[transformers] Be aware, overflowing tokens are not returned for the setting you have chosen, i.e. sequence pairs with the 'longest_first' truncation strategy. So the returned list will always be empty even if some tokens have been removed.
[transformers] Be aware, overflowing tokens are not returned for the setting you have chosen, i.e. sequence pairs with the 'longest_first' truncation strategy. So the returned list will always be empty even if some tokens have been removed.
[transformers] Be aware, overflowing tokens are not returned for the setting you have chosen, i.e. sequence pairs with the 'longest_first' truncation strategy. So the returned list will always be empty even if some tokens have been removed.
[transformers] Be aware, overflowing tokens are not returned for the setting you have chosen, i.e. sequence pairs with the 'longest_first' truncation strategy. So the returned list will always be empty even if some tokens have been removed.
[transformers] Be aware, overflowing tokens are not returned for the setting you have chosen, i.e. sequence pairs with the 'longest_first' truncation strategy. So the returned list will always be empty even if some tokens have been removed.
[transformers] Be aware, overflowing tokens are not returned for the setting you have chosen, i.e. sequence pairs with the 'longest_first' truncation strategy. So the returned list will always be empty even if some tokens have been removed.
[transformers] Be aware, overflowing tokens are not returned for the setting you have chosen, i.e. sequence pairs with the 'longest_first' truncation strategy. So the returned list will always be empty even if some tokens have been removed.
[transformers] Be aware, overflowing tokens are not returned for the setting you have chosen, i.e. sequence pairs with the 'longest_first' truncation strategy. So the returned list will always be empty even if some tokens have been removed.
[transformers] Be aware, overflowing tokens are not returned for the setting you have chosen, i.e. sequence pairs with the 'longest_first' truncation strategy. So the returned list will always be empty even if some tokens have been removed.
[transformers] Be aware, overflowing tokens are not returned for the setting you have chosen, i.e. sequence pairs with the 'longest_first' truncation strategy. So the returned list will always be empty even if some tokens have been removed.
[transformers] Be aware, overflowing tokens are not returned for the setting you have chosen, i.e. sequence pairs with the 'longest_first' truncation strategy. So the returned list will always be empty even if some tokens have been removed.
[transformers] Be aware, overflowing tokens are not returned for the setting you have chosen, i.e. sequence pairs with the 'longest_first' truncation strategy. So the returned list will always be empty even if some tokens have been removed.
[transformers] Be aware, overflowing tokens are not returned for the setting you have chosen, i.e. sequence pairs with the 'longest_first' truncation strategy. So the returned list will always be empty even if some tokens have been removed.
[transformers] Be aware, overflowing tokens are not returned for the setting you have chosen, i.e. sequence pairs with the 'longest_first' truncation strategy. So the returned list will always be empty even if some tokens have been removed.
[transformers] Be aware, overflowing tokens are not returned for the setting you have chosen, i.e. sequence pairs with the 'longest_first' truncation strategy. So the returned list will always be empty even if some tokens have been removed.
[transformers] Be aware, overflowing tokens are not returned for the setting you have chosen, i.e. sequence pairs with the 'longest_first' truncation strategy. So the returned list will always be empty even if some tokens have been removed.
[transformers] Be aware, overflowing tokens are not returned for the setting you have chosen, i.e. sequence pairs with the 'longest_first' truncation strategy. So the returned list will always be empty even if some tokens have been removed.
[transformers] Be aware, overflowing tokens are not returned for the setting you have chosen, i.e. sequence pairs with the 'longest_first' truncation strategy. So the returned list will always be empty even if some tokens have been removed.
[transformers] Be aware, overflowing tokens are not returned for the setting you have chosen, i.e. sequence pairs with the 'longest_first' truncation strategy. So the returned list will always be empty even if some tokens have been removed.
[transformers] Be aware, overflowing tokens are not returned for the setting you have chosen, i.e. sequence pairs with the 'longest_first' truncation strategy. So the returned list will always be empty even if some tokens have been removed.
[transformers] Be aware, overflowing tokens are not returned for the setting you have chosen, i.e. sequence pairs with the 'longest_first' truncation strategy. So the returned list will always be empty even if some tokens have been removed.
[transformers] Be aware, overflowing tokens are not returned for the setting you have chosen, i.e. sequence pairs with the 'longest_first' truncation strategy. So the returned list will always be empty even if some tokens have been removed.
[transformers] Be aware, overflowing tokens are not returned for the setting you have chosen, i.e. sequence pairs with the 'longest_first' truncation strategy. So the returned list will always be empty even if some tokens have been removed.
[transformers] Be aware, overflowing tokens are not returned for the setting you have chosen, i.e. sequence pairs with the 'longest_first' truncation strategy. So the returned list will always be empty even if some tokens have been removed.
[transformers] Be aware, overflowing tokens are not returned for the setting you have chosen, i.e. sequence pairs with the 'longest_first' truncation strategy. So the returned list will always be empty even if some tokens have been removed.
[transformers] Be aware, overflowing tokens are not returned for the setting you have chosen, i.e. sequence pairs with the 'longest_first' truncation strategy. So the returned list will always be empty even if some tokens have been removed.
[transformers] Be aware, overflowing tokens are not returned for the setting you have chosen, i.e. sequence pairs with the 'longest_first' truncation strategy. So the returned list will always be empty even if some tokens have been removed.
[transformers] Be aware, overflowing tokens are not returned for the setting you have chosen, i.e. sequence pairs with the 'longest_first' truncation strategy. So the returned list will always be empty even if some tokens have been removed.
[transformers] Be aware, overflowing tokens are not returned for the setting you have chosen, i.e. sequence pairs with the 'longest_first' truncation strategy. So the returned list will always be empty even if some tokens have been removed.
[transformers] Be aware, overflowing tokens are not returned for the setting you have chosen, i.e. sequence pairs with the 'longest_first' truncation strategy. So the returned list will always be empty even if some tokens have been removed.
[transformers] Be aware, overflowing tokens are not returned for the setting you have chosen, i.e. sequence pairs with the 'longest_first' truncation strategy. So the returned list will always be empty even if some tokens have been removed.
[transformers] Be aware, overflowing tokens are not returned for the setting you have chosen, i.e. sequence pairs with the 'longest_first' truncation strategy. So the returned list will always be empty even if some tokens have been removed.
[transformers] Be aware, overflowing tokens are not returned for the setting you have chosen, i.e. sequence pairs with the 'longest_first' truncation strategy. So the returned list will always be empty even if some tokens have been removed.
[transformers] Be aware, overflowing tokens are not returned for the setting you have chosen, i.e. sequence pairs with the 'longest_first' truncation strategy. So the returned list will always be empty even if some tokens have been removed.
[transformers] Be aware, overflowing tokens are not returned for the setting you have chosen, i.e. sequence pairs with the 'longest_first' truncation strategy. So the returned list will always be empty even if some tokens have been removed.
[transformers] Be aware, overflowing tokens are not returned for the setting you have chosen, i.e. sequence pairs with the 'longest_first' truncation strategy. So the returned list will always be empty even if some tokens have been removed.
[transformers] Be aware, overflowing tokens are not returned for the setting you have chosen, i.e. sequence pairs with the 'longest_first' truncation strategy. So the returned list will always be empty even if some tokens have been removed.
[transformers] Be aware, overflowing tokens are not returned for the setting you have chosen, i.e. sequence pairs with the 'longest_first' truncation strategy. So the returned list will always be empty even if some tokens have been removed.
[transformers] Be aware, overflowing tokens are not returned for the setting you have chosen, i.e. sequence pairs with the 'longest_first' truncation strategy. So the returned list will always be empty even if some tokens have been removed.
[transformers] Be aware, overflowing tokens are not returned for the setting you have chosen, i.e. sequence pairs with the 'longest_first' truncation strategy. So the returned list will always be empty even if some tokens have been removed.
[transformers] Be aware, overflowing tokens are not returned for the setting you have chosen, i.e. sequence pairs with the 'longest_first' truncation strategy. So the returned list will always be empty even if some tokens have been removed.
[transformers] Be aware, overflowing tokens are not returned for the setting you have chosen, i.e. sequence pairs with the 'longest_first' truncation strategy. So the returned list will always be empty even if some tokens have been removed.
[transformers] Be aware, overflowing tokens are not returned for the setting you have chosen, i.e. sequence pairs with the 'longest_first' truncation strategy. So the returned list will always be empty even if some tokens have been removed.
[transformers] Be aware, overflowing tokens are not returned for the setting you have chosen, i.e. sequence pairs with the 'longest_first' truncation strategy. So the returned list will always be empty even if some tokens have been removed.
[transformers] Be aware, overflowing tokens are not returned for the setting you have chosen, i.e. sequence pairs with the 'longest_first' truncation strategy. So the returned list will always be empty even if some tokens have been removed.
[transformers] Be aware, overflowing tokens are not returned for the setting you have chosen, i.e. sequence pairs with the 'longest_first' truncation strategy. So the returned list will always be empty even if some tokens have been removed.
[transformers] Be aware, overflowing tokens are not returned for the setting you have chosen, i.e. sequence pairs with the 'longest_first' truncation strategy. So the returned list will always be empty even if some tokens have been removed.
[transformers] Be aware, overflowing tokens are not returned for the setting you have chosen, i.e. sequence pairs with the 'longest_first' truncation strategy. So the returned list will always be empty even if some tokens have been removed.
[transformers] Be aware, overflowing tokens are not returned for the setting you have chosen, i.e. sequence pairs with the 'longest_first' truncation strategy. So the returned list will always be empty even if some tokens have been removed.
[transformers] Be aware, overflowing tokens are not returned for the setting you have chosen, i.e. sequence pairs with the 'longest_first' truncation strategy. So the returned list will always be empty even if some tokens have been removed.
[transformers] Be aware, overflowing tokens are not returned for the setting you have chosen, i.e. sequence pairs with the 'longest_first' truncation strategy. So the returned list will always be empty even if some tokens have been removed.
[transformers] Be aware, overflowing tokens are not returned for the setting you have chosen, i.e. sequence pairs with the 'longest_first' truncation strategy. So the returned list will always be empty even if some tokens have been removed.
[transformers] Be aware, overflowing tokens are not returned for the setting you have chosen, i.e. sequence pairs with the 'longest_first' truncation strategy. So the returned list will always be empty even if some tokens have been removed.
[transformers] Be aware, overflowing tokens are not returned for the setting you have chosen, i.e. sequence pairs with the 'longest_first' truncation strategy. So the returned list will always be empty even if some tokens have been removed.
[transformers] Be aware, overflowing tokens are not returned for the setting you have chosen, i.e. sequence pairs with the 'longest_first' truncation strategy. So the returned list will always be empty even if some tokens have been removed.
[transformers] Be aware, overflowing tokens are not returned for the setting you have chosen, i.e. sequence pairs with the 'longest_first' truncation strategy. So the returned list will always be empty even if some tokens have been removed.
[transformers] Be aware, overflowing tokens are not returned for the setting you have chosen, i.e. sequence pairs with the 'longest_first' truncation strategy. So the returned list will always be empty even if some tokens have been removed.
[transformers] Be aware, overflowing tokens are not returned for the setting you have chosen, i.e. sequence pairs with the 'longest_first' truncation strategy. So the returned list will always be empty even if some tokens have been removed.
[transformers] Be aware, overflowing tokens are not returned for the setting you have chosen, i.e. sequence pairs with the 'longest_first' truncation strategy. So the returned list will always be empty even if some tokens have been removed.
[transformers] Be aware, overflowing tokens are not returned for the setting you have chosen, i.e. sequence pairs with the 'longest_first' truncation strategy. So the returned list will always be empty even if some tokens have been removed.
[transformers] Be aware, overflowing tokens are not returned for the setting you have chosen, i.e. sequence pairs with the 'longest_first' truncation strategy. So the returned list will always be empty even if some tokens have been removed.
[transformers] Be aware, overflowing tokens are not returned for the setting you have chosen, i.e. sequence pairs with the 'longest_first' truncation strategy. So the returned list will always be empty even if some tokens have been removed.
[transformers] Be aware, overflowing tokens are not returned for the setting you have chosen, i.e. sequence pairs with the 'longest_first' truncation strategy. So the returned list will always be empty even if some tokens have been removed.
[transformers] Be aware, overflowing tokens are not returned for the setting you have chosen, i.e. sequence pairs with the 'longest_first' truncation strategy. So the returned list will always be empty even if some tokens have been removed.
[transformers] Be aware, overflowing tokens are not returned for the setting you have chosen, i.e. sequence pairs with the 'longest_first' truncation strategy. So the returned list will always be empty even if some tokens have been removed.
[transformers] Be aware, overflowing tokens are not returned for the setting you have chosen, i.e. sequence pairs with the 'longest_first' truncation strategy. So the returned list will always be empty even if some tokens have been removed.
[transformers] Be aware, overflowing tokens are not returned for the setting you have chosen, i.e. sequence pairs with the 'longest_first' truncation strategy. So the returned list will always be empty even if some tokens have been removed.
[transformers] Be aware, overflowing tokens are not returned for the setting you have chosen, i.e. sequence pairs with the 'longest_first' truncation strategy. So the returned list will always be empty even if some tokens have been removed.
[transformers] Be aware, overflowing tokens are not returned for the setting you have chosen, i.e. sequence pairs with the 'longest_first' truncation strategy. So the returned list will always be empty even if some tokens have been removed.
[transformers] Be aware, overflowing tokens are not returned for the setting you have chosen, i.e. sequence pairs with the 'longest_first' truncation strategy. So the returned list will always be empty even if some tokens have been removed.
[transformers] Be aware, overflowing tokens are not returned for the setting you have chosen, i.e. sequence pairs with the 'longest_first' truncation strategy. So the returned list will always be empty even if some tokens have been removed.
[transformers] Be aware, overflowing tokens are not returned for the setting you have chosen, i.e. sequence pairs with the 'longest_first' truncation strategy. So the returned list will always be empty even if some tokens have been removed.
[transformers] Be aware, overflowing tokens are not returned for the setting you have chosen, i.e. sequence pairs with the 'longest_first' truncation strategy. So the returned list will always be empty even if some tokens have been removed.
[transformers] Be aware, overflowing tokens are not returned for the setting you have chosen, i.e. sequence pairs with the 'longest_first' truncation strategy. So the returned list will always be empty even if some tokens have been removed.
[transformers] Be aware, overflowing tokens are not returned for the setting you have chosen, i.e. sequence pairs with the 'longest_first' truncation strategy. So the returned list will always be empty even if some tokens have been removed.
[transformers] Be aware, overflowing tokens are not returned for the setting you have chosen, i.e. sequence pairs with the 'longest_first' truncation strategy. So the returned list will always be empty even if some tokens have been removed.
[transformers] Be aware, overflowing tokens are not returned for the setting you have chosen, i.e. sequence pairs with the 'longest_first' truncation strategy. So the returned list will always be empty even if some tokens have been removed.
[transformers] Be aware, overflowing tokens are not returned for the setting you have chosen, i.e. sequence pairs with the 'longest_first' truncation strategy. So the returned list will always be empty even if some tokens have been removed.
[transformers] Be aware, overflowing tokens are not returned for the setting you have chosen, i.e. sequence pairs with the 'longest_first' truncation strategy. So the returned list will always be empty even if some tokens have been removed.
[transformers] Be aware, overflowing tokens are not returned for the setting you have chosen, i.e. sequence pairs with the 'longest_first' truncation strategy. So the returned list will always be empty even if some tokens have been removed.
[transformers] Be aware, overflowing tokens are not returned for the setting you have chosen, i.e. sequence pairs with the 'longest_first' truncation strategy. So the returned list will always be empty even if some tokens have been removed.
[transformers] Be aware, overflowing tokens are not returned for the setting you have chosen, i.e. sequence pairs with the 'longest_first' truncation strategy. So the returned list will always be empty even if some tokens have been removed.
[transformers] Be aware, overflowing tokens are not returned for the setting you have chosen, i.e. sequence pairs with the 'longest_first' truncation strategy. So the returned list will always be empty even if some tokens have been removed.
[transformers] Be aware, overflowing tokens are not returned for the setting you have chosen, i.e. sequence pairs with the 'longest_first' truncation strategy. So the returned list will always be empty even if some tokens have been removed.
[transformers] Be aware, overflowing tokens are not returned for the setting you have chosen, i.e. sequence pairs with the 'longest_first' truncation strategy. So the returned list will always be empty even if some tokens have been removed.
[transformers] Be aware, overflowing tokens are not returned for the setting you have chosen, i.e. sequence pairs with the 'longest_first' truncation strategy. So the returned list will always be empty even if some tokens have been removed.
[transformers] Be aware, overflowing tokens are not returned for the setting you have chosen, i.e. sequence pairs with the 'longest_first' truncation strategy. So the returned list will always be empty even if some tokens have been removed.
[transformers] Be aware, overflowing tokens are not returned for the setting you have chosen, i.e. sequence pairs with the 'longest_first' truncation strategy. So the returned list will always be empty even if some tokens have been removed.
[transformers] Be aware, overflowing tokens are not returned for the setting you have chosen, i.e. sequence pairs with the 'longest_first' truncation strategy. So the returned list will always be empty even if some tokens have been removed.
[transformers] Be aware, overflowing tokens are not returned for the setting you have chosen, i.e. sequence pairs with the 'longest_first' truncation strategy. So the returned list will always be empty even if some tokens have been removed.
[transformers] Be aware, overflowing tokens are not returned for the setting you have chosen, i.e. sequence pairs with the 'longest_first' truncation strategy. So the returned list will always be empty even if some tokens have been removed.
[transformers] Be aware, overflowing tokens are not returned for the setting you have chosen, i.e. sequence pairs with the 'longest_first' truncation strategy. So the returned list will always be empty even if some tokens have been removed.
[transformers] Be aware, overflowing tokens are not returned for the setting you have chosen, i.e. sequence pairs with the 'longest_first' truncation strategy. So the returned list will always be empty even if some tokens have been removed.
[transformers] Be aware, overflowing tokens are not returned for the setting you have chosen, i.e. sequence pairs with the 'longest_first' truncation strategy. So the returned list will always be empty even if some tokens have been removed.
[transformers] Be aware, overflowing tokens are not returned for the setting you have chosen, i.e. sequence pairs with the 'longest_first' truncation strategy. So the returned list will always be empty even if some tokens have been removed.
[transformers] Be aware, overflowing tokens are not returned for the setting you have chosen, i.e. sequence pairs with the 'longest_first' truncation strategy. So the returned list will always be empty even if some tokens have been removed.
[transformers] Be aware, overflowing tokens are not returned for the setting you have chosen, i.e. sequence pairs with the 'longest_first' truncation strategy. So the returned list will always be empty even if some tokens have been removed.
[transformers] Be aware, overflowing tokens are not returned for the setting you have chosen, i.e. sequence pairs with the 'longest_first' truncation strategy. So the returned list will always be empty even if some tokens have been removed.
[transformers] Be aware, overflowing tokens are not returned for the setting you have chosen, i.e. sequence pairs with the 'longest_first' truncation strategy. So the returned list will always be empty even if some tokens have been removed.
[transformers] Be aware, overflowing tokens are not returned for the setting you have chosen, i.e. sequence pairs with the 'longest_first' truncation strategy. So the returned list will always be empty even if some tokens have been removed.
[transformers] Be aware, overflowing tokens are not returned for the setting you have chosen, i.e. sequence pairs with the 'longest_first' truncation strategy. So the returned list will always be empty even if some tokens have been removed.
[transformers] Be aware, overflowing tokens are not returned for the setting you have chosen, i.e. sequence pairs with the 'longest_first' truncation strategy. So the returned list will always be empty even if some tokens have been removed.
[transformers] Be aware, overflowing tokens are not returned for the setting you have chosen, i.e. sequence pairs with the 'longest_first' truncation strategy. So the returned list will always be empty even if some tokens have been removed.
[transformers] Be aware, overflowing tokens are not returned for the setting you have chosen, i.e. sequence pairs with the 'longest_first' truncation strategy. So the returned list will always be empty even if some tokens have been removed.
[transformers] Be aware, overflowing tokens are not returned for the setting you have chosen, i.e. sequence pairs with the 'longest_first' truncation strategy. So the returned list will always be empty even if some tokens have been removed.
[transformers] Be aware, overflowing tokens are not returned for the setting you have chosen, i.e. sequence pairs with the 'longest_first' truncation strategy. So the returned list will always be empty even if some tokens have been removed.
[transformers] Be aware, overflowing tokens are not returned for the setting you have chosen, i.e. sequence pairs with the 'longest_first' truncation strategy. So the returned list will always be empty even if some tokens have been removed.
[transformers] Be aware, overflowing tokens are not returned for the setting you have chosen, i.e. sequence pairs with the 'longest_first' truncation strategy. So the returned list will always be empty even if some tokens have been removed.
[transformers] Be aware, overflowing tokens are not returned for the setting you have chosen, i.e. sequence pairs with the 'longest_first' truncation strategy. So the returned list will always be empty even if some tokens have been removed.
[transformers] Be aware, overflowing tokens are not returned for the setting you have chosen, i.e. sequence pairs with the 'longest_first' truncation strategy. So the returned list will always be empty even if some tokens have been removed.
[transformers] Be aware, overflowing tokens are not returned for the setting you have chosen, i.e. sequence pairs with the 'longest_first' truncation strategy. So the returned list will always be empty even if some tokens have been removed.
[transformers] Be aware, overflowing tokens are not returned for the setting you have chosen, i.e. sequence pairs with the 'longest_first' truncation strategy. So the returned list will always be empty even if some tokens have been removed.
[transformers] Be aware, overflowing tokens are not returned for the setting you have chosen, i.e. sequence pairs with the 'longest_first' truncation strategy. So the returned list will always be empty even if some tokens have been removed.
[transformers] Be aware, overflowing tokens are not returned for the setting you have chosen, i.e. sequence pairs with the 'longest_first' truncation strategy. So the returned list will always be empty even if some tokens have been removed.
[transformers] Be aware, overflowing tokens are not returned for the setting you have chosen, i.e. sequence pairs with the 'longest_first' truncation strategy. So the returned list will always be empty even if some tokens have been removed.
[transformers] Be aware, overflowing tokens are not returned for the setting you have chosen, i.e. sequence pairs with the 'longest_first' truncation strategy. So the returned list will always be empty even if some tokens have been removed.
[transformers] Be aware, overflowing tokens are not returned for the setting you have chosen, i.e. sequence pairs with the 'longest_first' truncation strategy. So the returned list will always be empty even if some tokens have been removed.
[transformers] Be aware, overflowing tokens are not returned for the setting you have chosen, i.e. sequence pairs with the 'longest_first' truncation strategy. So the returned list will always be empty even if some tokens have been removed.
[transformers] Be aware, overflowing tokens are not returned for the setting you have chosen, i.e. sequence pairs with the 'longest_first' truncation strategy. So the returned list will always be empty even if some tokens have been removed.
[transformers] Be aware, overflowing tokens are not returned for the setting you have chosen, i.e. sequence pairs with the 'longest_first' truncation strategy. So the returned list will always be empty even if some tokens have been removed.
[transformers] Be aware, overflowing tokens are not returned for the setting you have chosen, i.e. sequence pairs with the 'longest_first' truncation strategy. So the returned list will always be empty even if some tokens have been removed.
[transformers] Be aware, overflowing tokens are not returned for the setting you have chosen, i.e. sequence pairs with the 'longest_first' truncation strategy. So the returned list will always be empty even if some tokens have been removed.
[transformers] Be aware, overflowing tokens are not returned for the setting you have chosen, i.e. sequence pairs with the 'longest_first' truncation strategy. So the returned list will always be empty even if some tokens have been removed.
[transformers] Be aware, overflowing tokens are not returned for the setting you have chosen, i.e. sequence pairs with the 'longest_first' truncation strategy. So the returned list will always be empty even if some tokens have been removed.
[transformers] Be aware, overflowing tokens are not returned for the setting you have chosen, i.e. sequence pairs with the 'longest_first' truncation strategy. So the returned list will always be empty even if some tokens have been removed.
[transformers] Be aware, overflowing tokens are not returned for the setting you have chosen, i.e. sequence pairs with the 'longest_first' truncation strategy. So the returned list will always be empty even if some tokens have been removed.
[transformers] Be aware, overflowing tokens are not returned for the setting you have chosen, i.e. sequence pairs with the 'longest_first' truncation strategy. So the returned list will always be empty even if some tokens have been removed.
[transformers] Be aware, overflowing tokens are not returned for the setting you have chosen, i.e. sequence pairs with the 'longest_first' truncation strategy. So the returned list will always be empty even if some tokens have been removed.
[transformers] Be aware, overflowing tokens are not returned for the setting you have chosen, i.e. sequence pairs with the 'longest_first' truncation strategy. So the returned list will always be empty even if some tokens have been removed.
[transformers] Be aware, overflowing tokens are not returned for the setting you have chosen, i.e. sequence pairs with the 'longest_first' truncation strategy. So the returned list will always be empty even if some tokens have been removed.
[transformers] Be aware, overflowing tokens are not returned for the setting you have chosen, i.e. sequence pairs with the 'longest_first' truncation strategy. So the returned list will always be empty even if some tokens have been removed.
[transformers] Be aware, overflowing tokens are not returned for the setting you have chosen, i.e. sequence pairs with the 'longest_first' truncation strategy. So the returned list will always be empty even if some tokens have been removed.
[transformers] Be aware, overflowing tokens are not returned for the setting you have chosen, i.e. sequence pairs with the 'longest_first' truncation strategy. So the returned list will always be empty even if some tokens have been removed.
[transformers] Be aware, overflowing tokens are not returned for the setting you have chosen, i.e. sequence pairs with the 'longest_first' truncation strategy. So the returned list will always be empty even if some tokens have been removed.
[transformers] Be aware, overflowing tokens are not returned for the setting you have chosen, i.e. sequence pairs with the 'longest_first' truncation strategy. So the returned list will always be empty even if some tokens have been removed.
[transformers] Be aware, overflowing tokens are not returned for the setting you have chosen, i.e. sequence pairs with the 'longest_first' truncation strategy. So the returned list will always be empty even if some tokens have been removed.
[transformers] Be aware, overflowing tokens are not returned for the setting you have chosen, i.e. sequence pairs with the 'longest_first' truncation strategy. So the returned list will always be empty even if some tokens have been removed.
[transformers] Be aware, overflowing tokens are not returned for the setting you have chosen, i.e. sequence pairs with the 'longest_first' truncation strategy. So the returned list will always be empty even if some tokens have been removed.
[transformers] Be aware, overflowing tokens are not returned for the setting you have chosen, i.e. sequence pairs with the 'longest_first' truncation strategy. So the returned list will always be empty even if some tokens have been removed.
[transformers] Be aware, overflowing tokens are not returned for the setting you have chosen, i.e. sequence pairs with the 'longest_first' truncation strategy. So the returned list will always be empty even if some tokens have been removed.
[transformers] Be aware, overflowing tokens are not returned for the setting you have chosen, i.e. sequence pairs with the 'longest_first' truncation strategy. So the returned list will always be empty even if some tokens have been removed.
[transformers] Be aware, overflowing tokens are not returned for the setting you have chosen, i.e. sequence pairs with the 'longest_first' truncation strategy. So the returned list will always be empty even if some tokens have been removed.
[transformers] Be aware, overflowing tokens are not returned for the setting you have chosen, i.e. sequence pairs with the 'longest_first' truncation strategy. So the returned list will always be empty even if some tokens have been removed.
[transformers] Be aware, overflowing tokens are not returned for the setting you have chosen, i.e. sequence pairs with the 'longest_first' truncation strategy. So the returned list will always be empty even if some tokens have been removed.
[transformers] Be aware, overflowing tokens are not returned for the setting you have chosen, i.e. sequence pairs with the 'longest_first' truncation strategy. So the returned list will always be empty even if some tokens have been removed.
[transformers] Be aware, overflowing tokens are not returned for the setting you have chosen, i.e. sequence pairs with the 'longest_first' truncation strategy. So the returned list will always be empty even if some tokens have been removed.
[transformers] Be aware, overflowing tokens are not returned for the setting you have chosen, i.e. sequence pairs with the 'longest_first' truncation strategy. So the returned list will always be empty even if some tokens have been removed.
[transformers] Be aware, overflowing tokens are not returned for the setting you have chosen, i.e. sequence pairs with the 'longest_first' truncation strategy. So the returned list will always be empty even if some tokens have been removed.
[transformers] Be aware, overflowing tokens are not returned for the setting you have chosen, i.e. sequence pairs with the 'longest_first' truncation strategy. So the returned list will always be empty even if some tokens have been removed.
[transformers] Be aware, overflowing tokens are not returned for the setting you have chosen, i.e. sequence pairs with the 'longest_first' truncation strategy. So the returned list will always be empty even if some tokens have been removed.
[transformers] Be aware, overflowing tokens are not returned for the setting you have chosen, i.e. sequence pairs with the 'longest_first' truncation strategy. So the returned list will always be empty even if some tokens have been removed.
[transformers] Be aware, overflowing tokens are not returned for the setting you have chosen, i.e. sequence pairs with the 'longest_first' truncation strategy. So the returned list will always be empty even if some tokens have been removed.
[transformers] Be aware, overflowing tokens are not returned for the setting you have chosen, i.e. sequence pairs with the 'longest_first' truncation strategy. So the returned list will always be empty even if some tokens have been removed.
[transformers] Be aware, overflowing tokens are not returned for the setting you have chosen, i.e. sequence pairs with the 'longest_first' truncation strategy. So the returned list will always be empty even if some tokens have been removed.
[transformers] Be aware, overflowing tokens are not returned for the setting you have chosen, i.e. sequence pairs with the 'longest_first' truncation strategy. So the returned list will always be empty even if some tokens have been removed.
[transformers] Be aware, overflowing tokens are not returned for the setting you have chosen, i.e. sequence pairs with the 'longest_first' truncation strategy. So the returned list will always be empty even if some tokens have been removed.
[transformers] Be aware, overflowing tokens are not returned for the setting you have chosen, i.e. sequence pairs with the 'longest_first' truncation strategy. So the returned list will always be empty even if some tokens have been removed.
[transformers] Be aware, overflowing tokens are not returned for the setting you have chosen, i.e. sequence pairs with the 'longest_first' truncation strategy. So the returned list will always be empty even if some tokens have been removed.
[transformers] Be aware, overflowing tokens are not returned for the setting you have chosen, i.e. sequence pairs with the 'longest_first' truncation strategy. So the returned list will always be empty even if some tokens have been removed.
[transformers] Be aware, overflowing tokens are not returned for the setting you have chosen, i.e. sequence pairs with the 'longest_first' truncation strategy. So the returned list will always be empty even if some tokens have been removed.
[transformers] Be aware, overflowing tokens are not returned for the setting you have chosen, i.e. sequence pairs with the 'longest_first' truncation strategy. So the returned list will always be empty even if some tokens have been removed.
[transformers] Be aware, overflowing tokens are not returned for the setting you have chosen, i.e. sequence pairs with the 'longest_first' truncation strategy. So the returned list will always be empty even if some tokens have been removed.
[transformers] Be aware, overflowing tokens are not returned for the setting you have chosen, i.e. sequence pairs with the 'longest_first' truncation strategy. So the returned list will always be empty even if some tokens have been removed.
[transformers] Be aware, overflowing tokens are not returned for the setting you have chosen, i.e. sequence pairs with the 'longest_first' truncation strategy. So the returned list will always be empty even if some tokens have been removed.
[transformers] Be aware, overflowing tokens are not returned for the setting you have chosen, i.e. sequence pairs with the 'longest_first' truncation strategy. So the returned list will always be empty even if some tokens have been removed.
[transformers] Be aware, overflowing tokens are not returned for the setting you have chosen, i.e. sequence pairs with the 'longest_first' truncation strategy. So the returned list will always be empty even if some tokens have been removed.
[transformers] Be aware, overflowing tokens are not returned for the setting you have chosen, i.e. sequence pairs with the 'longest_first' truncation strategy. So the returned list will always be empty even if some tokens have been removed.
[transformers] Be aware, overflowing tokens are not returned for the setting you have chosen, i.e. sequence pairs with the 'longest_first' truncation strategy. So the returned list will always be empty even if some tokens have been removed.
[transformers] Be aware, overflowing tokens are not returned for the setting you have chosen, i.e. sequence pairs with the 'longest_first' truncation strategy. So the returned list will always be empty even if some tokens have been removed.
[transformers] Be aware, overflowing tokens are not returned for the setting you have chosen, i.e. sequence pairs with the 'longest_first' truncation strategy. So the returned list will always be empty even if some tokens have been removed.
[transformers] Be aware, overflowing tokens are not returned for the setting you have chosen, i.e. sequence pairs with the 'longest_first' truncation strategy. So the returned list will always be empty even if some tokens have been removed.
[transformers] Be aware, overflowing tokens are not returned for the setting you have chosen, i.e. sequence pairs with the 'longest_first' truncation strategy. So the returned list will always be empty even if some tokens have been removed.
[transformers] Be aware, overflowing tokens are not returned for the setting you have chosen, i.e. sequence pairs with the 'longest_first' truncation strategy. So the returned list will always be empty even if some tokens have been removed.
[transformers] Be aware, overflowing tokens are not returned for the setting you have chosen, i.e. sequence pairs with the 'longest_first' truncation strategy. So the returned list will always be empty even if some tokens have been removed.
[transformers] Be aware, overflowing tokens are not returned for the setting you have chosen, i.e. sequence pairs with the 'longest_first' truncation strategy. So the returned list will always be empty even if some tokens have been removed.
[transformers] Be aware, overflowing tokens are not returned for the setting you have chosen, i.e. sequence pairs with the 'longest_first' truncation strategy. So the returned list will always be empty even if some tokens have been removed.
[transformers] Be aware, overflowing tokens are not returned for the setting you have chosen, i.e. sequence pairs with the 'longest_first' truncation strategy. So the returned list will always be empty even if some tokens have been removed.
[transformers] Be aware, overflowing tokens are not returned for the setting you have chosen, i.e. sequence pairs with the 'longest_first' truncation strategy. So the returned list will always be empty even if some tokens have been removed.
[transformers] Be aware, overflowing tokens are not returned for the setting you have chosen, i.e. sequence pairs with the 'longest_first' truncation strategy. So the returned list will always be empty even if some tokens have been removed.
[transformers] Be aware, overflowing tokens are not returned for the setting you have chosen, i.e. sequence pairs with the 'longest_first' truncation strategy. So the returned list will always be empty even if some tokens have been removed.
[transformers] Be aware, overflowing tokens are not returned for the setting you have chosen, i.e. sequence pairs with the 'longest_first' truncation strategy. So the returned list will always be empty even if some tokens have been removed.
[transformers] Be aware, overflowing tokens are not returned for the setting you have chosen, i.e. sequence pairs with the 'longest_first' truncation strategy. So the returned list will always be empty even if some tokens have been removed.
[transformers] Be aware, overflowing tokens are not returned for the setting you have chosen, i.e. sequence pairs with the 'longest_first' truncation strategy. So the returned list will always be empty even if some tokens have been removed.
[transformers] Be aware, overflowing tokens are not returned for the setting you have chosen, i.e. sequence pairs with the 'longest_first' truncation strategy. So the returned list will always be empty even if some tokens have been removed.
[transformers] Be aware, overflowing tokens are not returned for the setting you have chosen, i.e. sequence pairs with the 'longest_first' truncation strategy. So the returned list will always be empty even if some tokens have been removed.
[transformers] Be aware, overflowing tokens are not returned for the setting you have chosen, i.e. sequence pairs with the 'longest_first' truncation strategy. So the returned list will always be empty even if some tokens have been removed.
[transformers] Be aware, overflowing tokens are not returned for the setting you have chosen, i.e. sequence pairs with the 'longest_first' truncation strategy. So the returned list will always be empty even if some tokens have been removed.
[transformers] Be aware, overflowing tokens are not returned for the setting you have chosen, i.e. sequence pairs with the 'longest_first' truncation strategy. So the returned list will always be empty even if some tokens have been removed.
[transformers] Be aware, overflowing tokens are not returned for the setting you have chosen, i.e. sequence pairs with the 'longest_first' truncation strategy. So the returned list will always be empty even if some tokens have been removed.
[transformers] Be aware, overflowing tokens are not returned for the setting you have chosen, i.e. sequence pairs with the 'longest_first' truncation strategy. So the returned list will always be empty even if some tokens have been removed.
[transformers] Be aware, overflowing tokens are not returned for the setting you have chosen, i.e. sequence pairs with the 'longest_first' truncation strategy. So the returned list will always be empty even if some tokens have been removed.
[transformers] Be aware, overflowing tokens are not returned for the setting you have chosen, i.e. sequence pairs with the 'longest_first' truncation strategy. So the returned list will always be empty even if some tokens have been removed.
[transformers] Be aware, overflowing tokens are not returned for the setting you have chosen, i.e. sequence pairs with the 'longest_first' truncation strategy. So the returned list will always be empty even if some tokens have been removed.
[transformers] Be aware, overflowing tokens are not returned for the setting you have chosen, i.e. sequence pairs with the 'longest_first' truncation strategy. So the returned list will always be empty even if some tokens have been removed.
[transformers] Be aware, overflowing tokens are not returned for the setting you have chosen, i.e. sequence pairs with the 'longest_first' truncation strategy. So the returned list will always be empty even if some tokens have been removed.
[transformers] Be aware, overflowing tokens are not returned for the setting you have chosen, i.e. sequence pairs with the 'longest_first' truncation strategy. So the returned list will always be empty even if some tokens have been removed.
[transformers] Be aware, overflowing tokens are not returned for the setting you have chosen, i.e. sequence pairs with the 'longest_first' truncation strategy. So the returned list will always be empty even if some tokens have been removed.
[transformers] Be aware, overflowing tokens are not returned for the setting you have chosen, i.e. sequence pairs with the 'longest_first' truncation strategy. So the returned list will always be empty even if some tokens have been removed.
[transformers] Be aware, overflowing tokens are not returned for the setting you have chosen, i.e. sequence pairs with the 'longest_first' truncation strategy. So the returned list will always be empty even if some tokens have been removed.
[transformers] Be aware, overflowing tokens are not returned for the setting you have chosen, i.e. sequence pairs with the 'longest_first' truncation strategy. So the returned list will always be empty even if some tokens have been removed.
[transformers] Be aware, overflowing tokens are not returned for the setting you have chosen, i.e. sequence pairs with the 'longest_first' truncation strategy. So the returned list will always be empty even if some tokens have been removed.
[transformers] Be aware, overflowing tokens are not returned for the setting you have chosen, i.e. sequence pairs with the 'longest_first' truncation strategy. So the returned list will always be empty even if some tokens have been removed.
[transformers] Be aware, overflowing tokens are not returned for the setting you have chosen, i.e. sequence pairs with the 'longest_first' truncation strategy. So the returned list will always be empty even if some tokens have been removed.
[transformers] Be aware, overflowing tokens are not returned for the setting you have chosen, i.e. sequence pairs with the 'longest_first' truncation strategy. So the returned list will always be empty even if some tokens have been removed.
[transformers] Be aware, overflowing tokens are not returned for the setting you have chosen, i.e. sequence pairs with the 'longest_first' truncation strategy. So the returned list will always be empty even if some tokens have been removed.
[transformers] Be aware, overflowing tokens are not returned for the setting you have chosen, i.e. sequence pairs with the 'longest_first' truncation strategy. So the returned list will always be empty even if some tokens have been removed.
[transformers] Be aware, overflowing tokens are not returned for the setting you have chosen, i.e. sequence pairs with the 'longest_first' truncation strategy. So the returned list will always be empty even if some tokens have been removed.
[transformers] Be aware, overflowing tokens are not returned for the setting you have chosen, i.e. sequence pairs with the 'longest_first' truncation strategy. So the returned list will always be empty even if some tokens have been removed.
[transformers] Be aware, overflowing tokens are not returned for the setting you have chosen, i.e. sequence pairs with the 'longest_first' truncation strategy. So the returned list will always be empty even if some tokens have been removed.
[transformers] Be aware, overflowing tokens are not returned for the setting you have chosen, i.e. sequence pairs with the 'longest_first' truncation strategy. So the returned list will always be empty even if some tokens have been removed.
[transformers] Be aware, overflowing tokens are not returned for the setting you have chosen, i.e. sequence pairs with the 'longest_first' truncation strategy. So the returned list will always be empty even if some tokens have been removed.
[transformers] Be aware, overflowing tokens are not returned for the setting you have chosen, i.e. sequence pairs with the 'longest_first' truncation strategy. So the returned list will always be empty even if some tokens have been removed.
[transformers] Be aware, overflowing tokens are not returned for the setting you have chosen, i.e. sequence pairs with the 'longest_first' truncation strategy. So the returned list will always be empty even if some tokens have been removed.
[transformers] Be aware, overflowing tokens are not returned for the setting you have chosen, i.e. sequence pairs with the 'longest_first' truncation strategy. So the returned list will always be empty even if some tokens have been removed.
[transformers] Be aware, overflowing tokens are not returned for the setting you have chosen, i.e. sequence pairs with the 'longest_first' truncation strategy. So the returned list will always be empty even if some tokens have been removed.
[transformers] Be aware, overflowing tokens are not returned for the setting you have chosen, i.e. sequence pairs with the 'longest_first' truncation strategy. So the returned list will always be empty even if some tokens have been removed.
[transformers] Be aware, overflowing tokens are not returned for the setting you have chosen, i.e. sequence pairs with the 'longest_first' truncation strategy. So the returned list will always be empty even if some tokens have been removed.
[transformers] Be aware, overflowing tokens are not returned for the setting you have chosen, i.e. sequence pairs with the 'longest_first' truncation strategy. So the returned list will always be empty even if some tokens have been removed.
[transformers] Be aware, overflowing tokens are not returned for the setting you have chosen, i.e. sequence pairs with the 'longest_first' truncation strategy. So the returned list will always be empty even if some tokens have been removed.
[transformers] Be aware, overflowing tokens are not returned for the setting you have chosen, i.e. sequence pairs with the 'longest_first' truncation strategy. So the returned list will always be empty even if some tokens have been removed.
[transformers] Be aware, overflowing tokens are not returned for the setting you have chosen, i.e. sequence pairs with the 'longest_first' truncation strategy. So the returned list will always be empty even if some tokens have been removed.
[transformers] Be aware, overflowing tokens are not returned for the setting you have chosen, i.e. sequence pairs with the 'longest_first' truncation strategy. So the returned list will always be empty even if some tokens have been removed.
[transformers] Be aware, overflowing tokens are not returned for the setting you have chosen, i.e. sequence pairs with the 'longest_first' truncation strategy. So the returned list will always be empty even if some tokens have been removed.
[transformers] Be aware, overflowing tokens are not returned for the setting you have chosen, i.e. sequence pairs with the 'longest_first' truncation strategy. So the returned list will always be empty even if some tokens have been removed.
[transformers] Be aware, overflowing tokens are not returned for the setting you have chosen, i.e. sequence pairs with the 'longest_first' truncation strategy. So the returned list will always be empty even if some tokens have been removed.
[transformers] Be aware, overflowing tokens are not returned for the setting you have chosen, i.e. sequence pairs with the 'longest_first' truncation strategy. So the returned list will always be empty even if some tokens have been removed.
[transformers] Be aware, overflowing tokens are not returned for the setting you have chosen, i.e. sequence pairs with the 'longest_first' truncation strategy. So the returned list will always be empty even if some tokens have been removed.
[transformers] Be aware, overflowing tokens are not returned for the setting you have chosen, i.e. sequence pairs with the 'longest_first' truncation strategy. So the returned list will always be empty even if some tokens have been removed.
[transformers] Be aware, overflowing tokens are not returned for the setting you have chosen, i.e. sequence pairs with the 'longest_first' truncation strategy. So the returned list will always be empty even if some tokens have been removed.
[transformers] Be aware, overflowing tokens are not returned for the setting you have chosen, i.e. sequence pairs with the 'longest_first' truncation strategy. So the returned list will always be empty even if some tokens have been removed.
[transformers] Be aware, overflowing tokens are not returned for the setting you have chosen, i.e. sequence pairs with the 'longest_first' truncation strategy. So the returned list will always be empty even if some tokens have been removed.
[transformers] Be aware, overflowing tokens are not returned for the setting you have chosen, i.e. sequence pairs with the 'longest_first' truncation strategy. So the returned list will always be empty even if some tokens have been removed.
[transformers] Be aware, overflowing tokens are not returned for the setting you have chosen, i.e. sequence pairs with the 'longest_first' truncation strategy. So the returned list will always be empty even if some tokens have been removed.
[transformers] Be aware, overflowing tokens are not returned for the setting you have chosen, i.e. sequence pairs with the 'longest_first' truncation strategy. So the returned list will always be empty even if some tokens have been removed.
[transformers] Be aware, overflowing tokens are not returned for the setting you have chosen, i.e. sequence pairs with the 'longest_first' truncation strategy. So the returned list will always be empty even if some tokens have been removed.
[transformers] Be aware, overflowing tokens are not returned for the setting you have chosen, i.e. sequence pairs with the 'longest_first' truncation strategy. So the returned list will always be empty even if some tokens have been removed.
[transformers] Be aware, overflowing tokens are not returned for the setting you have chosen, i.e. sequence pairs with the 'longest_first' truncation strategy. So the returned list will always be empty even if some tokens have been removed.
[transformers] Be aware, overflowing tokens are not returned for the setting you have chosen, i.e. sequence pairs with the 'longest_first' truncation strategy. So the returned list will always be empty even if some tokens have been removed.
[transformers] Be aware, overflowing tokens are not returned for the setting you have chosen, i.e. sequence pairs with the 'longest_first' truncation strategy. So the returned list will always be empty even if some tokens have been removed.
[transformers] Be aware, overflowing tokens are not returned for the setting you have chosen, i.e. sequence pairs with the 'longest_first' truncation strategy. So the returned list will always be empty even if some tokens have been removed.
[transformers] Be aware, overflowing tokens are not returned for the setting you have chosen, i.e. sequence pairs with the 'longest_first' truncation strategy. So the returned list will always be empty even if some tokens have been removed.
[transformers] Be aware, overflowing tokens are not returned for the setting you have chosen, i.e. sequence pairs with the 'longest_first' truncation strategy. So the returned list will always be empty even if some tokens have been removed.
[transformers] Be aware, overflowing tokens are not returned for the setting you have chosen, i.e. sequence pairs with the 'longest_first' truncation strategy. So the returned list will always be empty even if some tokens have been removed.
[transformers] Be aware, overflowing tokens are not returned for the setting you have chosen, i.e. sequence pairs with the 'longest_first' truncation strategy. So the returned list will always be empty even if some tokens have been removed.
[transformers] Be aware, overflowing tokens are not returned for the setting you have chosen, i.e. sequence pairs with the 'longest_first' truncation strategy. So the returned list will always be empty even if some tokens have been removed.
[transformers] Be aware, overflowing tokens are not returned for the setting you have chosen, i.e. sequence pairs with the 'longest_first' truncation strategy. So the returned list will always be empty even if some tokens have been removed.
[transformers] Be aware, overflowing tokens are not returned for the setting you have chosen, i.e. sequence pairs with the 'longest_first' truncation strategy. So the returned list will always be empty even if some tokens have been removed.
[transformers] Be aware, overflowing tokens are not returned for the setting you have chosen, i.e. sequence pairs with the 'longest_first' truncation strategy. So the returned list will always be empty even if some tokens have been removed.
[transformers] Be aware, overflowing tokens are not returned for the setting you have chosen, i.e. sequence pairs with the 'longest_first' truncation strategy. So the returned list will always be empty even if some tokens have been removed.
[transformers] Be aware, overflowing tokens are not returned for the setting you have chosen, i.e. sequence pairs with the 'longest_first' truncation strategy. So the returned list will always be empty even if some tokens have been removed.
[transformers] Be aware, overflowing tokens are not returned for the setting you have chosen, i.e. sequence pairs with the 'longest_first' truncation strategy. So the returned list will always be empty even if some tokens have been removed.
[transformers] Be aware, overflowing tokens are not returned for the setting you have chosen, i.e. sequence pairs with the 'longest_first' truncation strategy. So the returned list will always be empty even if some tokens have been removed.
[transformers] Be aware, overflowing tokens are not returned for the setting you have chosen, i.e. sequence pairs with the 'longest_first' truncation strategy. So the returned list will always be empty even if some tokens have been removed.
[transformers] Be aware, overflowing tokens are not returned for the setting you have chosen, i.e. sequence pairs with the 'longest_first' truncation strategy. So the returned list will always be empty even if some tokens have been removed.
[transformers] Be aware, overflowing tokens are not returned for the setting you have chosen, i.e. sequence pairs with the 'longest_first' truncation strategy. So the returned list will always be empty even if some tokens have been removed.
[transformers] Be aware, overflowing tokens are not returned for the setting you have chosen, i.e. sequence pairs with the 'longest_first' truncation strategy. So the returned list will always be empty even if some tokens have been removed.
[transformers] Be aware, overflowing tokens are not returned for the setting you have chosen, i.e. sequence pairs with the 'longest_first' truncation strategy. So the returned list will always be empty even if some tokens have been removed.
[transformers] Be aware, overflowing tokens are not returned for the setting you have chosen, i.e. sequence pairs with the 'longest_first' truncation strategy. So the returned list will always be empty even if some tokens have been removed.
[transformers] Be aware, overflowing tokens are not returned for the setting you have chosen, i.e. sequence pairs with the 'longest_first' truncation strategy. So the returned list will always be empty even if some tokens have been removed.
[transformers] Be aware, overflowing tokens are not returned for the setting you have chosen, i.e. sequence pairs with the 'longest_first' truncation strategy. So the returned list will always be empty even if some tokens have been removed.
[transformers] Be aware, overflowing tokens are not returned for the setting you have chosen, i.e. sequence pairs with the 'longest_first' truncation strategy. So the returned list will always be empty even if some tokens have been removed.
[transformers] Be aware, overflowing tokens are not returned for the setting you have chosen, i.e. sequence pairs with the 'longest_first' truncation strategy. So the returned list will always be empty even if some tokens have been removed.
[transformers] Be aware, overflowing tokens are not returned for the setting you have chosen, i.e. sequence pairs with the 'longest_first' truncation strategy. So the returned list will always be empty even if some tokens have been removed.
[transformers] Be aware, overflowing tokens are not returned for the setting you have chosen, i.e. sequence pairs with the 'longest_first' truncation strategy. So the returned list will always be empty even if some tokens have been removed.
[transformers] Be aware, overflowing tokens are not returned for the setting you have chosen, i.e. sequence pairs with the 'longest_first' truncation strategy. So the returned list will always be empty even if some tokens have been removed.
[transformers] Be aware, overflowing tokens are not returned for the setting you have chosen, i.e. sequence pairs with the 'longest_first' truncation strategy. So the returned list will always be empty even if some tokens have been removed.
[transformers] Be aware, overflowing tokens are not returned for the setting you have chosen, i.e. sequence pairs with the 'longest_first' truncation strategy. So the returned list will always be empty even if some tokens have been removed.
[transformers] Be aware, overflowing tokens are not returned for the setting you have chosen, i.e. sequence pairs with the 'longest_first' truncation strategy. So the returned list will always be empty even if some tokens have been removed.
[transformers] Be aware, overflowing tokens are not returned for the setting you have chosen, i.e. sequence pairs with the 'longest_first' truncation strategy. So the returned list will always be empty even if some tokens have been removed.
[transformers] Be aware, overflowing tokens are not returned for the setting you have chosen, i.e. sequence pairs with the 'longest_first' truncation strategy. So the returned list will always be empty even if some tokens have been removed.
[transformers] Be aware, overflowing tokens are not returned for the setting you have chosen, i.e. sequence pairs with the 'longest_first' truncation strategy. So the returned list will always be empty even if some tokens have been removed.
[transformers] Be aware, overflowing tokens are not returned for the setting you have chosen, i.e. sequence pairs with the 'longest_first' truncation strategy. So the returned list will always be empty even if some tokens have been removed.
[transformers] Be aware, overflowing tokens are not returned for the setting you have chosen, i.e. sequence pairs with the 'longest_first' truncation strategy. So the returned list will always be empty even if some tokens have been removed.
[transformers] Be aware, overflowing tokens are not returned for the setting you have chosen, i.e. sequence pairs with the 'longest_first' truncation strategy. So the returned list will always be empty even if some tokens have been removed.
[transformers] Be aware, overflowing tokens are not returned for the setting you have chosen, i.e. sequence pairs with the 'longest_first' truncation strategy. So the returned list will always be empty even if some tokens have been removed.
[transformers] Be aware, overflowing tokens are not returned for the setting you have chosen, i.e. sequence pairs with the 'longest_first' truncation strategy. So the returned list will always be empty even if some tokens have been removed.
[transformers] Be aware, overflowing tokens are not returned for the setting you have chosen, i.e. sequence pairs with the 'longest_first' truncation strategy. So the returned list will always be empty even if some tokens have been removed.
[transformers] Be aware, overflowing tokens are not returned for the setting you have chosen, i.e. sequence pairs with the 'longest_first' truncation strategy. So the returned list will always be empty even if some tokens have been removed.
[transformers] Be aware, overflowing tokens are not returned for the setting you have chosen, i.e. sequence pairs with the 'longest_first' truncation strategy. So the returned list will always be empty even if some tokens have been removed.
[transformers] Be aware, overflowing tokens are not returned for the setting you have chosen, i.e. sequence pairs with the 'longest_first' truncation strategy. So the returned list will always be empty even if some tokens have been removed.
[transformers] Be aware, overflowing tokens are not returned for the setting you have chosen, i.e. sequence pairs with the 'longest_first' truncation strategy. So the returned list will always be empty even if some tokens have been removed.
[transformers] Be aware, overflowing tokens are not returned for the setting you have chosen, i.e. sequence pairs with the 'longest_first' truncation strategy. So the returned list will always be empty even if some tokens have been removed.
[transformers] Be aware, overflowing tokens are not returned for the setting you have chosen, i.e. sequence pairs with the 'longest_first' truncation strategy. So the returned list will always be empty even if some tokens have been removed.
[transformers] Be aware, overflowing tokens are not returned for the setting you have chosen, i.e. sequence pairs with the 'longest_first' truncation strategy. So the returned list will always be empty even if some tokens have been removed.
[transformers] Be aware, overflowing tokens are not returned for the setting you have chosen, i.e. sequence pairs with the 'longest_first' truncation strategy. So the returned list will always be empty even if some tokens have been removed.
[transformers] Be aware, overflowing tokens are not returned for the setting you have chosen, i.e. sequence pairs with the 'longest_first' truncation strategy. So the returned list will always be empty even if some tokens have been removed.
[transformers] Be aware, overflowing tokens are not returned for the setting you have chosen, i.e. sequence pairs with the 'longest_first' truncation strategy. So the returned list will always be empty even if some tokens have been removed.
[transformers] Be aware, overflowing tokens are not returned for the setting you have chosen, i.e. sequence pairs with the 'longest_first' truncation strategy. So the returned list will always be empty even if some tokens have been removed.
[transformers] Be aware, overflowing tokens are not returned for the setting you have chosen, i.e. sequence pairs with the 'longest_first' truncation strategy. So the returned list will always be empty even if some tokens have been removed.
[transformers] Be aware, overflowing tokens are not returned for the setting you have chosen, i.e. sequence pairs with the 'longest_first' truncation strategy. So the returned list will always be empty even if some tokens have been removed.
[transformers] Be aware, overflowing tokens are not returned for the setting you have chosen, i.e. sequence pairs with the 'longest_first' truncation strategy. So the returned list will always be empty even if some tokens have been removed.
[transformers] Be aware, overflowing tokens are not returned for the setting you have chosen, i.e. sequence pairs with the 'longest_first' truncation strategy. So the returned list will always be empty even if some tokens have been removed.
[transformers] Be aware, overflowing tokens are not returned for the setting you have chosen, i.e. sequence pairs with the 'longest_first' truncation strategy. So the returned list will always be empty even if some tokens have been removed.
[transformers] Be aware, overflowing tokens are not returned for the setting you have chosen, i.e. sequence pairs with the 'longest_first' truncation strategy. So the returned list will always be empty even if some tokens have been removed.
[transformers] Be aware, overflowing tokens are not returned for the setting you have chosen, i.e. sequence pairs with the 'longest_first' truncation strategy. So the returned list will always be empty even if some tokens have been removed.
[transformers] Be aware, overflowing tokens are not returned for the setting you have chosen, i.e. sequence pairs with the 'longest_first' truncation strategy. So the returned list will always be empty even if some tokens have been removed.
[transformers] Be aware, overflowing tokens are not returned for the setting you have chosen, i.e. sequence pairs with the 'longest_first' truncation strategy. So the returned list will always be empty even if some tokens have been removed.
[transformers] Be aware, overflowing tokens are not returned for the setting you have chosen, i.e. sequence pairs with the 'longest_first' truncation strategy. So the returned list will always be empty even if some tokens have been removed.
[transformers] Be aware, overflowing tokens are not returned for the setting you have chosen, i.e. sequence pairs with the 'longest_first' truncation strategy. So the returned list will always be empty even if some tokens have been removed.
[transformers] Be aware, overflowing tokens are not returned for the setting you have chosen, i.e. sequence pairs with the 'longest_first' truncation strategy. So the returned list will always be empty even if some tokens have been removed.
[transformers] Be aware, overflowing tokens are not returned for the setting you have chosen, i.e. sequence pairs with the 'longest_first' truncation strategy. So the returned list will always be empty even if some tokens have been removed.
[transformers] Be aware, overflowing tokens are not returned for the setting you have chosen, i.e. sequence pairs with the 'longest_first' truncation strategy. So the returned list will always be empty even if some tokens have been removed.
[transformers] Be aware, overflowing tokens are not returned for the setting you have chosen, i.e. sequence pairs with the 'longest_first' truncation strategy. So the returned list will always be empty even if some tokens have been removed.
[transformers] Be aware, overflowing tokens are not returned for the setting you have chosen, i.e. sequence pairs with the 'longest_first' truncation strategy. So the returned list will always be empty even if some tokens have been removed.
[transformers] Be aware, overflowing tokens are not returned for the setting you have chosen, i.e. sequence pairs with the 'longest_first' truncation strategy. So the returned list will always be empty even if some tokens have been removed.
[transformers] Be aware, overflowing tokens are not returned for the setting you have chosen, i.e. sequence pairs with the 'longest_first' truncation strategy. So the returned list will always be empty even if some tokens have been removed.
[transformers] Be aware, overflowing tokens are not returned for the setting you have chosen, i.e. sequence pairs with the 'longest_first' truncation strategy. So the returned list will always be empty even if some tokens have been removed.
[transformers] Be aware, overflowing tokens are not returned for the setting you have chosen, i.e. sequence pairs with the 'longest_first' truncation strategy. So the returned list will always be empty even if some tokens have been removed.
[transformers] Be aware, overflowing tokens are not returned for the setting you have chosen, i.e. sequence pairs with the 'longest_first' truncation strategy. So the returned list will always be empty even if some tokens have been removed.
[transformers] Be aware, overflowing tokens are not returned for the setting you have chosen, i.e. sequence pairs with the 'longest_first' truncation strategy. So the returned list will always be empty even if some tokens have been removed.
[transformers] Be aware, overflowing tokens are not returned for the setting you have chosen, i.e. sequence pairs with the 'longest_first' truncation strategy. So the returned list will always be empty even if some tokens have been removed.
[transformers] Be aware, overflowing tokens are not returned for the setting you have chosen, i.e. sequence pairs with the 'longest_first' truncation strategy. So the returned list will always be empty even if some tokens have been removed.
[transformers] Be aware, overflowing tokens are not returned for the setting you have chosen, i.e. sequence pairs with the 'longest_first' truncation strategy. So the returned list will always be empty even if some tokens have been removed.
[transformers] Be aware, overflowing tokens are not returned for the setting you have chosen, i.e. sequence pairs with the 'longest_first' truncation strategy. So the returned list will always be empty even if some tokens have been removed.
[transformers] Be aware, overflowing tokens are not returned for the setting you have chosen, i.e. sequence pairs with the 'longest_first' truncation strategy. So the returned list will always be empty even if some tokens have been removed.
[transformers] Be aware, overflowing tokens are not returned for the setting you have chosen, i.e. sequence pairs with the 'longest_first' truncation strategy. So the returned list will always be empty even if some tokens have been removed.
[transformers] Be aware, overflowing tokens are not returned for the setting you have chosen, i.e. sequence pairs with the 'longest_first' truncation strategy. So the returned list will always be empty even if some tokens have been removed.
[transformers] Be aware, overflowing tokens are not returned for the setting you have chosen, i.e. sequence pairs with the 'longest_first' truncation strategy. So the returned list will always be empty even if some tokens have been removed.
[transformers] Be aware, overflowing tokens are not returned for the setting you have chosen, i.e. sequence pairs with the 'longest_first' truncation strategy. So the returned list will always be empty even if some tokens have been removed.
[transformers] Be aware, overflowing tokens are not returned for the setting you have chosen, i.e. sequence pairs with the 'longest_first' truncation strategy. So the returned list will always be empty even if some tokens have been removed.
[transformers] Be aware, overflowing tokens are not returned for the setting you have chosen, i.e. sequence pairs with the 'longest_first' truncation strategy. So the returned list will always be empty even if some tokens have been removed.
[transformers] Be aware, overflowing tokens are not returned for the setting you have chosen, i.e. sequence pairs with the 'longest_first' truncation strategy. So the returned list will always be empty even if some tokens have been removed.
[transformers] Be aware, overflowing tokens are not returned for the setting you have chosen, i.e. sequence pairs with the 'longest_first' truncation strategy. So the returned list will always be empty even if some tokens have been removed.
[transformers] Be aware, overflowing tokens are not returned for the setting you have chosen, i.e. sequence pairs with the 'longest_first' truncation strategy. So the returned list will always be empty even if some tokens have been removed.
[transformers] Be aware, overflowing tokens are not returned for the setting you have chosen, i.e. sequence pairs with the 'longest_first' truncation strategy. So the returned list will always be empty even if some tokens have been removed.
[transformers] Be aware, overflowing tokens are not returned for the setting you have chosen, i.e. sequence pairs with the 'longest_first' truncation strategy. So the returned list will always be empty even if some tokens have been removed.
[transformers] Be aware, overflowing tokens are not returned for the setting you have chosen, i.e. sequence pairs with the 'longest_first' truncation strategy. So the returned list will always be empty even if some tokens have been removed.
[transformers] Be aware, overflowing tokens are not returned for the setting you have chosen, i.e. sequence pairs with the 'longest_first' truncation strategy. So the returned list will always be empty even if some tokens have been removed.
[transformers] Be aware, overflowing tokens are not returned for the setting you have chosen, i.e. sequence pairs with the 'longest_first' truncation strategy. So the returned list will always be empty even if some tokens have been removed.
[transformers] Be aware, overflowing tokens are not returned for the setting you have chosen, i.e. sequence pairs with the 'longest_first' truncation strategy. So the returned list will always be empty even if some tokens have been removed.
[transformers] Be aware, overflowing tokens are not returned for the setting you have chosen, i.e. sequence pairs with the 'longest_first' truncation strategy. So the returned list will always be empty even if some tokens have been removed.
[transformers] Be aware, overflowing tokens are not returned for the setting you have chosen, i.e. sequence pairs with the 'longest_first' truncation strategy. So the returned list will always be empty even if some tokens have been removed.
[transformers] Be aware, overflowing tokens are not returned for the setting you have chosen, i.e. sequence pairs with the 'longest_first' truncation strategy. So the returned list will always be empty even if some tokens have been removed.
[transformers] Be aware, overflowing tokens are not returned for the setting you have chosen, i.e. sequence pairs with the 'longest_first' truncation strategy. So the returned list will always be empty even if some tokens have been removed.
[transformers] Be aware, overflowing tokens are not returned for the setting you have chosen, i.e. sequence pairs with the 'longest_first' truncation strategy. So the returned list will always be empty even if some tokens have been removed.
[transformers] Be aware, overflowing tokens are not returned for the setting you have chosen, i.e. sequence pairs with the 'longest_first' truncation strategy. So the returned list will always be empty even if some tokens have been removed.
[transformers] Be aware, overflowing tokens are not returned for the setting you have chosen, i.e. sequence pairs with the 'longest_first' truncation strategy. So the returned list will always be empty even if some tokens have been removed.
[transformers] Be aware, overflowing tokens are not returned for the setting you have chosen, i.e. sequence pairs with the 'longest_first' truncation strategy. So the returned list will always be empty even if some tokens have been removed.
[transformers] Be aware, overflowing tokens are not returned for the setting you have chosen, i.e. sequence pairs with the 'longest_first' truncation strategy. So the returned list will always be empty even if some tokens have been removed.
[transformers] Be aware, overflowing tokens are not returned for the setting you have chosen, i.e. sequence pairs with the 'longest_first' truncation strategy. So the returned list will always be empty even if some tokens have been removed.
[transformers] Be aware, overflowing tokens are not returned for the setting you have chosen, i.e. sequence pairs with the 'longest_first' truncation strategy. So the returned list will always be empty even if some tokens have been removed.
[transformers] Be aware, overflowing tokens are not returned for the setting you have chosen, i.e. sequence pairs with the 'longest_first' truncation strategy. So the returned list will always be empty even if some tokens have been removed.
[transformers] Be aware, overflowing tokens are not returned for the setting you have chosen, i.e. sequence pairs with the 'longest_first' truncation strategy. So the returned list will always be empty even if some tokens have been removed.
[transformers] Be aware, overflowing tokens are not returned for the setting you have chosen, i.e. sequence pairs with the 'longest_first' truncation strategy. So the returned list will always be empty even if some tokens have been removed.
[transformers] Be aware, overflowing tokens are not returned for the setting you have chosen, i.e. sequence pairs with the 'longest_first' truncation strategy. So the returned list will always be empty even if some tokens have been removed.
[transformers] Be aware, overflowing tokens are not returned for the setting you have chosen, i.e. sequence pairs with the 'longest_first' truncation strategy. So the returned list will always be empty even if some tokens have been removed.
[transformers] Be aware, overflowing tokens are not returned for the setting you have chosen, i.e. sequence pairs with the 'longest_first' truncation strategy. So the returned list will always be empty even if some tokens have been removed.
[transformers] Be aware, overflowing tokens are not returned for the setting you have chosen, i.e. sequence pairs with the 'longest_first' truncation strategy. So the returned list will always be empty even if some tokens have been removed.
[transformers] Be aware, overflowing tokens are not returned for the setting you have chosen, i.e. sequence pairs with the 'longest_first' truncation strategy. So the returned list will always be empty even if some tokens have been removed.
[transformers] Be aware, overflowing tokens are not returned for the setting you have chosen, i.e. sequence pairs with the 'longest_first' truncation strategy. So the returned list will always be empty even if some tokens have been removed.
[transformers] Be aware, overflowing tokens are not returned for the setting you have chosen, i.e. sequence pairs with the 'longest_first' truncation strategy. So the returned list will always be empty even if some tokens have been removed.
[transformers] Be aware, overflowing tokens are not returned for the setting you have chosen, i.e. sequence pairs with the 'longest_first' truncation strategy. So the returned list will always be empty even if some tokens have been removed.
[transformers] Be aware, overflowing tokens are not returned for the setting you have chosen, i.e. sequence pairs with the 'longest_first' truncation strategy. So the returned list will always be empty even if some tokens have been removed.
[transformers] Be aware, overflowing tokens are not returned for the setting you have chosen, i.e. sequence pairs with the 'longest_first' truncation strategy. So the returned list will always be empty even if some tokens have been removed.
[transformers] Be aware, overflowing tokens are not returned for the setting you have chosen, i.e. sequence pairs with the 'longest_first' truncation strategy. So the returned list will always be empty even if some tokens have been removed.
[transformers] Be aware, overflowing tokens are not returned for the setting you have chosen, i.e. sequence pairs with the 'longest_first' truncation strategy. So the returned list will always be empty even if some tokens have been removed.
[transformers] Be aware, overflowing tokens are not returned for the setting you have chosen, i.e. sequence pairs with the 'longest_first' truncation strategy. So the returned list will always be empty even if some tokens have been removed.
[transformers] Be aware, overflowing tokens are not returned for the setting you have chosen, i.e. sequence pairs with the 'longest_first' truncation strategy. So the returned list will always be empty even if some tokens have been removed.
[transformers] Be aware, overflowing tokens are not returned for the setting you have chosen, i.e. sequence pairs with the 'longest_first' truncation strategy. So the returned list will always be empty even if some tokens have been removed.
[transformers] Be aware, overflowing tokens are not returned for the setting you have chosen, i.e. sequence pairs with the 'longest_first' truncation strategy. So the returned list will always be empty even if some tokens have been removed.
[transformers] Be aware, overflowing tokens are not returned for the setting you have chosen, i.e. sequence pairs with the 'longest_first' truncation strategy. So the returned list will always be empty even if some tokens have been removed.
[transformers] Be aware, overflowing tokens are not returned for the setting you have chosen, i.e. sequence pairs with the 'longest_first' truncation strategy. So the returned list will always be empty even if some tokens have been removed.
[transformers] Be aware, overflowing tokens are not returned for the setting you have chosen, i.e. sequence pairs with the 'longest_first' truncation strategy. So the returned list will always be empty even if some tokens have been removed.
[transformers] Be aware, overflowing tokens are not returned for the setting you have chosen, i.e. sequence pairs with the 'longest_first' truncation strategy. So the returned list will always be empty even if some tokens have been removed.
[transformers] Be aware, overflowing tokens are not returned for the setting you have chosen, i.e. sequence pairs with the 'longest_first' truncation strategy. So the returned list will always be empty even if some tokens have been removed.
[transformers] Be aware, overflowing tokens are not returned for the setting you have chosen, i.e. sequence pairs with the 'longest_first' truncation strategy. So the returned list will always be empty even if some tokens have been removed.
[transformers] Be aware, overflowing tokens are not returned for the setting you have chosen, i.e. sequence pairs with the 'longest_first' truncation strategy. So the returned list will always be empty even if some tokens have been removed.
[transformers] Be aware, overflowing tokens are not returned for the setting you have chosen, i.e. sequence pairs with the 'longest_first' truncation strategy. So the returned list will always be empty even if some tokens have been removed.
[transformers] Be aware, overflowing tokens are not returned for the setting you have chosen, i.e. sequence pairs with the 'longest_first' truncation strategy. So the returned list will always be empty even if some tokens have been removed.
[transformers] Be aware, overflowing tokens are not returned for the setting you have chosen, i.e. sequence pairs with the 'longest_first' truncation strategy. So the returned list will always be empty even if some tokens have been removed.
[transformers] Be aware, overflowing tokens are not returned for the setting you have chosen, i.e. sequence pairs with the 'longest_first' truncation strategy. So the returned list will always be empty even if some tokens have been removed.
[transformers] Be aware, overflowing tokens are not returned for the setting you have chosen, i.e. sequence pairs with the 'longest_first' truncation strategy. So the returned list will always be empty even if some tokens have been removed.
[transformers] Be aware, overflowing tokens are not returned for the setting you have chosen, i.e. sequence pairs with the 'longest_first' truncation strategy. So the returned list will always be empty even if some tokens have been removed.
[transformers] Be aware, overflowing tokens are not returned for the setting you have chosen, i.e. sequence pairs with the 'longest_first' truncation strategy. So the returned list will always be empty even if some tokens have been removed.
[transformers] Be aware, overflowing tokens are not returned for the setting you have chosen, i.e. sequence pairs with the 'longest_first' truncation strategy. So the returned list will always be empty even if some tokens have been removed.
[transformers] Be aware, overflowing tokens are not returned for the setting you have chosen, i.e. sequence pairs with the 'longest_first' truncation strategy. So the returned list will always be empty even if some tokens have been removed.
[transformers] Be aware, overflowing tokens are not returned for the setting you have chosen, i.e. sequence pairs with the 'longest_first' truncation strategy. So the returned list will always be empty even if some tokens have been removed.
[transformers] Be aware, overflowing tokens are not returned for the setting you have chosen, i.e. sequence pairs with the 'longest_first' truncation strategy. So the returned list will always be empty even if some tokens have been removed.
[transformers] Be aware, overflowing tokens are not returned for the setting you have chosen, i.e. sequence pairs with the 'longest_first' truncation strategy. So the returned list will always be empty even if some tokens have been removed.
[transformers] Be aware, overflowing tokens are not returned for the setting you have chosen, i.e. sequence pairs with the 'longest_first' truncation strategy. So the returned list will always be empty even if some tokens have been removed.
[transformers] Be aware, overflowing tokens are not returned for the setting you have chosen, i.e. sequence pairs with the 'longest_first' truncation strategy. So the returned list will always be empty even if some tokens have been removed.
[transformers] Be aware, overflowing tokens are not returned for the setting you have chosen, i.e. sequence pairs with the 'longest_first' truncation strategy. So the returned list will always be empty even if some tokens have been removed.
[transformers] Be aware, overflowing tokens are not returned for the setting you have chosen, i.e. sequence pairs with the 'longest_first' truncation strategy. So the returned list will always be empty even if some tokens have been removed.
[transformers] Be aware, overflowing tokens are not returned for the setting you have chosen, i.e. sequence pairs with the 'longest_first' truncation strategy. So the returned list will always be empty even if some tokens have been removed.
[transformers] Be aware, overflowing tokens are not returned for the setting you have chosen, i.e. sequence pairs with the 'longest_first' truncation strategy. So the returned list will always be empty even if some tokens have been removed.
[transformers] Be aware, overflowing tokens are not returned for the setting you have chosen, i.e. sequence pairs with the 'longest_first' truncation strategy. So the returned list will always be empty even if some tokens have been removed.
[transformers] Be aware, overflowing tokens are not returned for the setting you have chosen, i.e. sequence pairs with the 'longest_first' truncation strategy. So the returned list will always be empty even if some tokens have been removed.
[transformers] Be aware, overflowing tokens are not returned for the setting you have chosen, i.e. sequence pairs with the 'longest_first' truncation strategy. So the returned list will always be empty even if some tokens have been removed.
[transformers] Be aware, overflowing tokens are not returned for the setting you have chosen, i.e. sequence pairs with the 'longest_first' truncation strategy. So the returned list will always be empty even if some tokens have been removed.
[transformers] Be aware, overflowing tokens are not returned for the setting you have chosen, i.e. sequence pairs with the 'longest_first' truncation strategy. So the returned list will always be empty even if some tokens have been removed.
[transformers] Be aware, overflowing tokens are not returned for the setting you have chosen, i.e. sequence pairs with the 'longest_first' truncation strategy. So the returned list will always be empty even if some tokens have been removed.
[transformers] Be aware, overflowing tokens are not returned for the setting you have chosen, i.e. sequence pairs with the 'longest_first' truncation strategy. So the returned list will always be empty even if some tokens have been removed.
[transformers] Be aware, overflowing tokens are not returned for the setting you have chosen, i.e. sequence pairs with the 'longest_first' truncation strategy. So the returned list will always be empty even if some tokens have been removed.
[transformers] Be aware, overflowing tokens are not returned for the setting you have chosen, i.e. sequence pairs with the 'longest_first' truncation strategy. So the returned list will always be empty even if some tokens have been removed.
[transformers] Be aware, overflowing tokens are not returned for the setting you have chosen, i.e. sequence pairs with the 'longest_first' truncation strategy. So the returned list will always be empty even if some tokens have been removed.
[transformers] Be aware, overflowing tokens are not returned for the setting you have chosen, i.e. sequence pairs with the 'longest_first' truncation strategy. So the returned list will always be empty even if some tokens have been removed.
[transformers] Be aware, overflowing tokens are not returned for the setting you have chosen, i.e. sequence pairs with the 'longest_first' truncation strategy. So the returned list will always be empty even if some tokens have been removed.
[transformers] Be aware, overflowing tokens are not returned for the setting you have chosen, i.e. sequence pairs with the 'longest_first' truncation strategy. So the returned list will always be empty even if some tokens have been removed.
[transformers] Be aware, overflowing tokens are not returned for the setting you have chosen, i.e. sequence pairs with the 'longest_first' truncation strategy. So the returned list will always be empty even if some tokens have been removed.
[transformers] Be aware, overflowing tokens are not returned for the setting you have chosen, i.e. sequence pairs with the 'longest_first' truncation strategy. So the returned list will always be empty even if some tokens have been removed.
[transformers] Be aware, overflowing tokens are not returned for the setting you have chosen, i.e. sequence pairs with the 'longest_first' truncation strategy. So the returned list will always be empty even if some tokens have been removed.
[transformers] Be aware, overflowing tokens are not returned for the setting you have chosen, i.e. sequence pairs with the 'longest_first' truncation strategy. So the returned list will always be empty even if some tokens have been removed.
[transformers] Be aware, overflowing tokens are not returned for the setting you have chosen, i.e. sequence pairs with the 'longest_first' truncation strategy. So the returned list will always be empty even if some tokens have been removed.
[transformers] Be aware, overflowing tokens are not returned for the setting you have chosen, i.e. sequence pairs with the 'longest_first' truncation strategy. So the returned list will always be empty even if some tokens have been removed.
[transformers] Be aware, overflowing tokens are not returned for the setting you have chosen, i.e. sequence pairs with the 'longest_first' truncation strategy. So the returned list will always be empty even if some tokens have been removed.
[transformers] Be aware, overflowing tokens are not returned for the setting you have chosen, i.e. sequence pairs with the 'longest_first' truncation strategy. So the returned list will always be empty even if some tokens have been removed.
[transformers] Be aware, overflowing tokens are not returned for the setting you have chosen, i.e. sequence pairs with the 'longest_first' truncation strategy. So the returned list will always be empty even if some tokens have been removed.
[transformers] Be aware, overflowing tokens are not returned for the setting you have chosen, i.e. sequence pairs with the 'longest_first' truncation strategy. So the returned list will always be empty even if some tokens have been removed.
[transformers] Be aware, overflowing tokens are not returned for the setting you have chosen, i.e. sequence pairs with the 'longest_first' truncation strategy. So the returned list will always be empty even if some tokens have been removed.
[transformers] Be aware, overflowing tokens are not returned for the setting you have chosen, i.e. sequence pairs with the 'longest_first' truncation strategy. So the returned list will always be empty even if some tokens have been removed.
[transformers] Be aware, overflowing tokens are not returned for the setting you have chosen, i.e. sequence pairs with the 'longest_first' truncation strategy. So the returned list will always be empty even if some tokens have been removed.
[transformers] Be aware, overflowing tokens are not returned for the setting you have chosen, i.e. sequence pairs with the 'longest_first' truncation strategy. So the returned list will always be empty even if some tokens have been removed.
[transformers] Be aware, overflowing tokens are not returned for the setting you have chosen, i.e. sequence pairs with the 'longest_first' truncation strategy. So the returned list will always be empty even if some tokens have been removed.
[transformers] Be aware, overflowing tokens are not returned for the setting you have chosen, i.e. sequence pairs with the 'longest_first' truncation strategy. So the returned list will always be empty even if some tokens have been removed.
[transformers] Be aware, overflowing tokens are not returned for the setting you have chosen, i.e. sequence pairs with the 'longest_first' truncation strategy. So the returned list will always be empty even if some tokens have been removed.
[transformers] Be aware, overflowing tokens are not returned for the setting you have chosen, i.e. sequence pairs with the 'longest_first' truncation strategy. So the returned list will always be empty even if some tokens have been removed.
[transformers] Be aware, overflowing tokens are not returned for the setting you have chosen, i.e. sequence pairs with the 'longest_first' truncation strategy. So the returned list will always be empty even if some tokens have been removed.
[transformers] Be aware, overflowing tokens are not returned for the setting you have chosen, i.e. sequence pairs with the 'longest_first' truncation strategy. So the returned list will always be empty even if some tokens have been removed.
[transformers] Be aware, overflowing tokens are not returned for the setting you have chosen, i.e. sequence pairs with the 'longest_first' truncation strategy. So the returned list will always be empty even if some tokens have been removed.
[transformers] Be aware, overflowing tokens are not returned for the setting you have chosen, i.e. sequence pairs with the 'longest_first' truncation strategy. So the returned list will always be empty even if some tokens have been removed.
[transformers] Be aware, overflowing tokens are not returned for the setting you have chosen, i.e. sequence pairs with the 'longest_first' truncation strategy. So the returned list will always be empty even if some tokens have been removed.
[transformers] Be aware, overflowing tokens are not returned for the setting you have chosen, i.e. sequence pairs with the 'longest_first' truncation strategy. So the returned list will always be empty even if some tokens have been removed.
[transformers] Be aware, overflowing tokens are not returned for the setting you have chosen, i.e. sequence pairs with the 'longest_first' truncation strategy. So the returned list will always be empty even if some tokens have been removed.
[transformers] Be aware, overflowing tokens are not returned for the setting you have chosen, i.e. sequence pairs with the 'longest_first' truncation strategy. So the returned list will always be empty even if some tokens have been removed.
[transformers] Be aware, overflowing tokens are not returned for the setting you have chosen, i.e. sequence pairs with the 'longest_first' truncation strategy. So the returned list will always be empty even if some tokens have been removed.
[transformers] Be aware, overflowing tokens are not returned for the setting you have chosen, i.e. sequence pairs with the 'longest_first' truncation strategy. So the returned list will always be empty even if some tokens have been removed.
[transformers] Be aware, overflowing tokens are not returned for the setting you have chosen, i.e. sequence pairs with the 'longest_first' truncation strategy. So the returned list will always be empty even if some tokens have been removed.
[transformers] Be aware, overflowing tokens are not returned for the setting you have chosen, i.e. sequence pairs with the 'longest_first' truncation strategy. So the returned list will always be empty even if some tokens have been removed.
[transformers] Be aware, overflowing tokens are not returned for the setting you have chosen, i.e. sequence pairs with the 'longest_first' truncation strategy. So the returned list will always be empty even if some tokens have been removed.
[transformers] Be aware, overflowing tokens are not returned for the setting you have chosen, i.e. sequence pairs with the 'longest_first' truncation strategy. So the returned list will always be empty even if some tokens have been removed.
[transformers] Be aware, overflowing tokens are not returned for the setting you have chosen, i.e. sequence pairs with the 'longest_first' truncation strategy. So the returned list will always be empty even if some tokens have been removed.
[transformers] Be aware, overflowing tokens are not returned for the setting you have chosen, i.e. sequence pairs with the 'longest_first' truncation strategy. So the returned list will always be empty even if some tokens have been removed.
[transformers] Be aware, overflowing tokens are not returned for the setting you have chosen, i.e. sequence pairs with the 'longest_first' truncation strategy. So the returned list will always be empty even if some tokens have been removed.
[transformers] Be aware, overflowing tokens are not returned for the setting you have chosen, i.e. sequence pairs with the 'longest_first' truncation strategy. So the returned list will always be empty even if some tokens have been removed.
[transformers] Be aware, overflowing tokens are not returned for the setting you have chosen, i.e. sequence pairs with the 'longest_first' truncation strategy. So the returned list will always be empty even if some tokens have been removed.
[transformers] Be aware, overflowing tokens are not returned for the setting you have chosen, i.e. sequence pairs with the 'longest_first' truncation strategy. So the returned list will always be empty even if some tokens have been removed.
[transformers] Be aware, overflowing tokens are not returned for the setting you have chosen, i.e. sequence pairs with the 'longest_first' truncation strategy. So the returned list will always be empty even if some tokens have been removed.
[transformers] Be aware, overflowing tokens are not returned for the setting you have chosen, i.e. sequence pairs with the 'longest_first' truncation strategy. So the returned list will always be empty even if some tokens have been removed.
[transformers] Be aware, overflowing tokens are not returned for the setting you have chosen, i.e. sequence pairs with the 'longest_first' truncation strategy. So the returned list will always be empty even if some tokens have been removed.
[transformers] Be aware, overflowing tokens are not returned for the setting you have chosen, i.e. sequence pairs with the 'longest_first' truncation strategy. So the returned list will always be empty even if some tokens have been removed.
[transformers] Be aware, overflowing tokens are not returned for the setting you have chosen, i.e. sequence pairs with the 'longest_first' truncation strategy. So the returned list will always be empty even if some tokens have been removed.
[transformers] Be aware, overflowing tokens are not returned for the setting you have chosen, i.e. sequence pairs with the 'longest_first' truncation strategy. So the returned list will always be empty even if some tokens have been removed.
[transformers] Be aware, overflowing tokens are not returned for the setting you have chosen, i.e. sequence pairs with the 'longest_first' truncation strategy. So the returned list will always be empty even if some tokens have been removed.
[transformers] Be aware, overflowing tokens are not returned for the setting you have chosen, i.e. sequence pairs with the 'longest_first' truncation strategy. So the returned list will always be empty even if some tokens have been removed.
[transformers] Be aware, overflowing tokens are not returned for the setting you have chosen, i.e. sequence pairs with the 'longest_first' truncation strategy. So the returned list will always be empty even if some tokens have been removed.
[transformers] Be aware, overflowing tokens are not returned for the setting you have chosen, i.e. sequence pairs with the 'longest_first' truncation strategy. So the returned list will always be empty even if some tokens have been removed.
[transformers] Be aware, overflowing tokens are not returned for the setting you have chosen, i.e. sequence pairs with the 'longest_first' truncation strategy. So the returned list will always be empty even if some tokens have been removed.
[transformers] Be aware, overflowing tokens are not returned for the setting you have chosen, i.e. sequence pairs with the 'longest_first' truncation strategy. So the returned list will always be empty even if some tokens have been removed.
[transformers] Be aware, overflowing tokens are not returned for the setting you have chosen, i.e. sequence pairs with the 'longest_first' truncation strategy. So the returned list will always be empty even if some tokens have been removed.
[transformers] Be aware, overflowing tokens are not returned for the setting you have chosen, i.e. sequence pairs with the 'longest_first' truncation strategy. So the returned list will always be empty even if some tokens have been removed.
[transformers] Be aware, overflowing tokens are not returned for the setting you have chosen, i.e. sequence pairs with the 'longest_first' truncation strategy. So the returned list will always be empty even if some tokens have been removed.
[transformers] Be aware, overflowing tokens are not returned for the setting you have chosen, i.e. sequence pairs with the 'longest_first' truncation strategy. So the returned list will always be empty even if some tokens have been removed.
[transformers] Be aware, overflowing tokens are not returned for the setting you have chosen, i.e. sequence pairs with the 'longest_first' truncation strategy. So the returned list will always be empty even if some tokens have been removed.
[transformers] Be aware, overflowing tokens are not returned for the setting you have chosen, i.e. sequence pairs with the 'longest_first' truncation strategy. So the returned list will always be empty even if some tokens have been removed.
[transformers] Be aware, overflowing tokens are not returned for the setting you have chosen, i.e. sequence pairs with the 'longest_first' truncation strategy. So the returned list will always be empty even if some tokens have been removed.
[transformers] Be aware, overflowing tokens are not returned for the setting you have chosen, i.e. sequence pairs with the 'longest_first' truncation strategy. So the returned list will always be empty even if some tokens have been removed.
[transformers] Be aware, overflowing tokens are not returned for the setting you have chosen, i.e. sequence pairs with the 'longest_first' truncation strategy. So the returned list will always be empty even if some tokens have been removed.
[transformers] Be aware, overflowing tokens are not returned for the setting you have chosen, i.e. sequence pairs with the 'longest_first' truncation strategy. So the returned list will always be empty even if some tokens have been removed.
[transformers] Be aware, overflowing tokens are not returned for the setting you have chosen, i.e. sequence pairs with the 'longest_first' truncation strategy. So the returned list will always be empty even if some tokens have been removed.
[transformers] Be aware, overflowing tokens are not returned for the setting you have chosen, i.e. sequence pairs with the 'longest_first' truncation strategy. So the returned list will always be empty even if some tokens have been removed.
[transformers] Be aware, overflowing tokens are not returned for the setting you have chosen, i.e. sequence pairs with the 'longest_first' truncation strategy. So the returned list will always be empty even if some tokens have been removed.
[transformers] Be aware, overflowing tokens are not returned for the setting you have chosen, i.e. sequence pairs with the 'longest_first' truncation strategy. So the returned list will always be empty even if some tokens have been removed.
[transformers] Be aware, overflowing tokens are not returned for the setting you have chosen, i.e. sequence pairs with the 'longest_first' truncation strategy. So the returned list will always be empty even if some tokens have been removed.
[transformers] Be aware, overflowing tokens are not returned for the setting you have chosen, i.e. sequence pairs with the 'longest_first' truncation strategy. So the returned list will always be empty even if some tokens have been removed.
[transformers] Be aware, overflowing tokens are not returned for the setting you have chosen, i.e. sequence pairs with the 'longest_first' truncation strategy. So the returned list will always be empty even if some tokens have been removed.
[transformers] Be aware, overflowing tokens are not returned for the setting you have chosen, i.e. sequence pairs with the 'longest_first' truncation strategy. So the returned list will always be empty even if some tokens have been removed.
[transformers] Be aware, overflowing tokens are not returned for the setting you have chosen, i.e. sequence pairs with the 'longest_first' truncation strategy. So the returned list will always be empty even if some tokens have been removed.
[transformers] Be aware, overflowing tokens are not returned for the setting you have chosen, i.e. sequence pairs with the 'longest_first' truncation strategy. So the returned list will always be empty even if some tokens have been removed.
[transformers] Be aware, overflowing tokens are not returned for the setting you have chosen, i.e. sequence pairs with the 'longest_first' truncation strategy. So the returned list will always be empty even if some tokens have been removed.
[transformers] Be aware, overflowing tokens are not returned for the setting you have chosen, i.e. sequence pairs with the 'longest_first' truncation strategy. So the returned list will always be empty even if some tokens have been removed.
[transformers] Be aware, overflowing tokens are not returned for the setting you have chosen, i.e. sequence pairs with the 'longest_first' truncation strategy. So the returned list will always be empty even if some tokens have been removed.
[transformers] Be aware, overflowing tokens are not returned for the setting you have chosen, i.e. sequence pairs with the 'longest_first' truncation strategy. So the returned list will always be empty even if some tokens have been removed.
[transformers] Be aware, overflowing tokens are not returned for the setting you have chosen, i.e. sequence pairs with the 'longest_first' truncation strategy. So the returned list will always be empty even if some tokens have been removed.
[transformers] Be aware, overflowing tokens are not returned for the setting you have chosen, i.e. sequence pairs with the 'longest_first' truncation strategy. So the returned list will always be empty even if some tokens have been removed.
[transformers] Be aware, overflowing tokens are not returned for the setting you have chosen, i.e. sequence pairs with the 'longest_first' truncation strategy. So the returned list will always be empty even if some tokens have been removed.
[transformers] Be aware, overflowing tokens are not returned for the setting you have chosen, i.e. sequence pairs with the 'longest_first' truncation strategy. So the returned list will always be empty even if some tokens have been removed.
[transformers] Be aware, overflowing tokens are not returned for the setting you have chosen, i.e. sequence pairs with the 'longest_first' truncation strategy. So the returned list will always be empty even if some tokens have been removed.
[transformers] Be aware, overflowing tokens are not returned for the setting you have chosen, i.e. sequence pairs with the 'longest_first' truncation strategy. So the returned list will always be empty even if some tokens have been removed.
[transformers] Be aware, overflowing tokens are not returned for the setting you have chosen, i.e. sequence pairs with the 'longest_first' truncation strategy. So the returned list will always be empty even if some tokens have been removed.
[transformers] Be aware, overflowing tokens are not returned for the setting you have chosen, i.e. sequence pairs with the 'longest_first' truncation strategy. So the returned list will always be empty even if some tokens have been removed.
[transformers] Be aware, overflowing tokens are not returned for the setting you have chosen, i.e. sequence pairs with the 'longest_first' truncation strategy. So the returned list will always be empty even if some tokens have been removed.
[transformers] Be aware, overflowing tokens are not returned for the setting you have chosen, i.e. sequence pairs with the 'longest_first' truncation strategy. So the returned list will always be empty even if some tokens have been removed.
[transformers] Be aware, overflowing tokens are not returned for the setting you have chosen, i.e. sequence pairs with the 'longest_first' truncation strategy. So the returned list will always be empty even if some tokens have been removed.
[transformers] Be aware, overflowing tokens are not returned for the setting you have chosen, i.e. sequence pairs with the 'longest_first' truncation strategy. So the returned list will always be empty even if some tokens have been removed.
[transformers] Be aware, overflowing tokens are not returned for the setting you have chosen, i.e. sequence pairs with the 'longest_first' truncation strategy. So the returned list will always be empty even if some tokens have been removed.
[transformers] Be aware, overflowing tokens are not returned for the setting you have chosen, i.e. sequence pairs with the 'longest_first' truncation strategy. So the returned list will always be empty even if some tokens have been removed.
[transformers] Be aware, overflowing tokens are not returned for the setting you have chosen, i.e. sequence pairs with the 'longest_first' truncation strategy. So the returned list will always be empty even if some tokens have been removed.
[transformers] Be aware, overflowing tokens are not returned for the setting you have chosen, i.e. sequence pairs with the 'longest_first' truncation strategy. So the returned list will always be empty even if some tokens have been removed.
[transformers] Be aware, overflowing tokens are not returned for the setting you have chosen, i.e. sequence pairs with the 'longest_first' truncation strategy. So the returned list will always be empty even if some tokens have been removed.
[transformers] Be aware, overflowing tokens are not returned for the setting you have chosen, i.e. sequence pairs with the 'longest_first' truncation strategy. So the returned list will always be empty even if some tokens have been removed.
[transformers] Be aware, overflowing tokens are not returned for the setting you have chosen, i.e. sequence pairs with the 'longest_first' truncation strategy. So the returned list will always be empty even if some tokens have been removed.
[transformers] Be aware, overflowing tokens are not returned for the setting you have chosen, i.e. sequence pairs with the 'longest_first' truncation strategy. So the returned list will always be empty even if some tokens have been removed.
[transformers] Be aware, overflowing tokens are not returned for the setting you have chosen, i.e. sequence pairs with the 'longest_first' truncation strategy. So the returned list will always be empty even if some tokens have been removed.
[transformers] Be aware, overflowing tokens are not returned for the setting you have chosen, i.e. sequence pairs with the 'longest_first' truncation strategy. So the returned list will always be empty even if some tokens have been removed.
[transformers] Be aware, overflowing tokens are not returned for the setting you have chosen, i.e. sequence pairs with the 'longest_first' truncation strategy. So the returned list will always be empty even if some tokens have been removed.
[transformers] Be aware, overflowing tokens are not returned for the setting you have chosen, i.e. sequence pairs with the 'longest_first' truncation strategy. So the returned list will always be empty even if some tokens have been removed.
[transformers] Be aware, overflowing tokens are not returned for the setting you have chosen, i.e. sequence pairs with the 'longest_first' truncation strategy. So the returned list will always be empty even if some tokens have been removed.
[transformers] Be aware, overflowing tokens are not returned for the setting you have chosen, i.e. sequence pairs with the 'longest_first' truncation strategy. So the returned list will always be empty even if some tokens have been removed.
[transformers] Be aware, overflowing tokens are not returned for the setting you have chosen, i.e. sequence pairs with the 'longest_first' truncation strategy. So the returned list will always be empty even if some tokens have been removed.
[transformers] Be aware, overflowing tokens are not returned for the setting you have chosen, i.e. sequence pairs with the 'longest_first' truncation strategy. So the returned list will always be empty even if some tokens have been removed.
[transformers] Be aware, overflowing tokens are not returned for the setting you have chosen, i.e. sequence pairs with the 'longest_first' truncation strategy. So the returned list will always be empty even if some tokens have been removed.
[transformers] Be aware, overflowing tokens are not returned for the setting you have chosen, i.e. sequence pairs with the 'longest_first' truncation strategy. So the returned list will always be empty even if some tokens have been removed.
[transformers] Be aware, overflowing tokens are not returned for the setting you have chosen, i.e. sequence pairs with the 'longest_first' truncation strategy. So the returned list will always be empty even if some tokens have been removed.
[transformers] Be aware, overflowing tokens are not returned for the setting you have chosen, i.e. sequence pairs with the 'longest_first' truncation strategy. So the returned list will always be empty even if some tokens have been removed.
[transformers] Be aware, overflowing tokens are not returned for the setting you have chosen, i.e. sequence pairs with the 'longest_first' truncation strategy. So the returned list will always be empty even if some tokens have been removed.
[transformers] Be aware, overflowing tokens are not returned for the setting you have chosen, i.e. sequence pairs with the 'longest_first' truncation strategy. So the returned list will always be empty even if some tokens have been removed.
[transformers] Be aware, overflowing tokens are not returned for the setting you have chosen, i.e. sequence pairs with the 'longest_first' truncation strategy. So the returned list will always be empty even if some tokens have been removed.
[transformers] Be aware, overflowing tokens are not returned for the setting you have chosen, i.e. sequence pairs with the 'longest_first' truncation strategy. So the returned list will always be empty even if some tokens have been removed.
[transformers] Be aware, overflowing tokens are not returned for the setting you have chosen, i.e. sequence pairs with the 'longest_first' truncation strategy. So the returned list will always be empty even if some tokens have been removed.
[transformers] Be aware, overflowing tokens are not returned for the setting you have chosen, i.e. sequence pairs with the 'longest_first' truncation strategy. So the returned list will always be empty even if some tokens have been removed.
[transformers] Be aware, overflowing tokens are not returned for the setting you have chosen, i.e. sequence pairs with the 'longest_first' truncation strategy. So the returned list will always be empty even if some tokens have been removed.
[transformers] Be aware, overflowing tokens are not returned for the setting you have chosen, i.e. sequence pairs with the 'longest_first' truncation strategy. So the returned list will always be empty even if some tokens have been removed.
[transformers] Be aware, overflowing tokens are not returned for the setting you have chosen, i.e. sequence pairs with the 'longest_first' truncation strategy. So the returned list will always be empty even if some tokens have been removed.
[transformers] Be aware, overflowing tokens are not returned for the setting you have chosen, i.e. sequence pairs with the 'longest_first' truncation strategy. So the returned list will always be empty even if some tokens have been removed.
[transformers] Be aware, overflowing tokens are not returned for the setting you have chosen, i.e. sequence pairs with the 'longest_first' truncation strategy. So the returned list will always be empty even if some tokens have been removed.
[transformers] Be aware, overflowing tokens are not returned for the setting you have chosen, i.e. sequence pairs with the 'longest_first' truncation strategy. So the returned list will always be empty even if some tokens have been removed.
[transformers] Be aware, overflowing tokens are not returned for the setting you have chosen, i.e. sequence pairs with the 'longest_first' truncation strategy. So the returned list will always be empty even if some tokens have been removed.
[transformers] Be aware, overflowing tokens are not returned for the setting you have chosen, i.e. sequence pairs with the 'longest_first' truncation strategy. So the returned list will always be empty even if some tokens have been removed.
[transformers] Be aware, overflowing tokens are not returned for the setting you have chosen, i.e. sequence pairs with the 'longest_first' truncation strategy. So the returned list will always be empty even if some tokens have been removed.
[transformers] Be aware, overflowing tokens are not returned for the setting you have chosen, i.e. sequence pairs with the 'longest_first' truncation strategy. So the returned list will always be empty even if some tokens have been removed.
[transformers] Be aware, overflowing tokens are not returned for the setting you have chosen, i.e. sequence pairs with the 'longest_first' truncation strategy. So the returned list will always be empty even if some tokens have been removed.
[transformers] Be aware, overflowing tokens are not returned for the setting you have chosen, i.e. sequence pairs with the 'longest_first' truncation strategy. So the returned list will always be empty even if some tokens have been removed.
[transformers] Be aware, overflowing tokens are not returned for the setting you have chosen, i.e. sequence pairs with the 'longest_first' truncation strategy. So the returned list will always be empty even if some tokens have been removed.
[transformers] Be aware, overflowing tokens are not returned for the setting you have chosen, i.e. sequence pairs with the 'longest_first' truncation strategy. So the returned list will always be empty even if some tokens have been removed.
[transformers] Be aware, overflowing tokens are not returned for the setting you have chosen, i.e. sequence pairs with the 'longest_first' truncation strategy. So the returned list will always be empty even if some tokens have been removed.
[transformers] Be aware, overflowing tokens are not returned for the setting you have chosen, i.e. sequence pairs with the 'longest_first' truncation strategy. So the returned list will always be empty even if some tokens have been removed.
[transformers] Be aware, overflowing tokens are not returned for the setting you have chosen, i.e. sequence pairs with the 'longest_first' truncation strategy. So the returned list will always be empty even if some tokens have been removed.
[transformers] Be aware, overflowing tokens are not returned for the setting you have chosen, i.e. sequence pairs with the 'longest_first' truncation strategy. So the returned list will always be empty even if some tokens have been removed.
[transformers] Be aware, overflowing tokens are not returned for the setting you have chosen, i.e. sequence pairs with the 'longest_first' truncation strategy. So the returned list will always be empty even if some tokens have been removed.
[transformers] Be aware, overflowing tokens are not returned for the setting you have chosen, i.e. sequence pairs with the 'longest_first' truncation strategy. So the returned list will always be empty even if some tokens have been removed.
[transformers] Be aware, overflowing tokens are not returned for the setting you have chosen, i.e. sequence pairs with the 'longest_first' truncation strategy. So the returned list will always be empty even if some tokens have been removed.
[transformers] Be aware, overflowing tokens are not returned for the setting you have chosen, i.e. sequence pairs with the 'longest_first' truncation strategy. So the returned list will always be empty even if some tokens have been removed.
[transformers] Be aware, overflowing tokens are not returned for the setting you have chosen, i.e. sequence pairs with the 'longest_first' truncation strategy. So the returned list will always be empty even if some tokens have been removed.
[transformers] Be aware, overflowing tokens are not returned for the setting you have chosen, i.e. sequence pairs with the 'longest_first' truncation strategy. So the returned list will always be empty even if some tokens have been removed.
[transformers] Be aware, overflowing tokens are not returned for the setting you have chosen, i.e. sequence pairs with the 'longest_first' truncation strategy. So the returned list will always be empty even if some tokens have been removed.
[transformers] Be aware, overflowing tokens are not returned for the setting you have chosen, i.e. sequence pairs with the 'longest_first' truncation strategy. So the returned list will always be empty even if some tokens have been removed.
[transformers] Be aware, overflowing tokens are not returned for the setting you have chosen, i.e. sequence pairs with the 'longest_first' truncation strategy. So the returned list will always be empty even if some tokens have been removed.
[transformers] Be aware, overflowing tokens are not returned for the setting you have chosen, i.e. sequence pairs with the 'longest_first' truncation strategy. So the returned list will always be empty even if some tokens have been removed.
[transformers] Be aware, overflowing tokens are not returned for the setting you have chosen, i.e. sequence pairs with the 'longest_first' truncation strategy. So the returned list will always be empty even if some tokens have been removed.
[transformers] Be aware, overflowing tokens are not returned for the setting you have chosen, i.e. sequence pairs with the 'longest_first' truncation strategy. So the returned list will always be empty even if some tokens have been removed.
[transformers] Be aware, overflowing tokens are not returned for the setting you have chosen, i.e. sequence pairs with the 'longest_first' truncation strategy. So the returned list will always be empty even if some tokens have been removed.
[transformers] Be aware, overflowing tokens are not returned for the setting you have chosen, i.e. sequence pairs with the 'longest_first' truncation strategy. So the returned list will always be empty even if some tokens have been removed.
[transformers] Be aware, overflowing tokens are not returned for the setting you have chosen, i.e. sequence pairs with the 'longest_first' truncation strategy. So the returned list will always be empty even if some tokens have been removed.
[transformers] Be aware, overflowing tokens are not returned for the setting you have chosen, i.e. sequence pairs with the 'longest_first' truncation strategy. So the returned list will always be empty even if some tokens have been removed.
[transformers] Be aware, overflowing tokens are not returned for the setting you have chosen, i.e. sequence pairs with the 'longest_first' truncation strategy. So the returned list will always be empty even if some tokens have been removed.
[transformers] Be aware, overflowing tokens are not returned for the setting you have chosen, i.e. sequence pairs with the 'longest_first' truncation strategy. So the returned list will always be empty even if some tokens have been removed.
[transformers] Be aware, overflowing tokens are not returned for the setting you have chosen, i.e. sequence pairs with the 'longest_first' truncation strategy. So the returned list will always be empty even if some tokens have been removed.
[transformers] Be aware, overflowing tokens are not returned for the setting you have chosen, i.e. sequence pairs with the 'longest_first' truncation strategy. So the returned list will always be empty even if some tokens have been removed.
[transformers] Be aware, overflowing tokens are not returned for the setting you have chosen, i.e. sequence pairs with the 'longest_first' truncation strategy. So the returned list will always be empty even if some tokens have been removed.
[transformers] Be aware, overflowing tokens are not returned for the setting you have chosen, i.e. sequence pairs with the 'longest_first' truncation strategy. So the returned list will always be empty even if some tokens have been removed.
[transformers] Be aware, overflowing tokens are not returned for the setting you have chosen, i.e. sequence pairs with the 'longest_first' truncation strategy. So the returned list will always be empty even if some tokens have been removed.
[transformers] Be aware, overflowing tokens are not returned for the setting you have chosen, i.e. sequence pairs with the 'longest_first' truncation strategy. So the returned list will always be empty even if some tokens have been removed.
[transformers] Be aware, overflowing tokens are not returned for the setting you have chosen, i.e. sequence pairs with the 'longest_first' truncation strategy. So the returned list will always be empty even if some tokens have been removed.
[transformers] Be aware, overflowing tokens are not returned for the setting you have chosen, i.e. sequence pairs with the 'longest_first' truncation strategy. So the returned list will always be empty even if some tokens have been removed.
[transformers] Be aware, overflowing tokens are not returned for the setting you have chosen, i.e. sequence pairs with the 'longest_first' truncation strategy. So the returned list will always be empty even if some tokens have been removed.
[transformers] Be aware, overflowing tokens are not returned for the setting you have chosen, i.e. sequence pairs with the 'longest_first' truncation strategy. So the returned list will always be empty even if some tokens have been removed.
[transformers] Be aware, overflowing tokens are not returned for the setting you have chosen, i.e. sequence pairs with the 'longest_first' truncation strategy. So the returned list will always be empty even if some tokens have been removed.
[transformers] Be aware, overflowing tokens are not returned for the setting you have chosen, i.e. sequence pairs with the 'longest_first' truncation strategy. So the returned list will always be empty even if some tokens have been removed.
[transformers] Be aware, overflowing tokens are not returned for the setting you have chosen, i.e. sequence pairs with the 'longest_first' truncation strategy. So the returned list will always be empty even if some tokens have been removed.
[transformers] Be aware, overflowing tokens are not returned for the setting you have chosen, i.e. sequence pairs with the 'longest_first' truncation strategy. So the returned list will always be empty even if some tokens have been removed.
[transformers] Be aware, overflowing tokens are not returned for the setting you have chosen, i.e. sequence pairs with the 'longest_first' truncation strategy. So the returned list will always be empty even if some tokens have been removed.
[transformers] Be aware, overflowing tokens are not returned for the setting you have chosen, i.e. sequence pairs with the 'longest_first' truncation strategy. So the returned list will always be empty even if some tokens have been removed.
[transformers] Be aware, overflowing tokens are not returned for the setting you have chosen, i.e. sequence pairs with the 'longest_first' truncation strategy. So the returned list will always be empty even if some tokens have been removed.
[transformers] Be aware, overflowing tokens are not returned for the setting you have chosen, i.e. sequence pairs with the 'longest_first' truncation strategy. So the returned list will always be empty even if some tokens have been removed.
[transformers] Be aware, overflowing tokens are not returned for the setting you have chosen, i.e. sequence pairs with the 'longest_first' truncation strategy. So the returned list will always be empty even if some tokens have been removed.
[transformers] Be aware, overflowing tokens are not returned for the setting you have chosen, i.e. sequence pairs with the 'longest_first' truncation strategy. So the returned list will always be empty even if some tokens have been removed.
[transformers] Be aware, overflowing tokens are not returned for the setting you have chosen, i.e. sequence pairs with the 'longest_first' truncation strategy. So the returned list will always be empty even if some tokens have been removed.
[transformers] Be aware, overflowing tokens are not returned for the setting you have chosen, i.e. sequence pairs with the 'longest_first' truncation strategy. So the returned list will always be empty even if some tokens have been removed.
[transformers] Be aware, overflowing tokens are not returned for the setting you have chosen, i.e. sequence pairs with the 'longest_first' truncation strategy. So the returned list will always be empty even if some tokens have been removed.
[transformers] Be aware, overflowing tokens are not returned for the setting you have chosen, i.e. sequence pairs with the 'longest_first' truncation strategy. So the returned list will always be empty even if some tokens have been removed.
[transformers] Be aware, overflowing tokens are not returned for the setting you have chosen, i.e. sequence pairs with the 'longest_first' truncation strategy. So the returned list will always be empty even if some tokens have been removed.
[transformers] Be aware, overflowing tokens are not returned for the setting you have chosen, i.e. sequence pairs with the 'longest_first' truncation strategy. So the returned list will always be empty even if some tokens have been removed.
[transformers] Be aware, overflowing tokens are not returned for the setting you have chosen, i.e. sequence pairs with the 'longest_first' truncation strategy. So the returned list will always be empty even if some tokens have been removed.
[transformers] Be aware, overflowing tokens are not returned for the setting you have chosen, i.e. sequence pairs with the 'longest_first' truncation strategy. So the returned list will always be empty even if some tokens have been removed.
[transformers] Be aware, overflowing tokens are not returned for the setting you have chosen, i.e. sequence pairs with the 'longest_first' truncation strategy. So the returned list will always be empty even if some tokens have been removed.
[transformers] Be aware, overflowing tokens are not returned for the setting you have chosen, i.e. sequence pairs with the 'longest_first' truncation strategy. So the returned list will always be empty even if some tokens have been removed.
[transformers] Be aware, overflowing tokens are not returned for the setting you have chosen, i.e. sequence pairs with the 'longest_first' truncation strategy. So the returned list will always be empty even if some tokens have been removed.
[transformers] Be aware, overflowing tokens are not returned for the setting you have chosen, i.e. sequence pairs with the 'longest_first' truncation strategy. So the returned list will always be empty even if some tokens have been removed.
[transformers] Be aware, overflowing tokens are not returned for the setting you have chosen, i.e. sequence pairs with the 'longest_first' truncation strategy. So the returned list will always be empty even if some tokens have been removed.
[transformers] Be aware, overflowing tokens are not returned for the setting you have chosen, i.e. sequence pairs with the 'longest_first' truncation strategy. So the returned list will always be empty even if some tokens have been removed.
[transformers] Be aware, overflowing tokens are not returned for the setting you have chosen, i.e. sequence pairs with the 'longest_first' truncation strategy. So the returned list will always be empty even if some tokens have been removed.
[transformers] Be aware, overflowing tokens are not returned for the setting you have chosen, i.e. sequence pairs with the 'longest_first' truncation strategy. So the returned list will always be empty even if some tokens have been removed.
[transformers] Be aware, overflowing tokens are not returned for the setting you have chosen, i.e. sequence pairs with the 'longest_first' truncation strategy. So the returned list will always be empty even if some tokens have been removed.
[transformers] Be aware, overflowing tokens are not returned for the setting you have chosen, i.e. sequence pairs with the 'longest_first' truncation strategy. So the returned list will always be empty even if some tokens have been removed.
[transformers] Be aware, overflowing tokens are not returned for the setting you have chosen, i.e. sequence pairs with the 'longest_first' truncation strategy. So the returned list will always be empty even if some tokens have been removed.
[transformers] Be aware, overflowing tokens are not returned for the setting you have chosen, i.e. sequence pairs with the 'longest_first' truncation strategy. So the returned list will always be empty even if some tokens have been removed.
[transformers] Be aware, overflowing tokens are not returned for the setting you have chosen, i.e. sequence pairs with the 'longest_first' truncation strategy. So the returned list will always be empty even if some tokens have been removed.
[transformers] Be aware, overflowing tokens are not returned for the setting you have chosen, i.e. sequence pairs with the 'longest_first' truncation strategy. So the returned list will always be empty even if some tokens have been removed.
[transformers] Be aware, overflowing tokens are not returned for the setting you have chosen, i.e. sequence pairs with the 'longest_first' truncation strategy. So the returned list will always be empty even if some tokens have been removed.
[transformers] Be aware, overflowing tokens are not returned for the setting you have chosen, i.e. sequence pairs with the 'longest_first' truncation strategy. So the returned list will always be empty even if some tokens have been removed.
[transformers] Be aware, overflowing tokens are not returned for the setting you have chosen, i.e. sequence pairs with the 'longest_first' truncation strategy. So the returned list will always be empty even if some tokens have been removed.
[transformers] Be aware, overflowing tokens are not returned for the setting you have chosen, i.e. sequence pairs with the 'longest_first' truncation strategy. So the returned list will always be empty even if some tokens have been removed.
[transformers] Be aware, overflowing tokens are not returned for the setting you have chosen, i.e. sequence pairs with the 'longest_first' truncation strategy. So the returned list will always be empty even if some tokens have been removed.
[transformers] Be aware, overflowing tokens are not returned for the setting you have chosen, i.e. sequence pairs with the 'longest_first' truncation strategy. So the returned list will always be empty even if some tokens have been removed.
[transformers] Be aware, overflowing tokens are not returned for the setting you have chosen, i.e. sequence pairs with the 'longest_first' truncation strategy. So the returned list will always be empty even if some tokens have been removed.
[transformers] Be aware, overflowing tokens are not returned for the setting you have chosen, i.e. sequence pairs with the 'longest_first' truncation strategy. So the returned list will always be empty even if some tokens have been removed.
[transformers] Be aware, overflowing tokens are not returned for the setting you have chosen, i.e. sequence pairs with the 'longest_first' truncation strategy. So the returned list will always be empty even if some tokens have been removed.
[transformers] Be aware, overflowing tokens are not returned for the setting you have chosen, i.e. sequence pairs with the 'longest_first' truncation strategy. So the returned list will always be empty even if some tokens have been removed.
[transformers] Be aware, overflowing tokens are not returned for the setting you have chosen, i.e. sequence pairs with the 'longest_first' truncation strategy. So the returned list will always be empty even if some tokens have been removed.
[transformers] Be aware, overflowing tokens are not returned for the setting you have chosen, i.e. sequence pairs with the 'longest_first' truncation strategy. So the returned list will always be empty even if some tokens have been removed.
[transformers] Be aware, overflowing tokens are not returned for the setting you have chosen, i.e. sequence pairs with the 'longest_first' truncation strategy. So the returned list will always be empty even if some tokens have been removed.
[transformers] Be aware, overflowing tokens are not returned for the setting you have chosen, i.e. sequence pairs with the 'longest_first' truncation strategy. So the returned list will always be empty even if some tokens have been removed.
[transformers] Be aware, overflowing tokens are not returned for the setting you have chosen, i.e. sequence pairs with the 'longest_first' truncation strategy. So the returned list will always be empty even if some tokens have been removed.
[transformers] Be aware, overflowing tokens are not returned for the setting you have chosen, i.e. sequence pairs with the 'longest_first' truncation strategy. So the returned list will always be empty even if some tokens have been removed.
[transformers] Be aware, overflowing tokens are not returned for the setting you have chosen, i.e. sequence pairs with the 'longest_first' truncation strategy. So the returned list will always be empty even if some tokens have been removed.
[transformers] Be aware, overflowing tokens are not returned for the setting you have chosen, i.e. sequence pairs with the 'longest_first' truncation strategy. So the returned list will always be empty even if some tokens have been removed.
[transformers] Be aware, overflowing tokens are not returned for the setting you have chosen, i.e. sequence pairs with the 'longest_first' truncation strategy. So the returned list will always be empty even if some tokens have been removed.
[transformers] Be aware, overflowing tokens are not returned for the setting you have chosen, i.e. sequence pairs with the 'longest_first' truncation strategy. So the returned list will always be empty even if some tokens have been removed.
[transformers] Be aware, overflowing tokens are not returned for the setting you have chosen, i.e. sequence pairs with the 'longest_first' truncation strategy. So the returned list will always be empty even if some tokens have been removed.
[transformers] Be aware, overflowing tokens are not returned for the setting you have chosen, i.e. sequence pairs with the 'longest_first' truncation strategy. So the returned list will always be empty even if some tokens have been removed.
[transformers] Be aware, overflowing tokens are not returned for the setting you have chosen, i.e. sequence pairs with the 'longest_first' truncation strategy. So the returned list will always be empty even if some tokens have been removed.
[transformers] Be aware, overflowing tokens are not returned for the setting you have chosen, i.e. sequence pairs with the 'longest_first' truncation strategy. So the returned list will always be empty even if some tokens have been removed.
[transformers] Be aware, overflowing tokens are not returned for the setting you have chosen, i.e. sequence pairs with the 'longest_first' truncation strategy. So the returned list will always be empty even if some tokens have been removed.
[transformers] Be aware, overflowing tokens are not returned for the setting you have chosen, i.e. sequence pairs with the 'longest_first' truncation strategy. So the returned list will always be empty even if some tokens have been removed.
[transformers] Be aware, overflowing tokens are not returned for the setting you have chosen, i.e. sequence pairs with the 'longest_first' truncation strategy. So the returned list will always be empty even if some tokens have been removed.
[transformers] Be aware, overflowing tokens are not returned for the setting you have chosen, i.e. sequence pairs with the 'longest_first' truncation strategy. So the returned list will always be empty even if some tokens have been removed.
[transformers] Be aware, overflowing tokens are not returned for the setting you have chosen, i.e. sequence pairs with the 'longest_first' truncation strategy. So the returned list will always be empty even if some tokens have been removed.
[transformers] Be aware, overflowing tokens are not returned for the setting you have chosen, i.e. sequence pairs with the 'longest_first' truncation strategy. So the returned list will always be empty even if some tokens have been removed.
[transformers] Be aware, overflowing tokens are not returned for the setting you have chosen, i.e. sequence pairs with the 'longest_first' truncation strategy. So the returned list will always be empty even if some tokens have been removed.
[transformers] Be aware, overflowing tokens are not returned for the setting you have chosen, i.e. sequence pairs with the 'longest_first' truncation strategy. So the returned list will always be empty even if some tokens have been removed.
[transformers] Be aware, overflowing tokens are not returned for the setting you have chosen, i.e. sequence pairs with the 'longest_first' truncation strategy. So the returned list will always be empty even if some tokens have been removed.
[transformers] Be aware, overflowing tokens are not returned for the setting you have chosen, i.e. sequence pairs with the 'longest_first' truncation strategy. So the returned list will always be empty even if some tokens have been removed.
[transformers] Be aware, overflowing tokens are not returned for the setting you have chosen, i.e. sequence pairs with the 'longest_first' truncation strategy. So the returned list will always be empty even if some tokens have been removed.
[transformers] Be aware, overflowing tokens are not returned for the setting you have chosen, i.e. sequence pairs with the 'longest_first' truncation strategy. So the returned list will always be empty even if some tokens have been removed.
[transformers] Be aware, overflowing tokens are not returned for the setting you have chosen, i.e. sequence pairs with the 'longest_first' truncation strategy. So the returned list will always be empty even if some tokens have been removed.
[transformers] Be aware, overflowing tokens are not returned for the setting you have chosen, i.e. sequence pairs with the 'longest_first' truncation strategy. So the returned list will always be empty even if some tokens have been removed.
[transformers] Be aware, overflowing tokens are not returned for the setting you have chosen, i.e. sequence pairs with the 'longest_first' truncation strategy. So the returned list will always be empty even if some tokens have been removed.
[transformers] Be aware, overflowing tokens are not returned for the setting you have chosen, i.e. sequence pairs with the 'longest_first' truncation strategy. So the returned list will always be empty even if some tokens have been removed.
[transformers] Be aware, overflowing tokens are not returned for the setting you have chosen, i.e. sequence pairs with the 'longest_first' truncation strategy. So the returned list will always be empty even if some tokens have been removed.
[transformers] Be aware, overflowing tokens are not returned for the setting you have chosen, i.e. sequence pairs with the 'longest_first' truncation strategy. So the returned list will always be empty even if some tokens have been removed.
[transformers] Be aware, overflowing tokens are not returned for the setting you have chosen, i.e. sequence pairs with the 'longest_first' truncation strategy. So the returned list will always be empty even if some tokens have been removed.
[transformers] Be aware, overflowing tokens are not returned for the setting you have chosen, i.e. sequence pairs with the 'longest_first' truncation strategy. So the returned list will always be empty even if some tokens have been removed.
[transformers] Be aware, overflowing tokens are not returned for the setting you have chosen, i.e. sequence pairs with the 'longest_first' truncation strategy. So the returned list will always be empty even if some tokens have been removed.
[transformers] Be aware, overflowing tokens are not returned for the setting you have chosen, i.e. sequence pairs with the 'longest_first' truncation strategy. So the returned list will always be empty even if some tokens have been removed.
[transformers] Be aware, overflowing tokens are not returned for the setting you have chosen, i.e. sequence pairs with the 'longest_first' truncation strategy. So the returned list will always be empty even if some tokens have been removed.
[transformers] Be aware, overflowing tokens are not returned for the setting you have chosen, i.e. sequence pairs with the 'longest_first' truncation strategy. So the returned list will always be empty even if some tokens have been removed.
[transformers] Be aware, overflowing tokens are not returned for the setting you have chosen, i.e. sequence pairs with the 'longest_first' truncation strategy. So the returned list will always be empty even if some tokens have been removed.
[transformers] Be aware, overflowing tokens are not returned for the setting you have chosen, i.e. sequence pairs with the 'longest_first' truncation strategy. So the returned list will always be empty even if some tokens have been removed.
[transformers] Be aware, overflowing tokens are not returned for the setting you have chosen, i.e. sequence pairs with the 'longest_first' truncation strategy. So the returned list will always be empty even if some tokens have been removed.
[transformers] Be aware, overflowing tokens are not returned for the setting you have chosen, i.e. sequence pairs with the 'longest_first' truncation strategy. So the returned list will always be empty even if some tokens have been removed.
[transformers] Be aware, overflowing tokens are not returned for the setting you have chosen, i.e. sequence pairs with the 'longest_first' truncation strategy. So the returned list will always be empty even if some tokens have been removed.
[transformers] Be aware, overflowing tokens are not returned for the setting you have chosen, i.e. sequence pairs with the 'longest_first' truncation strategy. So the returned list will always be empty even if some tokens have been removed.
[transformers] Be aware, overflowing tokens are not returned for the setting you have chosen, i.e. sequence pairs with the 'longest_first' truncation strategy. So the returned list will always be empty even if some tokens have been removed.
[transformers] Be aware, overflowing tokens are not returned for the setting you have chosen, i.e. sequence pairs with the 'longest_first' truncation strategy. So the returned list will always be empty even if some tokens have been removed.
[transformers] Be aware, overflowing tokens are not returned for the setting you have chosen, i.e. sequence pairs with the 'longest_first' truncation strategy. So the returned list will always be empty even if some tokens have been removed.
[transformers] Be aware, overflowing tokens are not returned for the setting you have chosen, i.e. sequence pairs with the 'longest_first' truncation strategy. So the returned list will always be empty even if some tokens have been removed.
[transformers] Be aware, overflowing tokens are not returned for the setting you have chosen, i.e. sequence pairs with the 'longest_first' truncation strategy. So the returned list will always be empty even if some tokens have been removed.
[transformers] Be aware, overflowing tokens are not returned for the setting you have chosen, i.e. sequence pairs with the 'longest_first' truncation strategy. So the returned list will always be empty even if some tokens have been removed.
[transformers] Be aware, overflowing tokens are not returned for the setting you have chosen, i.e. sequence pairs with the 'longest_first' truncation strategy. So the returned list will always be empty even if some tokens have been removed.
[transformers] Be aware, overflowing tokens are not returned for the setting you have chosen, i.e. sequence pairs with the 'longest_first' truncation strategy. So the returned list will always be empty even if some tokens have been removed.
[transformers] Be aware, overflowing tokens are not returned for the setting you have chosen, i.e. sequence pairs with the 'longest_first' truncation strategy. So the returned list will always be empty even if some tokens have been removed.
[transformers] Be aware, overflowing tokens are not returned for the setting you have chosen, i.e. sequence pairs with the 'longest_first' truncation strategy. So the returned list will always be empty even if some tokens have been removed.
[transformers] Be aware, overflowing tokens are not returned for the setting you have chosen, i.e. sequence pairs with the 'longest_first' truncation strategy. So the returned list will always be empty even if some tokens have been removed.
[transformers] Be aware, overflowing tokens are not returned for the setting you have chosen, i.e. sequence pairs with the 'longest_first' truncation strategy. So the returned list will always be empty even if some tokens have been removed.
[transformers] Be aware, overflowing tokens are not returned for the setting you have chosen, i.e. sequence pairs with the 'longest_first' truncation strategy. So the returned list will always be empty even if some tokens have been removed.
[transformers] Be aware, overflowing tokens are not returned for the setting you have chosen, i.e. sequence pairs with the 'longest_first' truncation strategy. So the returned list will always be empty even if some tokens have been removed.
[transformers] Be aware, overflowing tokens are not returned for the setting you have chosen, i.e. sequence pairs with the 'longest_first' truncation strategy. So the returned list will always be empty even if some tokens have been removed.
[transformers] Be aware, overflowing tokens are not returned for the setting you have chosen, i.e. sequence pairs with the 'longest_first' truncation strategy. So the returned list will always be empty even if some tokens have been removed.
[transformers] Be aware, overflowing tokens are not returned for the setting you have chosen, i.e. sequence pairs with the 'longest_first' truncation strategy. So the returned list will always be empty even if some tokens have been removed.
[transformers] Be aware, overflowing tokens are not returned for the setting you have chosen, i.e. sequence pairs with the 'longest_first' truncation strategy. So the returned list will always be empty even if some tokens have been removed.
[transformers] Be aware, overflowing tokens are not returned for the setting you have chosen, i.e. sequence pairs with the 'longest_first' truncation strategy. So the returned list will always be empty even if some tokens have been removed.
[transformers] Be aware, overflowing tokens are not returned for the setting you have chosen, i.e. sequence pairs with the 'longest_first' truncation strategy. So the returned list will always be empty even if some tokens have been removed.
[transformers] Be aware, overflowing tokens are not returned for the setting you have chosen, i.e. sequence pairs with the 'longest_first' truncation strategy. So the returned list will always be empty even if some tokens have been removed.
[transformers] Be aware, overflowing tokens are not returned for the setting you have chosen, i.e. sequence pairs with the 'longest_first' truncation strategy. So the returned list will always be empty even if some tokens have been removed.
[transformers] Be aware, overflowing tokens are not returned for the setting you have chosen, i.e. sequence pairs with the 'longest_first' truncation strategy. So the returned list will always be empty even if some tokens have been removed.
[transformers] Be aware, overflowing tokens are not returned for the setting you have chosen, i.e. sequence pairs with the 'longest_first' truncation strategy. So the returned list will always be empty even if some tokens have been removed.
[transformers] Be aware, overflowing tokens are not returned for the setting you have chosen, i.e. sequence pairs with the 'longest_first' truncation strategy. So the returned list will always be empty even if some tokens have been removed.
[transformers] Be aware, overflowing tokens are not returned for the setting you have chosen, i.e. sequence pairs with the 'longest_first' truncation strategy. So the returned list will always be empty even if some tokens have been removed.
[transformers] Be aware, overflowing tokens are not returned for the setting you have chosen, i.e. sequence pairs with the 'longest_first' truncation strategy. So the returned list will always be empty even if some tokens have been removed.
[transformers] Be aware, overflowing tokens are not returned for the setting you have chosen, i.e. sequence pairs with the 'longest_first' truncation strategy. So the returned list will always be empty even if some tokens have been removed.
[transformers] Be aware, overflowing tokens are not returned for the setting you have chosen, i.e. sequence pairs with the 'longest_first' truncation strategy. So the returned list will always be empty even if some tokens have been removed.
[transformers] Be aware, overflowing tokens are not returned for the setting you have chosen, i.e. sequence pairs with the 'longest_first' truncation strategy. So the returned list will always be empty even if some tokens have been removed.
[transformers] Be aware, overflowing tokens are not returned for the setting you have chosen, i.e. sequence pairs with the 'longest_first' truncation strategy. So the returned list will always be empty even if some tokens have been removed.
[transformers] Be aware, overflowing tokens are not returned for the setting you have chosen, i.e. sequence pairs with the 'longest_first' truncation strategy. So the returned list will always be empty even if some tokens have been removed.
[transformers] Be aware, overflowing tokens are not returned for the setting you have chosen, i.e. sequence pairs with the 'longest_first' truncation strategy. So the returned list will always be empty even if some tokens have been removed.
[transformers] Be aware, overflowing tokens are not returned for the setting you have chosen, i.e. sequence pairs with the 'longest_first' truncation strategy. So the returned list will always be empty even if some tokens have been removed.
[transformers] Be aware, overflowing tokens are not returned for the setting you have chosen, i.e. sequence pairs with the 'longest_first' truncation strategy. So the returned list will always be empty even if some tokens have been removed.
[transformers] Be aware, overflowing tokens are not returned for the setting you have chosen, i.e. sequence pairs with the 'longest_first' truncation strategy. So the returned list will always be empty even if some tokens have been removed.
[transformers] Be aware, overflowing tokens are not returned for the setting you have chosen, i.e. sequence pairs with the 'longest_first' truncation strategy. So the returned list will always be empty even if some tokens have been removed.
[transformers] Be aware, overflowing tokens are not returned for the setting you have chosen, i.e. sequence pairs with the 'longest_first' truncation strategy. So the returned list will always be empty even if some tokens have been removed.
[transformers] Be aware, overflowing tokens are not returned for the setting you have chosen, i.e. sequence pairs with the 'longest_first' truncation strategy. So the returned list will always be empty even if some tokens have been removed.
[transformers] Be aware, overflowing tokens are not returned for the setting you have chosen, i.e. sequence pairs with the 'longest_first' truncation strategy. So the returned list will always be empty even if some tokens have been removed.
[transformers] Be aware, overflowing tokens are not returned for the setting you have chosen, i.e. sequence pairs with the 'longest_first' truncation strategy. So the returned list will always be empty even if some tokens have been removed.
[transformers] Be aware, overflowing tokens are not returned for the setting you have chosen, i.e. sequence pairs with the 'longest_first' truncation strategy. So the returned list will always be empty even if some tokens have been removed.
[transformers] Be aware, overflowing tokens are not returned for the setting you have chosen, i.e. sequence pairs with the 'longest_first' truncation strategy. So the returned list will always be empty even if some tokens have been removed.
[transformers] Be aware, overflowing tokens are not returned for the setting you have chosen, i.e. sequence pairs with the 'longest_first' truncation strategy. So the returned list will always be empty even if some tokens have been removed.
[transformers] Be aware, overflowing tokens are not returned for the setting you have chosen, i.e. sequence pairs with the 'longest_first' truncation strategy. So the returned list will always be empty even if some tokens have been removed.
[transformers] Be aware, overflowing tokens are not returned for the setting you have chosen, i.e. sequence pairs with the 'longest_first' truncation strategy. So the returned list will always be empty even if some tokens have been removed.
[transformers] Be aware, overflowing tokens are not returned for the setting you have chosen, i.e. sequence pairs with the 'longest_first' truncation strategy. So the returned list will always be empty even if some tokens have been removed.
[transformers] Be aware, overflowing tokens are not returned for the setting you have chosen, i.e. sequence pairs with the 'longest_first' truncation strategy. So the returned list will always be empty even if some tokens have been removed.
[transformers] Be aware, overflowing tokens are not returned for the setting you have chosen, i.e. sequence pairs with the 'longest_first' truncation strategy. So the returned list will always be empty even if some tokens have been removed.
[transformers] Be aware, overflowing tokens are not returned for the setting you have chosen, i.e. sequence pairs with the 'longest_first' truncation strategy. So the returned list will always be empty even if some tokens have been removed.
[transformers] Be aware, overflowing tokens are not returned for the setting you have chosen, i.e. sequence pairs with the 'longest_first' truncation strategy. So the returned list will always be empty even if some tokens have been removed.
[transformers] Be aware, overflowing tokens are not returned for the setting you have chosen, i.e. sequence pairs with the 'longest_first' truncation strategy. So the returned list will always be empty even if some tokens have been removed.
[transformers] Be aware, overflowing tokens are not returned for the setting you have chosen, i.e. sequence pairs with the 'longest_first' truncation strategy. So the returned list will always be empty even if some tokens have been removed.
[transformers] Be aware, overflowing tokens are not returned for the setting you have chosen, i.e. sequence pairs with the 'longest_first' truncation strategy. So the returned list will always be empty even if some tokens have been removed.
[transformers] Be aware, overflowing tokens are not returned for the setting you have chosen, i.e. sequence pairs with the 'longest_first' truncation strategy. So the returned list will always be empty even if some tokens have been removed.
[transformers] Be aware, overflowing tokens are not returned for the setting you have chosen, i.e. sequence pairs with the 'longest_first' truncation strategy. So the returned list will always be empty even if some tokens have been removed.
[transformers] Be aware, overflowing tokens are not returned for the setting you have chosen, i.e. sequence pairs with the 'longest_first' truncation strategy. So the returned list will always be empty even if some tokens have been removed.
[transformers] Be aware, overflowing tokens are not returned for the setting you have chosen, i.e. sequence pairs with the 'longest_first' truncation strategy. So the returned list will always be empty even if some tokens have been removed.
[transformers] Be aware, overflowing tokens are not returned for the setting you have chosen, i.e. sequence pairs with the 'longest_first' truncation strategy. So the returned list will always be empty even if some tokens have been removed.
[transformers] Be aware, overflowing tokens are not returned for the setting you have chosen, i.e. sequence pairs with the 'longest_first' truncation strategy. So the returned list will always be empty even if some tokens have been removed.
[transformers] Be aware, overflowing tokens are not returned for the setting you have chosen, i.e. sequence pairs with the 'longest_first' truncation strategy. So the returned list will always be empty even if some tokens have been removed.
[transformers] Be aware, overflowing tokens are not returned for the setting you have chosen, i.e. sequence pairs with the 'longest_first' truncation strategy. So the returned list will always be empty even if some tokens have been removed.
[transformers] Be aware, overflowing tokens are not returned for the setting you have chosen, i.e. sequence pairs with the 'longest_first' truncation strategy. So the returned list will always be empty even if some tokens have been removed.
[transformers] Be aware, overflowing tokens are not returned for the setting you have chosen, i.e. sequence pairs with the 'longest_first' truncation strategy. So the returned list will always be empty even if some tokens have been removed.
[transformers] Be aware, overflowing tokens are not returned for the setting you have chosen, i.e. sequence pairs with the 'longest_first' truncation strategy. So the returned list will always be empty even if some tokens have been removed.
[transformers] Be aware, overflowing tokens are not returned for the setting you have chosen, i.e. sequence pairs with the 'longest_first' truncation strategy. So the returned list will always be empty even if some tokens have been removed.
[transformers] Be aware, overflowing tokens are not returned for the setting you have chosen, i.e. sequence pairs with the 'longest_first' truncation strategy. So the returned list will always be empty even if some tokens have been removed.
[transformers] Be aware, overflowing tokens are not returned for the setting you have chosen, i.e. sequence pairs with the 'longest_first' truncation strategy. So the returned list will always be empty even if some tokens have been removed.
[transformers] Be aware, overflowing tokens are not returned for the setting you have chosen, i.e. sequence pairs with the 'longest_first' truncation strategy. So the returned list will always be empty even if some tokens have been removed.
[transformers] Be aware, overflowing tokens are not returned for the setting you have chosen, i.e. sequence pairs with the 'longest_first' truncation strategy. So the returned list will always be empty even if some tokens have been removed.
[transformers] Be aware, overflowing tokens are not returned for the setting you have chosen, i.e. sequence pairs with the 'longest_first' truncation strategy. So the returned list will always be empty even if some tokens have been removed.
[transformers] Be aware, overflowing tokens are not returned for the setting you have chosen, i.e. sequence pairs with the 'longest_first' truncation strategy. So the returned list will always be empty even if some tokens have been removed.
[transformers] Be aware, overflowing tokens are not returned for the setting you have chosen, i.e. sequence pairs with the 'longest_first' truncation strategy. So the returned list will always be empty even if some tokens have been removed.
[transformers] Be aware, overflowing tokens are not returned for the setting you have chosen, i.e. sequence pairs with the 'longest_first' truncation strategy. So the returned list will always be empty even if some tokens have been removed.
[transformers] Be aware, overflowing tokens are not returned for the setting you have chosen, i.e. sequence pairs with the 'longest_first' truncation strategy. So the returned list will always be empty even if some tokens have been removed.
[transformers] Be aware, overflowing tokens are not returned for the setting you have chosen, i.e. sequence pairs with the 'longest_first' truncation strategy. So the returned list will always be empty even if some tokens have been removed.
[transformers] Be aware, overflowing tokens are not returned for the setting you have chosen, i.e. sequence pairs with the 'longest_first' truncation strategy. So the returned list will always be empty even if some tokens have been removed.
[transformers] Be aware, overflowing tokens are not returned for the setting you have chosen, i.e. sequence pairs with the 'longest_first' truncation strategy. So the returned list will always be empty even if some tokens have been removed.
[transformers] Be aware, overflowing tokens are not returned for the setting you have chosen, i.e. sequence pairs with the 'longest_first' truncation strategy. So the returned list will always be empty even if some tokens have been removed.
[transformers] Be aware, overflowing tokens are not returned for the setting you have chosen, i.e. sequence pairs with the 'longest_first' truncation strategy. So the returned list will always be empty even if some tokens have been removed.
[transformers] Be aware, overflowing tokens are not returned for the setting you have chosen, i.e. sequence pairs with the 'longest_first' truncation strategy. So the returned list will always be empty even if some tokens have been removed.
[transformers] Be aware, overflowing tokens are not returned for the setting you have chosen, i.e. sequence pairs with the 'longest_first' truncation strategy. So the returned list will always be empty even if some tokens have been removed.
[transformers] Be aware, overflowing tokens are not returned for the setting you have chosen, i.e. sequence pairs with the 'longest_first' truncation strategy. So the returned list will always be empty even if some tokens have been removed.
[transformers] Be aware, overflowing tokens are not returned for the setting you have chosen, i.e. sequence pairs with the 'longest_first' truncation strategy. So the returned list will always be empty even if some tokens have been removed.
[transformers] Be aware, overflowing tokens are not returned for the setting you have chosen, i.e. sequence pairs with the 'longest_first' truncation strategy. So the returned list will always be empty even if some tokens have been removed.
[transformers] Be aware, overflowing tokens are not returned for the setting you have chosen, i.e. sequence pairs with the 'longest_first' truncation strategy. So the returned list will always be empty even if some tokens have been removed.
[transformers] Be aware, overflowing tokens are not returned for the setting you have chosen, i.e. sequence pairs with the 'longest_first' truncation strategy. So the returned list will always be empty even if some tokens have been removed.
[transformers] Be aware, overflowing tokens are not returned for the setting you have chosen, i.e. sequence pairs with the 'longest_first' truncation strategy. So the returned list will always be empty even if some tokens have been removed.
[transformers] Be aware, overflowing tokens are not returned for the setting you have chosen, i.e. sequence pairs with the 'longest_first' truncation strategy. So the returned list will always be empty even if some tokens have been removed.
[transformers] Be aware, overflowing tokens are not returned for the setting you have chosen, i.e. sequence pairs with the 'longest_first' truncation strategy. So the returned list will always be empty even if some tokens have been removed.
[transformers] Be aware, overflowing tokens are not returned for the setting you have chosen, i.e. sequence pairs with the 'longest_first' truncation strategy. So the returned list will always be empty even if some tokens have been removed.
[transformers] Be aware, overflowing tokens are not returned for the setting you have chosen, i.e. sequence pairs with the 'longest_first' truncation strategy. So the returned list will always be empty even if some tokens have been removed.
[transformers] Be aware, overflowing tokens are not returned for the setting you have chosen, i.e. sequence pairs with the 'longest_first' truncation strategy. So the returned list will always be empty even if some tokens have been removed.
[transformers] Be aware, overflowing tokens are not returned for the setting you have chosen, i.e. sequence pairs with the 'longest_first' truncation strategy. So the returned list will always be empty even if some tokens have been removed.
[transformers] Be aware, overflowing tokens are not returned for the setting you have chosen, i.e. sequence pairs with the 'longest_first' truncation strategy. So the returned list will always be empty even if some tokens have been removed.
[transformers] Be aware, overflowing tokens are not returned for the setting you have chosen, i.e. sequence pairs with the 'longest_first' truncation strategy. So the returned list will always be empty even if some tokens have been removed.
[transformers] Be aware, overflowing tokens are not returned for the setting you have chosen, i.e. sequence pairs with the 'longest_first' truncation strategy. So the returned list will always be empty even if some tokens have been removed.
[transformers] Be aware, overflowing tokens are not returned for the setting you have chosen, i.e. sequence pairs with the 'longest_first' truncation strategy. So the returned list will always be empty even if some tokens have been removed.
[transformers] Be aware, overflowing tokens are not returned for the setting you have chosen, i.e. sequence pairs with the 'longest_first' truncation strategy. So the returned list will always be empty even if some tokens have been removed.
[transformers] Be aware, overflowing tokens are not returned for the setting you have chosen, i.e. sequence pairs with the 'longest_first' truncation strategy. So the returned list will always be empty even if some tokens have been removed.
[transformers] Be aware, overflowing tokens are not returned for the setting you have chosen, i.e. sequence pairs with the 'longest_first' truncation strategy. So the returned list will always be empty even if some tokens have been removed.
[transformers] Be aware, overflowing tokens are not returned for the setting you have chosen, i.e. sequence pairs with the 'longest_first' truncation strategy. So the returned list will always be empty even if some tokens have been removed.
[transformers] Be aware, overflowing tokens are not returned for the setting you have chosen, i.e. sequence pairs with the 'longest_first' truncation strategy. So the returned list will always be empty even if some tokens have been removed.
[transformers] Be aware, overflowing tokens are not returned for the setting you have chosen, i.e. sequence pairs with the 'longest_first' truncation strategy. So the returned list will always be empty even if some tokens have been removed.
[transformers] Be aware, overflowing tokens are not returned for the setting you have chosen, i.e. sequence pairs with the 'longest_first' truncation strategy. So the returned list will always be empty even if some tokens have been removed.
[transformers] Be aware, overflowing tokens are not returned for the setting you have chosen, i.e. sequence pairs with the 'longest_first' truncation strategy. So the returned list will always be empty even if some tokens have been removed.
[transformers] Be aware, overflowing tokens are not returned for the setting you have chosen, i.e. sequence pairs with the 'longest_first' truncation strategy. So the returned list will always be empty even if some tokens have been removed.
[transformers] Be aware, overflowing tokens are not returned for the setting you have chosen, i.e. sequence pairs with the 'longest_first' truncation strategy. So the returned list will always be empty even if some tokens have been removed.
[transformers] Be aware, overflowing tokens are not returned for the setting you have chosen, i.e. sequence pairs with the 'longest_first' truncation strategy. So the returned list will always be empty even if some tokens have been removed.
[transformers] Be aware, overflowing tokens are not returned for the setting you have chosen, i.e. sequence pairs with the 'longest_first' truncation strategy. So the returned list will always be empty even if some tokens have been removed.
[transformers] Be aware, overflowing tokens are not returned for the setting you have chosen, i.e. sequence pairs with the 'longest_first' truncation strategy. So the returned list will always be empty even if some tokens have been removed.
[transformers] Be aware, overflowing tokens are not returned for the setting you have chosen, i.e. sequence pairs with the 'longest_first' truncation strategy. So the returned list will always be empty even if some tokens have been removed.
[transformers] Be aware, overflowing tokens are not returned for the setting you have chosen, i.e. sequence pairs with the 'longest_first' truncation strategy. So the returned list will always be empty even if some tokens have been removed.
[transformers] Be aware, overflowing tokens are not returned for the setting you have chosen, i.e. sequence pairs with the 'longest_first' truncation strategy. So the returned list will always be empty even if some tokens have been removed.
[transformers] Be aware, overflowing tokens are not returned for the setting you have chosen, i.e. sequence pairs with the 'longest_first' truncation strategy. So the returned list will always be empty even if some tokens have been removed.
[transformers] Be aware, overflowing tokens are not returned for the setting you have chosen, i.e. sequence pairs with the 'longest_first' truncation strategy. So the returned list will always be empty even if some tokens have been removed.
[transformers] Be aware, overflowing tokens are not returned for the setting you have chosen, i.e. sequence pairs with the 'longest_first' truncation strategy. So the returned list will always be empty even if some tokens have been removed.
[transformers] Be aware, overflowing tokens are not returned for the setting you have chosen, i.e. sequence pairs with the 'longest_first' truncation strategy. So the returned list will always be empty even if some tokens have been removed.
[transformers] Be aware, overflowing tokens are not returned for the setting you have chosen, i.e. sequence pairs with the 'longest_first' truncation strategy. So the returned list will always be empty even if some tokens have been removed.
[transformers] Be aware, overflowing tokens are not returned for the setting you have chosen, i.e. sequence pairs with the 'longest_first' truncation strategy. So the returned list will always be empty even if some tokens have been removed.
[transformers] Be aware, overflowing tokens are not returned for the setting you have chosen, i.e. sequence pairs with the 'longest_first' truncation strategy. So the returned list will always be empty even if some tokens have been removed.
[transformers] Be aware, overflowing tokens are not returned for the setting you have chosen, i.e. sequence pairs with the 'longest_first' truncation strategy. So the returned list will always be empty even if some tokens have been removed.
[transformers] Be aware, overflowing tokens are not returned for the setting you have chosen, i.e. sequence pairs with the 'longest_first' truncation strategy. So the returned list will always be empty even if some tokens have been removed.
[transformers] Be aware, overflowing tokens are not returned for the setting you have chosen, i.e. sequence pairs with the 'longest_first' truncation strategy. So the returned list will always be empty even if some tokens have been removed.
[transformers] Be aware, overflowing tokens are not returned for the setting you have chosen, i.e. sequence pairs with the 'longest_first' truncation strategy. So the returned list will always be empty even if some tokens have been removed.
[transformers] Be aware, overflowing tokens are not returned for the setting you have chosen, i.e. sequence pairs with the 'longest_first' truncation strategy. So the returned list will always be empty even if some tokens have been removed.
[transformers] Be aware, overflowing tokens are not returned for the setting you have chosen, i.e. sequence pairs with the 'longest_first' truncation strategy. So the returned list will always be empty even if some tokens have been removed.
[transformers] Be aware, overflowing tokens are not returned for the setting you have chosen, i.e. sequence pairs with the 'longest_first' truncation strategy. So the returned list will always be empty even if some tokens have been removed.
[transformers] Be aware, overflowing tokens are not returned for the setting you have chosen, i.e. sequence pairs with the 'longest_first' truncation strategy. So the returned list will always be empty even if some tokens have been removed.
[transformers] Be aware, overflowing tokens are not returned for the setting you have chosen, i.e. sequence pairs with the 'longest_first' truncation strategy. So the returned list will always be empty even if some tokens have been removed.
[transformers] Be aware, overflowing tokens are not returned for the setting you have chosen, i.e. sequence pairs with the 'longest_first' truncation strategy. So the returned list will always be empty even if some tokens have been removed.
[transformers] Be aware, overflowing tokens are not returned for the setting you have chosen, i.e. sequence pairs with the 'longest_first' truncation strategy. So the returned list will always be empty even if some tokens have been removed.
[transformers] Be aware, overflowing tokens are not returned for the setting you have chosen, i.e. sequence pairs with the 'longest_first' truncation strategy. So the returned list will always be empty even if some tokens have been removed.
[transformers] Be aware, overflowing tokens are not returned for the setting you have chosen, i.e. sequence pairs with the 'longest_first' truncation strategy. So the returned list will always be empty even if some tokens have been removed.
[transformers] Be aware, overflowing tokens are not returned for the setting you have chosen, i.e. sequence pairs with the 'longest_first' truncation strategy. So the returned list will always be empty even if some tokens have been removed.
[transformers] Be aware, overflowing tokens are not returned for the setting you have chosen, i.e. sequence pairs with the 'longest_first' truncation strategy. So the returned list will always be empty even if some tokens have been removed.
[transformers] Be aware, overflowing tokens are not returned for the setting you have chosen, i.e. sequence pairs with the 'longest_first' truncation strategy. So the returned list will always be empty even if some tokens have been removed.
[transformers] Be aware, overflowing tokens are not returned for the setting you have chosen, i.e. sequence pairs with the 'longest_first' truncation strategy. So the returned list will always be empty even if some tokens have been removed.
[transformers] Be aware, overflowing tokens are not returned for the setting you have chosen, i.e. sequence pairs with the 'longest_first' truncation strategy. So the returned list will always be empty even if some tokens have been removed.
[transformers] Be aware, overflowing tokens are not returned for the setting you have chosen, i.e. sequence pairs with the 'longest_first' truncation strategy. So the returned list will always be empty even if some tokens have been removed.
[transformers] Be aware, overflowing tokens are not returned for the setting you have chosen, i.e. sequence pairs with the 'longest_first' truncation strategy. So the returned list will always be empty even if some tokens have been removed.
[transformers] Be aware, overflowing tokens are not returned for the setting you have chosen, i.e. sequence pairs with the 'longest_first' truncation strategy. So the returned list will always be empty even if some tokens have been removed.
[transformers] Be aware, overflowing tokens are not returned for the setting you have chosen, i.e. sequence pairs with the 'longest_first' truncation strategy. So the returned list will always be empty even if some tokens have been removed.
[transformers] Be aware, overflowing tokens are not returned for the setting you have chosen, i.e. sequence pairs with the 'longest_first' truncation strategy. So the returned list will always be empty even if some tokens have been removed.
[transformers] Be aware, overflowing tokens are not returned for the setting you have chosen, i.e. sequence pairs with the 'longest_first' truncation strategy. So the returned list will always be empty even if some tokens have been removed.
[transformers] Be aware, overflowing tokens are not returned for the setting you have chosen, i.e. sequence pairs with the 'longest_first' truncation strategy. So the returned list will always be empty even if some tokens have been removed.
[transformers] Be aware, overflowing tokens are not returned for the setting you have chosen, i.e. sequence pairs with the 'longest_first' truncation strategy. So the returned list will always be empty even if some tokens have been removed.
[transformers] Be aware, overflowing tokens are not returned for the setting you have chosen, i.e. sequence pairs with the 'longest_first' truncation strategy. So the returned list will always be empty even if some tokens have been removed.
[transformers] Be aware, overflowing tokens are not returned for the setting you have chosen, i.e. sequence pairs with the 'longest_first' truncation strategy. So the returned list will always be empty even if some tokens have been removed.
[transformers] Be aware, overflowing tokens are not returned for the setting you have chosen, i.e. sequence pairs with the 'longest_first' truncation strategy. So the returned list will always be empty even if some tokens have been removed.
[transformers] Be aware, overflowing tokens are not returned for the setting you have chosen, i.e. sequence pairs with the 'longest_first' truncation strategy. So the returned list will always be empty even if some tokens have been removed.
[transformers] Be aware, overflowing tokens are not returned for the setting you have chosen, i.e. sequence pairs with the 'longest_first' truncation strategy. So the returned list will always be empty even if some tokens have been removed.
[transformers] Be aware, overflowing tokens are not returned for the setting you have chosen, i.e. sequence pairs with the 'longest_first' truncation strategy. So the returned list will always be empty even if some tokens have been removed.
[transformers] Be aware, overflowing tokens are not returned for the setting you have chosen, i.e. sequence pairs with the 'longest_first' truncation strategy. So the returned list will always be empty even if some tokens have been removed.
[transformers] Be aware, overflowing tokens are not returned for the setting you have chosen, i.e. sequence pairs with the 'longest_first' truncation strategy. So the returned list will always be empty even if some tokens have been removed.
[transformers] Be aware, overflowing tokens are not returned for the setting you have chosen, i.e. sequence pairs with the 'longest_first' truncation strategy. So the returned list will always be empty even if some tokens have been removed.
[transformers] Be aware, overflowing tokens are not returned for the setting you have chosen, i.e. sequence pairs with the 'longest_first' truncation strategy. So the returned list will always be empty even if some tokens have been removed.
[transformers] Be aware, overflowing tokens are not returned for the setting you have chosen, i.e. sequence pairs with the 'longest_first' truncation strategy. So the returned list will always be empty even if some tokens have been removed.
[transformers] Be aware, overflowing tokens are not returned for the setting you have chosen, i.e. sequence pairs with the 'longest_first' truncation strategy. So the returned list will always be empty even if some tokens have been removed.
[transformers] Be aware, overflowing tokens are not returned for the setting you have chosen, i.e. sequence pairs with the 'longest_first' truncation strategy. So the returned list will always be empty even if some tokens have been removed.
[transformers] Be aware, overflowing tokens are not returned for the setting you have chosen, i.e. sequence pairs with the 'longest_first' truncation strategy. So the returned list will always be empty even if some tokens have been removed.
[transformers] Be aware, overflowing tokens are not returned for the setting you have chosen, i.e. sequence pairs with the 'longest_first' truncation strategy. So the returned list will always be empty even if some tokens have been removed.
[transformers] Be aware, overflowing tokens are not returned for the setting you have chosen, i.e. sequence pairs with the 'longest_first' truncation strategy. So the returned list will always be empty even if some tokens have been removed.
[transformers] Be aware, overflowing tokens are not returned for the setting you have chosen, i.e. sequence pairs with the 'longest_first' truncation strategy. So the returned list will always be empty even if some tokens have been removed.
[transformers] Be aware, overflowing tokens are not returned for the setting you have chosen, i.e. sequence pairs with the 'longest_first' truncation strategy. So the returned list will always be empty even if some tokens have been removed.
[transformers] Be aware, overflowing tokens are not returned for the setting you have chosen, i.e. sequence pairs with the 'longest_first' truncation strategy. So the returned list will always be empty even if some tokens have been removed.
[transformers] Be aware, overflowing tokens are not returned for the setting you have chosen, i.e. sequence pairs with the 'longest_first' truncation strategy. So the returned list will always be empty even if some tokens have been removed.
[transformers] Be aware, overflowing tokens are not returned for the setting you have chosen, i.e. sequence pairs with the 'longest_first' truncation strategy. So the returned list will always be empty even if some tokens have been removed.
[transformers] Be aware, overflowing tokens are not returned for the setting you have chosen, i.e. sequence pairs with the 'longest_first' truncation strategy. So the returned list will always be empty even if some tokens have been removed.
[transformers] Be aware, overflowing tokens are not returned for the setting you have chosen, i.e. sequence pairs with the 'longest_first' truncation strategy. So the returned list will always be empty even if some tokens have been removed.
[transformers] Be aware, overflowing tokens are not returned for the setting you have chosen, i.e. sequence pairs with the 'longest_first' truncation strategy. So the returned list will always be empty even if some tokens have been removed.
[transformers] Be aware, overflowing tokens are not returned for the setting you have chosen, i.e. sequence pairs with the 'longest_first' truncation strategy. So the returned list will always be empty even if some tokens have been removed.
[transformers] Be aware, overflowing tokens are not returned for the setting you have chosen, i.e. sequence pairs with the 'longest_first' truncation strategy. So the returned list will always be empty even if some tokens have been removed.
[transformers] Be aware, overflowing tokens are not returned for the setting you have chosen, i.e. sequence pairs with the 'longest_first' truncation strategy. So the returned list will always be empty even if some tokens have been removed.
[transformers] Be aware, overflowing tokens are not returned for the setting you have chosen, i.e. sequence pairs with the 'longest_first' truncation strategy. So the returned list will always be empty even if some tokens have been removed.
[transformers] Be aware, overflowing tokens are not returned for the setting you have chosen, i.e. sequence pairs with the 'longest_first' truncation strategy. So the returned list will always be empty even if some tokens have been removed.
[transformers] Be aware, overflowing tokens are not returned for the setting you have chosen, i.e. sequence pairs with the 'longest_first' truncation strategy. So the returned list will always be empty even if some tokens have been removed.
[transformers] Be aware, overflowing tokens are not returned for the setting you have chosen, i.e. sequence pairs with the 'longest_first' truncation strategy. So the returned list will always be empty even if some tokens have been removed.
[transformers] Be aware, overflowing tokens are not returned for the setting you have chosen, i.e. sequence pairs with the 'longest_first' truncation strategy. So the returned list will always be empty even if some tokens have been removed.
[transformers] Be aware, overflowing tokens are not returned for the setting you have chosen, i.e. sequence pairs with the 'longest_first' truncation strategy. So the returned list will always be empty even if some tokens have been removed.
[transformers] Be aware, overflowing tokens are not returned for the setting you have chosen, i.e. sequence pairs with the 'longest_first' truncation strategy. So the returned list will always be empty even if some tokens have been removed.
[transformers] Be aware, overflowing tokens are not returned for the setting you have chosen, i.e. sequence pairs with the 'longest_first' truncation strategy. So the returned list will always be empty even if some tokens have been removed.
[transformers] Be aware, overflowing tokens are not returned for the setting you have chosen, i.e. sequence pairs with the 'longest_first' truncation strategy. So the returned list will always be empty even if some tokens have been removed.
[transformers] Be aware, overflowing tokens are not returned for the setting you have chosen, i.e. sequence pairs with the 'longest_first' truncation strategy. So the returned list will always be empty even if some tokens have been removed.
[transformers] Be aware, overflowing tokens are not returned for the setting you have chosen, i.e. sequence pairs with the 'longest_first' truncation strategy. So the returned list will always be empty even if some tokens have been removed.
[transformers] Be aware, overflowing tokens are not returned for the setting you have chosen, i.e. sequence pairs with the 'longest_first' truncation strategy. So the returned list will always be empty even if some tokens have been removed.
[transformers] Be aware, overflowing tokens are not returned for the setting you have chosen, i.e. sequence pairs with the 'longest_first' truncation strategy. So the returned list will always be empty even if some tokens have been removed.
[transformers] Be aware, overflowing tokens are not returned for the setting you have chosen, i.e. sequence pairs with the 'longest_first' truncation strategy. So the returned list will always be empty even if some tokens have been removed.
[transformers] Be aware, overflowing tokens are not returned for the setting you have chosen, i.e. sequence pairs with the 'longest_first' truncation strategy. So the returned list will always be empty even if some tokens have been removed.
[transformers] Be aware, overflowing tokens are not returned for the setting you have chosen, i.e. sequence pairs with the 'longest_first' truncation strategy. So the returned list will always be empty even if some tokens have been removed.
[transformers] Be aware, overflowing tokens are not returned for the setting you have chosen, i.e. sequence pairs with the 'longest_first' truncation strategy. So the returned list will always be empty even if some tokens have been removed.
[transformers] Be aware, overflowing tokens are not returned for the setting you have chosen, i.e. sequence pairs with the 'longest_first' truncation strategy. So the returned list will always be empty even if some tokens have been removed.
[transformers] Be aware, overflowing tokens are not returned for the setting you have chosen, i.e. sequence pairs with the 'longest_first' truncation strategy. So the returned list will always be empty even if some tokens have been removed.
[transformers] Be aware, overflowing tokens are not returned for the setting you have chosen, i.e. sequence pairs with the 'longest_first' truncation strategy. So the returned list will always be empty even if some tokens have been removed.
[transformers] Be aware, overflowing tokens are not returned for the setting you have chosen, i.e. sequence pairs with the 'longest_first' truncation strategy. So the returned list will always be empty even if some tokens have been removed.
[transformers] Be aware, overflowing tokens are not returned for the setting you have chosen, i.e. sequence pairs with the 'longest_first' truncation strategy. So the returned list will always be empty even if some tokens have been removed.
[transformers] Be aware, overflowing tokens are not returned for the setting you have chosen, i.e. sequence pairs with the 'longest_first' truncation strategy. So the returned list will always be empty even if some tokens have been removed.
[transformers] Be aware, overflowing tokens are not returned for the setting you have chosen, i.e. sequence pairs with the 'longest_first' truncation strategy. So the returned list will always be empty even if some tokens have been removed.
[transformers] Be aware, overflowing tokens are not returned for the setting you have chosen, i.e. sequence pairs with the 'longest_first' truncation strategy. So the returned list will always be empty even if some tokens have been removed.
[transformers] Be aware, overflowing tokens are not returned for the setting you have chosen, i.e. sequence pairs with the 'longest_first' truncation strategy. So the returned list will always be empty even if some tokens have been removed.
[transformers] Be aware, overflowing tokens are not returned for the setting you have chosen, i.e. sequence pairs with the 'longest_first' truncation strategy. So the returned list will always be empty even if some tokens have been removed.
[transformers] Be aware, overflowing tokens are not returned for the setting you have chosen, i.e. sequence pairs with the 'longest_first' truncation strategy. So the returned list will always be empty even if some tokens have been removed.
[transformers] Be aware, overflowing tokens are not returned for the setting you have chosen, i.e. sequence pairs with the 'longest_first' truncation strategy. So the returned list will always be empty even if some tokens have been removed.
[transformers] Be aware, overflowing tokens are not returned for the setting you have chosen, i.e. sequence pairs with the 'longest_first' truncation strategy. So the returned list will always be empty even if some tokens have been removed.
[transformers] Be aware, overflowing tokens are not returned for the setting you have chosen, i.e. sequence pairs with the 'longest_first' truncation strategy. So the returned list will always be empty even if some tokens have been removed.
[transformers] Be aware, overflowing tokens are not returned for the setting you have chosen, i.e. sequence pairs with the 'longest_first' truncation strategy. So the returned list will always be empty even if some tokens have been removed.
[transformers] Be aware, overflowing tokens are not returned for the setting you have chosen, i.e. sequence pairs with the 'longest_first' truncation strategy. So the returned list will always be empty even if some tokens have been removed.
[transformers] Be aware, overflowing tokens are not returned for the setting you have chosen, i.e. sequence pairs with the 'longest_first' truncation strategy. So the returned list will always be empty even if some tokens have been removed.
[transformers] Be aware, overflowing tokens are not returned for the setting you have chosen, i.e. sequence pairs with the 'longest_first' truncation strategy. So the returned list will always be empty even if some tokens have been removed.
[transformers] Be aware, overflowing tokens are not returned for the setting you have chosen, i.e. sequence pairs with the 'longest_first' truncation strategy. So the returned list will always be empty even if some tokens have been removed.
[transformers] Be aware, overflowing tokens are not returned for the setting you have chosen, i.e. sequence pairs with the 'longest_first' truncation strategy. So the returned list will always be empty even if some tokens have been removed.
[transformers] Be aware, overflowing tokens are not returned for the setting you have chosen, i.e. sequence pairs with the 'longest_first' truncation strategy. So the returned list will always be empty even if some tokens have been removed.
[transformers] Be aware, overflowing tokens are not returned for the setting you have chosen, i.e. sequence pairs with the 'longest_first' truncation strategy. So the returned list will always be empty even if some tokens have been removed.
[transformers] Be aware, overflowing tokens are not returned for the setting you have chosen, i.e. sequence pairs with the 'longest_first' truncation strategy. So the returned list will always be empty even if some tokens have been removed.
[transformers] Be aware, overflowing tokens are not returned for the setting you have chosen, i.e. sequence pairs with the 'longest_first' truncation strategy. So the returned list will always be empty even if some tokens have been removed.
[transformers] Be aware, overflowing tokens are not returned for the setting you have chosen, i.e. sequence pairs with the 'longest_first' truncation strategy. So the returned list will always be empty even if some tokens have been removed.
[transformers] Be aware, overflowing tokens are not returned for the setting you have chosen, i.e. sequence pairs with the 'longest_first' truncation strategy. So the returned list will always be empty even if some tokens have been removed.
[transformers] Be aware, overflowing tokens are not returned for the setting you have chosen, i.e. sequence pairs with the 'longest_first' truncation strategy. So the returned list will always be empty even if some tokens have been removed.
[transformers] Be aware, overflowing tokens are not returned for the setting you have chosen, i.e. sequence pairs with the 'longest_first' truncation strategy. So the returned list will always be empty even if some tokens have been removed.
[transformers] Be aware, overflowing tokens are not returned for the setting you have chosen, i.e. sequence pairs with the 'longest_first' truncation strategy. So the returned list will always be empty even if some tokens have been removed.
[transformers] Be aware, overflowing tokens are not returned for the setting you have chosen, i.e. sequence pairs with the 'longest_first' truncation strategy. So the returned list will always be empty even if some tokens have been removed.
[transformers] Be aware, overflowing tokens are not returned for the setting you have chosen, i.e. sequence pairs with the 'longest_first' truncation strategy. So the returned list will always be empty even if some tokens have been removed.
[transformers] Be aware, overflowing tokens are not returned for the setting you have chosen, i.e. sequence pairs with the 'longest_first' truncation strategy. So the returned list will always be empty even if some tokens have been removed.
[transformers] Be aware, overflowing tokens are not returned for the setting you have chosen, i.e. sequence pairs with the 'longest_first' truncation strategy. So the returned list will always be empty even if some tokens have been removed.
[transformers] Be aware, overflowing tokens are not returned for the setting you have chosen, i.e. sequence pairs with the 'longest_first' truncation strategy. So the returned list will always be empty even if some tokens have been removed.
[transformers] Be aware, overflowing tokens are not returned for the setting you have chosen, i.e. sequence pairs with the 'longest_first' truncation strategy. So the returned list will always be empty even if some tokens have been removed.
[transformers] Be aware, overflowing tokens are not returned for the setting you have chosen, i.e. sequence pairs with the 'longest_first' truncation strategy. So the returned list will always be empty even if some tokens have been removed.
[transformers] Be aware, overflowing tokens are not returned for the setting you have chosen, i.e. sequence pairs with the 'longest_first' truncation strategy. So the returned list will always be empty even if some tokens have been removed.
[transformers] Be aware, overflowing tokens are not returned for the setting you have chosen, i.e. sequence pairs with the 'longest_first' truncation strategy. So the returned list will always be empty even if some tokens have been removed.
[transformers] Be aware, overflowing tokens are not returned for the setting you have chosen, i.e. sequence pairs with the 'longest_first' truncation strategy. So the returned list will always be empty even if some tokens have been removed.
[transformers] Be aware, overflowing tokens are not returned for the setting you have chosen, i.e. sequence pairs with the 'longest_first' truncation strategy. So the returned list will always be empty even if some tokens have been removed.
[transformers] Be aware, overflowing tokens are not returned for the setting you have chosen, i.e. sequence pairs with the 'longest_first' truncation strategy. So the returned list will always be empty even if some tokens have been removed.
[transformers] Be aware, overflowing tokens are not returned for the setting you have chosen, i.e. sequence pairs with the 'longest_first' truncation strategy. So the returned list will always be empty even if some tokens have been removed.
[transformers] Be aware, overflowing tokens are not returned for the setting you have chosen, i.e. sequence pairs with the 'longest_first' truncation strategy. So the returned list will always be empty even if some tokens have been removed.
[transformers] Be aware, overflowing tokens are not returned for the setting you have chosen, i.e. sequence pairs with the 'longest_first' truncation strategy. So the returned list will always be empty even if some tokens have been removed.
[transformers] Be aware, overflowing tokens are not returned for the setting you have chosen, i.e. sequence pairs with the 'longest_first' truncation strategy. So the returned list will always be empty even if some tokens have been removed.
[transformers] Be aware, overflowing tokens are not returned for the setting you have chosen, i.e. sequence pairs with the 'longest_first' truncation strategy. So the returned list will always be empty even if some tokens have been removed.
[transformers] Be aware, overflowing tokens are not returned for the setting you have chosen, i.e. sequence pairs with the 'longest_first' truncation strategy. So the returned list will always be empty even if some tokens have been removed.
[transformers] Be aware, overflowing tokens are not returned for the setting you have chosen, i.e. sequence pairs with the 'longest_first' truncation strategy. So the returned list will always be empty even if some tokens have been removed.
[transformers] Be aware, overflowing tokens are not returned for the setting you have chosen, i.e. sequence pairs with the 'longest_first' truncation strategy. So the returned list will always be empty even if some tokens have been removed.
[transformers] Be aware, overflowing tokens are not returned for the setting you have chosen, i.e. sequence pairs with the 'longest_first' truncation strategy. So the returned list will always be empty even if some tokens have been removed.
[transformers] Be aware, overflowing tokens are not returned for the setting you have chosen, i.e. sequence pairs with the 'longest_first' truncation strategy. So the returned list will always be empty even if some tokens have been removed.
[transformers] Be aware, overflowing tokens are not returned for the setting you have chosen, i.e. sequence pairs with the 'longest_first' truncation strategy. So the returned list will always be empty even if some tokens have been removed.
[transformers] Be aware, overflowing tokens are not returned for the setting you have chosen, i.e. sequence pairs with the 'longest_first' truncation strategy. So the returned list will always be empty even if some tokens have been removed.
[transformers] Be aware, overflowing tokens are not returned for the setting you have chosen, i.e. sequence pairs with the 'longest_first' truncation strategy. So the returned list will always be empty even if some tokens have been removed.
[transformers] Be aware, overflowing tokens are not returned for the setting you have chosen, i.e. sequence pairs with the 'longest_first' truncation strategy. So the returned list will always be empty even if some tokens have been removed.
[transformers] Be aware, overflowing tokens are not returned for the setting you have chosen, i.e. sequence pairs with the 'longest_first' truncation strategy. So the returned list will always be empty even if some tokens have been removed.
[transformers] Be aware, overflowing tokens are not returned for the setting you have chosen, i.e. sequence pairs with the 'longest_first' truncation strategy. So the returned list will always be empty even if some tokens have been removed.
[transformers] Be aware, overflowing tokens are not returned for the setting you have chosen, i.e. sequence pairs with the 'longest_first' truncation strategy. So the returned list will always be empty even if some tokens have been removed.
[transformers] Be aware, overflowing tokens are not returned for the setting you have chosen, i.e. sequence pairs with the 'longest_first' truncation strategy. So the returned list will always be empty even if some tokens have been removed.
[transformers] Be aware, overflowing tokens are not returned for the setting you have chosen, i.e. sequence pairs with the 'longest_first' truncation strategy. So the returned list will always be empty even if some tokens have been removed.
[transformers] Be aware, overflowing tokens are not returned for the setting you have chosen, i.e. sequence pairs with the 'longest_first' truncation strategy. So the returned list will always be empty even if some tokens have been removed.
[transformers] Be aware, overflowing tokens are not returned for the setting you have chosen, i.e. sequence pairs with the 'longest_first' truncation strategy. So the returned list will always be empty even if some tokens have been removed.
[transformers] Be aware, overflowing tokens are not returned for the setting you have chosen, i.e. sequence pairs with the 'longest_first' truncation strategy. So the returned list will always be empty even if some tokens have been removed.
[transformers] Be aware, overflowing tokens are not returned for the setting you have chosen, i.e. sequence pairs with the 'longest_first' truncation strategy. So the returned list will always be empty even if some tokens have been removed.
[transformers] Be aware, overflowing tokens are not returned for the setting you have chosen, i.e. sequence pairs with the 'longest_first' truncation strategy. So the returned list will always be empty even if some tokens have been removed.
[transformers] Be aware, overflowing tokens are not returned for the setting you have chosen, i.e. sequence pairs with the 'longest_first' truncation strategy. So the returned list will always be empty even if some tokens have been removed.
[transformers] Be aware, overflowing tokens are not returned for the setting you have chosen, i.e. sequence pairs with the 'longest_first' truncation strategy. So the returned list will always be empty even if some tokens have been removed.
[transformers] Be aware, overflowing tokens are not returned for the setting you have chosen, i.e. sequence pairs with the 'longest_first' truncation strategy. So the returned list will always be empty even if some tokens have been removed.
[transformers] Be aware, overflowing tokens are not returned for the setting you have chosen, i.e. sequence pairs with the 'longest_first' truncation strategy. So the returned list will always be empty even if some tokens have been removed.
[transformers] Be aware, overflowing tokens are not returned for the setting you have chosen, i.e. sequence pairs with the 'longest_first' truncation strategy. So the returned list will always be empty even if some tokens have been removed.
[transformers] Be aware, overflowing tokens are not returned for the setting you have chosen, i.e. sequence pairs with the 'longest_first' truncation strategy. So the returned list will always be empty even if some tokens have been removed.
[transformers] Be aware, overflowing tokens are not returned for the setting you have chosen, i.e. sequence pairs with the 'longest_first' truncation strategy. So the returned list will always be empty even if some tokens have been removed.
[transformers] Be aware, overflowing tokens are not returned for the setting you have chosen, i.e. sequence pairs with the 'longest_first' truncation strategy. So the returned list will always be empty even if some tokens have been removed.
[transformers] Be aware, overflowing tokens are not returned for the setting you have chosen, i.e. sequence pairs with the 'longest_first' truncation strategy. So the returned list will always be empty even if some tokens have been removed.
[transformers] Be aware, overflowing tokens are not returned for the setting you have chosen, i.e. sequence pairs with the 'longest_first' truncation strategy. So the returned list will always be empty even if some tokens have been removed.
[transformers] Be aware, overflowing tokens are not returned for the setting you have chosen, i.e. sequence pairs with the 'longest_first' truncation strategy. So the returned list will always be empty even if some tokens have been removed.
[transformers] Be aware, overflowing tokens are not returned for the setting you have chosen, i.e. sequence pairs with the 'longest_first' truncation strategy. So the returned list will always be empty even if some tokens have been removed.
[transformers] Be aware, overflowing tokens are not returned for the setting you have chosen, i.e. sequence pairs with the 'longest_first' truncation strategy. So the returned list will always be empty even if some tokens have been removed.
[transformers] Be aware, overflowing tokens are not returned for the setting you have chosen, i.e. sequence pairs with the 'longest_first' truncation strategy. So the returned list will always be empty even if some tokens have been removed.
[transformers] Be aware, overflowing tokens are not returned for the setting you have chosen, i.e. sequence pairs with the 'longest_first' truncation strategy. So the returned list will always be empty even if some tokens have been removed.
[transformers] Be aware, overflowing tokens are not returned for the setting you have chosen, i.e. sequence pairs with the 'longest_first' truncation strategy. So the returned list will always be empty even if some tokens have been removed.
[transformers] Be aware, overflowing tokens are not returned for the setting you have chosen, i.e. sequence pairs with the 'longest_first' truncation strategy. So the returned list will always be empty even if some tokens have been removed.
[transformers] Be aware, overflowing tokens are not returned for the setting you have chosen, i.e. sequence pairs with the 'longest_first' truncation strategy. So the returned list will always be empty even if some tokens have been removed.
[transformers] Be aware, overflowing tokens are not returned for the setting you have chosen, i.e. sequence pairs with the 'longest_first' truncation strategy. So the returned list will always be empty even if some tokens have been removed.
[transformers] Be aware, overflowing tokens are not returned for the setting you have chosen, i.e. sequence pairs with the 'longest_first' truncation strategy. So the returned list will always be empty even if some tokens have been removed.
[transformers] Be aware, overflowing tokens are not returned for the setting you have chosen, i.e. sequence pairs with the 'longest_first' truncation strategy. So the returned list will always be empty even if some tokens have been removed.
[transformers] Be aware, overflowing tokens are not returned for the setting you have chosen, i.e. sequence pairs with the 'longest_first' truncation strategy. So the returned list will always be empty even if some tokens have been removed.
[transformers] Be aware, overflowing tokens are not returned for the setting you have chosen, i.e. sequence pairs with the 'longest_first' truncation strategy. So the returned list will always be empty even if some tokens have been removed.
[transformers] Be aware, overflowing tokens are not returned for the setting you have chosen, i.e. sequence pairs with the 'longest_first' truncation strategy. So the returned list will always be empty even if some tokens have been removed.
[transformers] Be aware, overflowing tokens are not returned for the setting you have chosen, i.e. sequence pairs with the 'longest_first' truncation strategy. So the returned list will always be empty even if some tokens have been removed.
[transformers] Be aware, overflowing tokens are not returned for the setting you have chosen, i.e. sequence pairs with the 'longest_first' truncation strategy. So the returned list will always be empty even if some tokens have been removed.
[transformers] Be aware, overflowing tokens are not returned for the setting you have chosen, i.e. sequence pairs with the 'longest_first' truncation strategy. So the returned list will always be empty even if some tokens have been removed.
[transformers] Be aware, overflowing tokens are not returned for the setting you have chosen, i.e. sequence pairs with the 'longest_first' truncation strategy. So the returned list will always be empty even if some tokens have been removed.
[transformers] Be aware, overflowing tokens are not returned for the setting you have chosen, i.e. sequence pairs with the 'longest_first' truncation strategy. So the returned list will always be empty even if some tokens have been removed.
[transformers] Be aware, overflowing tokens are not returned for the setting you have chosen, i.e. sequence pairs with the 'longest_first' truncation strategy. So the returned list will always be empty even if some tokens have been removed.
[transformers] Be aware, overflowing tokens are not returned for the setting you have chosen, i.e. sequence pairs with the 'longest_first' truncation strategy. So the returned list will always be empty even if some tokens have been removed.
[transformers] Be aware, overflowing tokens are not returned for the setting you have chosen, i.e. sequence pairs with the 'longest_first' truncation strategy. So the returned list will always be empty even if some tokens have been removed.
[transformers] Be aware, overflowing tokens are not returned for the setting you have chosen, i.e. sequence pairs with the 'longest_first' truncation strategy. So the returned list will always be empty even if some tokens have been removed.
[transformers] Be aware, overflowing tokens are not returned for the setting you have chosen, i.e. sequence pairs with the 'longest_first' truncation strategy. So the returned list will always be empty even if some tokens have been removed.
[transformers] Be aware, overflowing tokens are not returned for the setting you have chosen, i.e. sequence pairs with the 'longest_first' truncation strategy. So the returned list will always be empty even if some tokens have been removed.
[transformers] Be aware, overflowing tokens are not returned for the setting you have chosen, i.e. sequence pairs with the 'longest_first' truncation strategy. So the returned list will always be empty even if some tokens have been removed.
[transformers] Be aware, overflowing tokens are not returned for the setting you have chosen, i.e. sequence pairs with the 'longest_first' truncation strategy. So the returned list will always be empty even if some tokens have been removed.
[transformers] Be aware, overflowing tokens are not returned for the setting you have chosen, i.e. sequence pairs with the 'longest_first' truncation strategy. So the returned list will always be empty even if some tokens have been removed.
[transformers] Be aware, overflowing tokens are not returned for the setting you have chosen, i.e. sequence pairs with the 'longest_first' truncation strategy. So the returned list will always be empty even if some tokens have been removed.
[transformers] Be aware, overflowing tokens are not returned for the setting you have chosen, i.e. sequence pairs with the 'longest_first' truncation strategy. So the returned list will always be empty even if some tokens have been removed.
[transformers] Be aware, overflowing tokens are not returned for the setting you have chosen, i.e. sequence pairs with the 'longest_first' truncation strategy. So the returned list will always be empty even if some tokens have been removed.
[transformers] Be aware, overflowing tokens are not returned for the setting you have chosen, i.e. sequence pairs with the 'longest_first' truncation strategy. So the returned list will always be empty even if some tokens have been removed.
[transformers] Be aware, overflowing tokens are not returned for the setting you have chosen, i.e. sequence pairs with the 'longest_first' truncation strategy. So the returned list will always be empty even if some tokens have been removed.
[transformers] Be aware, overflowing tokens are not returned for the setting you have chosen, i.e. sequence pairs with the 'longest_first' truncation strategy. So the returned list will always be empty even if some tokens have been removed.
[transformers] Be aware, overflowing tokens are not returned for the setting you have chosen, i.e. sequence pairs with the 'longest_first' truncation strategy. So the returned list will always be empty even if some tokens have been removed.
[transformers] Be aware, overflowing tokens are not returned for the setting you have chosen, i.e. sequence pairs with the 'longest_first' truncation strategy. So the returned list will always be empty even if some tokens have been removed.
[transformers] Be aware, overflowing tokens are not returned for the setting you have chosen, i.e. sequence pairs with the 'longest_first' truncation strategy. So the returned list will always be empty even if some tokens have been removed.
[transformers] Be aware, overflowing tokens are not returned for the setting you have chosen, i.e. sequence pairs with the 'longest_first' truncation strategy. So the returned list will always be empty even if some tokens have been removed.
[transformers] Be aware, overflowing tokens are not returned for the setting you have chosen, i.e. sequence pairs with the 'longest_first' truncation strategy. So the returned list will always be empty even if some tokens have been removed.
[transformers] Be aware, overflowing tokens are not returned for the setting you have chosen, i.e. sequence pairs with the 'longest_first' truncation strategy. So the returned list will always be empty even if some tokens have been removed.
[transformers] Be aware, overflowing tokens are not returned for the setting you have chosen, i.e. sequence pairs with the 'longest_first' truncation strategy. So the returned list will always be empty even if some tokens have been removed.
[transformers] Be aware, overflowing tokens are not returned for the setting you have chosen, i.e. sequence pairs with the 'longest_first' truncation strategy. So the returned list will always be empty even if some tokens have been removed.
[transformers] Be aware, overflowing tokens are not returned for the setting you have chosen, i.e. sequence pairs with the 'longest_first' truncation strategy. So the returned list will always be empty even if some tokens have been removed.
[transformers] Be aware, overflowing tokens are not returned for the setting you have chosen, i.e. sequence pairs with the 'longest_first' truncation strategy. So the returned list will always be empty even if some tokens have been removed.
[transformers] Be aware, overflowing tokens are not returned for the setting you have chosen, i.e. sequence pairs with the 'longest_first' truncation strategy. So the returned list will always be empty even if some tokens have been removed.
[transformers] Be aware, overflowing tokens are not returned for the setting you have chosen, i.e. sequence pairs with the 'longest_first' truncation strategy. So the returned list will always be empty even if some tokens have been removed.
[transformers] Be aware, overflowing tokens are not returned for the setting you have chosen, i.e. sequence pairs with the 'longest_first' truncation strategy. So the returned list will always be empty even if some tokens have been removed.
[transformers] Be aware, overflowing tokens are not returned for the setting you have chosen, i.e. sequence pairs with the 'longest_first' truncation strategy. So the returned list will always be empty even if some tokens have been removed.
[transformers] Be aware, overflowing tokens are not returned for the setting you have chosen, i.e. sequence pairs with the 'longest_first' truncation strategy. So the returned list will always be empty even if some tokens have been removed.
[transformers] Be aware, overflowing tokens are not returned for the setting you have chosen, i.e. sequence pairs with the 'longest_first' truncation strategy. So the returned list will always be empty even if some tokens have been removed.
[transformers] Be aware, overflowing tokens are not returned for the setting you have chosen, i.e. sequence pairs with the 'longest_first' truncation strategy. So the returned list will always be empty even if some tokens have been removed.
[transformers] Be aware, overflowing tokens are not returned for the setting you have chosen, i.e. sequence pairs with the 'longest_first' truncation strategy. So the returned list will always be empty even if some tokens have been removed.
[transformers] Be aware, overflowing tokens are not returned for the setting you have chosen, i.e. sequence pairs with the 'longest_first' truncation strategy. So the returned list will always be empty even if some tokens have been removed.
[transformers] Be aware, overflowing tokens are not returned for the setting you have chosen, i.e. sequence pairs with the 'longest_first' truncation strategy. So the returned list will always be empty even if some tokens have been removed.
[transformers] Be aware, overflowing tokens are not returned for the setting you have chosen, i.e. sequence pairs with the 'longest_first' truncation strategy. So the returned list will always be empty even if some tokens have been removed.
[transformers] Be aware, overflowing tokens are not returned for the setting you have chosen, i.e. sequence pairs with the 'longest_first' truncation strategy. So the returned list will always be empty even if some tokens have been removed.
[transformers] Be aware, overflowing tokens are not returned for the setting you have chosen, i.e. sequence pairs with the 'longest_first' truncation strategy. So the returned list will always be empty even if some tokens have been removed.
[transformers] Be aware, overflowing tokens are not returned for the setting you have chosen, i.e. sequence pairs with the 'longest_first' truncation strategy. So the returned list will always be empty even if some tokens have been removed.
[transformers] Be aware, overflowing tokens are not returned for the setting you have chosen, i.e. sequence pairs with the 'longest_first' truncation strategy. So the returned list will always be empty even if some tokens have been removed.
[transformers] Be aware, overflowing tokens are not returned for the setting you have chosen, i.e. sequence pairs with the 'longest_first' truncation strategy. So the returned list will always be empty even if some tokens have been removed.
[transformers] Be aware, overflowing tokens are not returned for the setting you have chosen, i.e. sequence pairs with the 'longest_first' truncation strategy. So the returned list will always be empty even if some tokens have been removed.
[transformers] Be aware, overflowing tokens are not returned for the setting you have chosen, i.e. sequence pairs with the 'longest_first' truncation strategy. So the returned list will always be empty even if some tokens have been removed.
[transformers] Be aware, overflowing tokens are not returned for the setting you have chosen, i.e. sequence pairs with the 'longest_first' truncation strategy. So the returned list will always be empty even if some tokens have been removed.
[transformers] Be aware, overflowing tokens are not returned for the setting you have chosen, i.e. sequence pairs with the 'longest_first' truncation strategy. So the returned list will always be empty even if some tokens have been removed.
[transformers] Be aware, overflowing tokens are not returned for the setting you have chosen, i.e. sequence pairs with the 'longest_first' truncation strategy. So the returned list will always be empty even if some tokens have been removed.
[transformers] Be aware, overflowing tokens are not returned for the setting you have chosen, i.e. sequence pairs with the 'longest_first' truncation strategy. So the returned list will always be empty even if some tokens have been removed.
[transformers] Be aware, overflowing tokens are not returned for the setting you have chosen, i.e. sequence pairs with the 'longest_first' truncation strategy. So the returned list will always be empty even if some tokens have been removed.
[transformers] Be aware, overflowing tokens are not returned for the setting you have chosen, i.e. sequence pairs with the 'longest_first' truncation strategy. So the returned list will always be empty even if some tokens have been removed.
[transformers] Be aware, overflowing tokens are not returned for the setting you have chosen, i.e. sequence pairs with the 'longest_first' truncation strategy. So the returned list will always be empty even if some tokens have been removed.
[transformers] Be aware, overflowing tokens are not returned for the setting you have chosen, i.e. sequence pairs with the 'longest_first' truncation strategy. So the returned list will always be empty even if some tokens have been removed.
[transformers] Be aware, overflowing tokens are not returned for the setting you have chosen, i.e. sequence pairs with the 'longest_first' truncation strategy. So the returned list will always be empty even if some tokens have been removed.
[transformers] Be aware, overflowing tokens are not returned for the setting you have chosen, i.e. sequence pairs with the 'longest_first' truncation strategy. So the returned list will always be empty even if some tokens have been removed.
[transformers] Be aware, overflowing tokens are not returned for the setting you have chosen, i.e. sequence pairs with the 'longest_first' truncation strategy. So the returned list will always be empty even if some tokens have been removed.
[transformers] Be aware, overflowing tokens are not returned for the setting you have chosen, i.e. sequence pairs with the 'longest_first' truncation strategy. So the returned list will always be empty even if some tokens have been removed.
[transformers] Be aware, overflowing tokens are not returned for the setting you have chosen, i.e. sequence pairs with the 'longest_first' truncation strategy. So the returned list will always be empty even if some tokens have been removed.
[transformers] Be aware, overflowing tokens are not returned for the setting you have chosen, i.e. sequence pairs with the 'longest_first' truncation strategy. So the returned list will always be empty even if some tokens have been removed.
[transformers] Be aware, overflowing tokens are not returned for the setting you have chosen, i.e. sequence pairs with the 'longest_first' truncation strategy. So the returned list will always be empty even if some tokens have been removed.
[transformers] Be aware, overflowing tokens are not returned for the setting you have chosen, i.e. sequence pairs with the 'longest_first' truncation strategy. So the returned list will always be empty even if some tokens have been removed.
[transformers] Be aware, overflowing tokens are not returned for the setting you have chosen, i.e. sequence pairs with the 'longest_first' truncation strategy. So the returned list will always be empty even if some tokens have been removed.
[transformers] Be aware, overflowing tokens are not returned for the setting you have chosen, i.e. sequence pairs with the 'longest_first' truncation strategy. So the returned list will always be empty even if some tokens have been removed.
[transformers] Be aware, overflowing tokens are not returned for the setting you have chosen, i.e. sequence pairs with the 'longest_first' truncation strategy. So the returned list will always be empty even if some tokens have been removed.
[transformers] Be aware, overflowing tokens are not returned for the setting you have chosen, i.e. sequence pairs with the 'longest_first' truncation strategy. So the returned list will always be empty even if some tokens have been removed.
[transformers] Be aware, overflowing tokens are not returned for the setting you have chosen, i.e. sequence pairs with the 'longest_first' truncation strategy. So the returned list will always be empty even if some tokens have been removed.
[transformers] Be aware, overflowing tokens are not returned for the setting you have chosen, i.e. sequence pairs with the 'longest_first' truncation strategy. So the returned list will always be empty even if some tokens have been removed.
[transformers] Be aware, overflowing tokens are not returned for the setting you have chosen, i.e. sequence pairs with the 'longest_first' truncation strategy. So the returned list will always be empty even if some tokens have been removed.
[transformers] Be aware, overflowing tokens are not returned for the setting you have chosen, i.e. sequence pairs with the 'longest_first' truncation strategy. So the returned list will always be empty even if some tokens have been removed.
[transformers] Be aware, overflowing tokens are not returned for the setting you have chosen, i.e. sequence pairs with the 'longest_first' truncation strategy. So the returned list will always be empty even if some tokens have been removed.
[transformers] Be aware, overflowing tokens are not returned for the setting you have chosen, i.e. sequence pairs with the 'longest_first' truncation strategy. So the returned list will always be empty even if some tokens have been removed.
[transformers] Be aware, overflowing tokens are not returned for the setting you have chosen, i.e. sequence pairs with the 'longest_first' truncation strategy. So the returned list will always be empty even if some tokens have been removed.
[transformers] Be aware, overflowing tokens are not returned for the setting you have chosen, i.e. sequence pairs with the 'longest_first' truncation strategy. So the returned list will always be empty even if some tokens have been removed.
[transformers] Be aware, overflowing tokens are not returned for the setting you have chosen, i.e. sequence pairs with the 'longest_first' truncation strategy. So the returned list will always be empty even if some tokens have been removed.
[transformers] Be aware, overflowing tokens are not returned for the setting you have chosen, i.e. sequence pairs with the 'longest_first' truncation strategy. So the returned list will always be empty even if some tokens have been removed.
[transformers] Be aware, overflowing tokens are not returned for the setting you have chosen, i.e. sequence pairs with the 'longest_first' truncation strategy. So the returned list will always be empty even if some tokens have been removed.
[transformers] Be aware, overflowing tokens are not returned for the setting you have chosen, i.e. sequence pairs with the 'longest_first' truncation strategy. So the returned list will always be empty even if some tokens have been removed.
[transformers] Be aware, overflowing tokens are not returned for the setting you have chosen, i.e. sequence pairs with the 'longest_first' truncation strategy. So the returned list will always be empty even if some tokens have been removed.
[transformers] Be aware, overflowing tokens are not returned for the setting you have chosen, i.e. sequence pairs with the 'longest_first' truncation strategy. So the returned list will always be empty even if some tokens have been removed.
[transformers] Be aware, overflowing tokens are not returned for the setting you have chosen, i.e. sequence pairs with the 'longest_first' truncation strategy. So the returned list will always be empty even if some tokens have been removed.
[transformers] Be aware, overflowing tokens are not returned for the setting you have chosen, i.e. sequence pairs with the 'longest_first' truncation strategy. So the returned list will always be empty even if some tokens have been removed.
[transformers] Be aware, overflowing tokens are not returned for the setting you have chosen, i.e. sequence pairs with the 'longest_first' truncation strategy. So the returned list will always be empty even if some tokens have been removed.
[transformers] Be aware, overflowing tokens are not returned for the setting you have chosen, i.e. sequence pairs with the 'longest_first' truncation strategy. So the returned list will always be empty even if some tokens have been removed.
[transformers] Be aware, overflowing tokens are not returned for the setting you have chosen, i.e. sequence pairs with the 'longest_first' truncation strategy. So the returned list will always be empty even if some tokens have been removed.
[transformers] Be aware, overflowing tokens are not returned for the setting you have chosen, i.e. sequence pairs with the 'longest_first' truncation strategy. So the returned list will always be empty even if some tokens have been removed.
[transformers] Be aware, overflowing tokens are not returned for the setting you have chosen, i.e. sequence pairs with the 'longest_first' truncation strategy. So the returned list will always be empty even if some tokens have been removed.
[transformers] Be aware, overflowing tokens are not returned for the setting you have chosen, i.e. sequence pairs with the 'longest_first' truncation strategy. So the returned list will always be empty even if some tokens have been removed.
[transformers] Be aware, overflowing tokens are not returned for the setting you have chosen, i.e. sequence pairs with the 'longest_first' truncation strategy. So the returned list will always be empty even if some tokens have been removed.
[transformers] Be aware, overflowing tokens are not returned for the setting you have chosen, i.e. sequence pairs with the 'longest_first' truncation strategy. So the returned list will always be empty even if some tokens have been removed.
[transformers] Be aware, overflowing tokens are not returned for the setting you have chosen, i.e. sequence pairs with the 'longest_first' truncation strategy. So the returned list will always be empty even if some tokens have been removed.
[transformers] Be aware, overflowing tokens are not returned for the setting you have chosen, i.e. sequence pairs with the 'longest_first' truncation strategy. So the returned list will always be empty even if some tokens have been removed.
[transformers] Be aware, overflowing tokens are not returned for the setting you have chosen, i.e. sequence pairs with the 'longest_first' truncation strategy. So the returned list will always be empty even if some tokens have been removed.
[transformers] Be aware, overflowing tokens are not returned for the setting you have chosen, i.e. sequence pairs with the 'longest_first' truncation strategy. So the returned list will always be empty even if some tokens have been removed.
[transformers] Be aware, overflowing tokens are not returned for the setting you have chosen, i.e. sequence pairs with the 'longest_first' truncation strategy. So the returned list will always be empty even if some tokens have been removed.
[transformers] Be aware, overflowing tokens are not returned for the setting you have chosen, i.e. sequence pairs with the 'longest_first' truncation strategy. So the returned list will always be empty even if some tokens have been removed.
[transformers] Be aware, overflowing tokens are not returned for the setting you have chosen, i.e. sequence pairs with the 'longest_first' truncation strategy. So the returned list will always be empty even if some tokens have been removed.
[transformers] Be aware, overflowing tokens are not returned for the setting you have chosen, i.e. sequence pairs with the 'longest_first' truncation strategy. So the returned list will always be empty even if some tokens have been removed.
[transformers] Be aware, overflowing tokens are not returned for the setting you have chosen, i.e. sequence pairs with the 'longest_first' truncation strategy. So the returned list will always be empty even if some tokens have been removed.
[transformers] Be aware, overflowing tokens are not returned for the setting you have chosen, i.e. sequence pairs with the 'longest_first' truncation strategy. So the returned list will always be empty even if some tokens have been removed.
[transformers] Be aware, overflowing tokens are not returned for the setting you have chosen, i.e. sequence pairs with the 'longest_first' truncation strategy. So the returned list will always be empty even if some tokens have been removed.
[transformers] Be aware, overflowing tokens are not returned for the setting you have chosen, i.e. sequence pairs with the 'longest_first' truncation strategy. So the returned list will always be empty even if some tokens have been removed.
[transformers] Be aware, overflowing tokens are not returned for the setting you have chosen, i.e. sequence pairs with the 'longest_first' truncation strategy. So the returned list will always be empty even if some tokens have been removed.
[transformers] Be aware, overflowing tokens are not returned for the setting you have chosen, i.e. sequence pairs with the 'longest_first' truncation strategy. So the returned list will always be empty even if some tokens have been removed.
[transformers] Be aware, overflowing tokens are not returned for the setting you have chosen, i.e. sequence pairs with the 'longest_first' truncation strategy. So the returned list will always be empty even if some tokens have been removed.
[transformers] Be aware, overflowing tokens are not returned for the setting you have chosen, i.e. sequence pairs with the 'longest_first' truncation strategy. So the returned list will always be empty even if some tokens have been removed.
[transformers] Be aware, overflowing tokens are not returned for the setting you have chosen, i.e. sequence pairs with the 'longest_first' truncation strategy. So the returned list will always be empty even if some tokens have been removed.
[transformers] Be aware, overflowing tokens are not returned for the setting you have chosen, i.e. sequence pairs with the 'longest_first' truncation strategy. So the returned list will always be empty even if some tokens have been removed.
[transformers] Be aware, overflowing tokens are not returned for the setting you have chosen, i.e. sequence pairs with the 'longest_first' truncation strategy. So the returned list will always be empty even if some tokens have been removed.
[transformers] Be aware, overflowing tokens are not returned for the setting you have chosen, i.e. sequence pairs with the 'longest_first' truncation strategy. So the returned list will always be empty even if some tokens have been removed.
[transformers] Be aware, overflowing tokens are not returned for the setting you have chosen, i.e. sequence pairs with the 'longest_first' truncation strategy. So the returned list will always be empty even if some tokens have been removed.
[transformers] Be aware, overflowing tokens are not returned for the setting you have chosen, i.e. sequence pairs with the 'longest_first' truncation strategy. So the returned list will always be empty even if some tokens have been removed.
[transformers] Be aware, overflowing tokens are not returned for the setting you have chosen, i.e. sequence pairs with the 'longest_first' truncation strategy. So the returned list will always be empty even if some tokens have been removed.
[transformers] Be aware, overflowing tokens are not returned for the setting you have chosen, i.e. sequence pairs with the 'longest_first' truncation strategy. So the returned list will always be empty even if some tokens have been removed.
[transformers] Be aware, overflowing tokens are not returned for the setting you have chosen, i.e. sequence pairs with the 'longest_first' truncation strategy. So the returned list will always be empty even if some tokens have been removed.
[transformers] Be aware, overflowing tokens are not returned for the setting you have chosen, i.e. sequence pairs with the 'longest_first' truncation strategy. So the returned list will always be empty even if some tokens have been removed.
[transformers] Be aware, overflowing tokens are not returned for the setting you have chosen, i.e. sequence pairs with the 'longest_first' truncation strategy. So the returned list will always be empty even if some tokens have been removed.
[transformers] Be aware, overflowing tokens are not returned for the setting you have chosen, i.e. sequence pairs with the 'longest_first' truncation strategy. So the returned list will always be empty even if some tokens have been removed.
[transformers] Be aware, overflowing tokens are not returned for the setting you have chosen, i.e. sequence pairs with the 'longest_first' truncation strategy. So the returned list will always be empty even if some tokens have been removed.
[transformers] Be aware, overflowing tokens are not returned for the setting you have chosen, i.e. sequence pairs with the 'longest_first' truncation strategy. So the returned list will always be empty even if some tokens have been removed.
[transformers] Be aware, overflowing tokens are not returned for the setting you have chosen, i.e. sequence pairs with the 'longest_first' truncation strategy. So the returned list will always be empty even if some tokens have been removed.
[transformers] Be aware, overflowing tokens are not returned for the setting you have chosen, i.e. sequence pairs with the 'longest_first' truncation strategy. So the returned list will always be empty even if some tokens have been removed.
[transformers] Be aware, overflowing tokens are not returned for the setting you have chosen, i.e. sequence pairs with the 'longest_first' truncation strategy. So the returned list will always be empty even if some tokens have been removed.
[transformers] Be aware, overflowing tokens are not returned for the setting you have chosen, i.e. sequence pairs with the 'longest_first' truncation strategy. So the returned list will always be empty even if some tokens have been removed.
[transformers] Be aware, overflowing tokens are not returned for the setting you have chosen, i.e. sequence pairs with the 'longest_first' truncation strategy. So the returned list will always be empty even if some tokens have been removed.
[transformers] Be aware, overflowing tokens are not returned for the setting you have chosen, i.e. sequence pairs with the 'longest_first' truncation strategy. So the returned list will always be empty even if some tokens have been removed.
[transformers] Be aware, overflowing tokens are not returned for the setting you have chosen, i.e. sequence pairs with the 'longest_first' truncation strategy. So the returned list will always be empty even if some tokens have been removed.
[transformers] Be aware, overflowing tokens are not returned for the setting you have chosen, i.e. sequence pairs with the 'longest_first' truncation strategy. So the returned list will always be empty even if some tokens have been removed.
[transformers] Be aware, overflowing tokens are not returned for the setting you have chosen, i.e. sequence pairs with the 'longest_first' truncation strategy. So the returned list will always be empty even if some tokens have been removed.
[transformers] Be aware, overflowing tokens are not returned for the setting you have chosen, i.e. sequence pairs with the 'longest_first' truncation strategy. So the returned list will always be empty even if some tokens have been removed.
[transformers] Be aware, overflowing tokens are not returned for the setting you have chosen, i.e. sequence pairs with the 'longest_first' truncation strategy. So the returned list will always be empty even if some tokens have been removed.
[transformers] Be aware, overflowing tokens are not returned for the setting you have chosen, i.e. sequence pairs with the 'longest_first' truncation strategy. So the returned list will always be empty even if some tokens have been removed.
[transformers] Be aware, overflowing tokens are not returned for the setting you have chosen, i.e. sequence pairs with the 'longest_first' truncation strategy. So the returned list will always be empty even if some tokens have been removed.
[transformers] Be aware, overflowing tokens are not returned for the setting you have chosen, i.e. sequence pairs with the 'longest_first' truncation strategy. So the returned list will always be empty even if some tokens have been removed.
[transformers] Be aware, overflowing tokens are not returned for the setting you have chosen, i.e. sequence pairs with the 'longest_first' truncation strategy. So the returned list will always be empty even if some tokens have been removed.
[transformers] Be aware, overflowing tokens are not returned for the setting you have chosen, i.e. sequence pairs with the 'longest_first' truncation strategy. So the returned list will always be empty even if some tokens have been removed.
[transformers] Be aware, overflowing tokens are not returned for the setting you have chosen, i.e. sequence pairs with the 'longest_first' truncation strategy. So the returned list will always be empty even if some tokens have been removed.
[transformers] Be aware, overflowing tokens are not returned for the setting you have chosen, i.e. sequence pairs with the 'longest_first' truncation strategy. So the returned list will always be empty even if some tokens have been removed.
[transformers] Be aware, overflowing tokens are not returned for the setting you have chosen, i.e. sequence pairs with the 'longest_first' truncation strategy. So the returned list will always be empty even if some tokens have been removed.
[transformers] Be aware, overflowing tokens are not returned for the setting you have chosen, i.e. sequence pairs with the 'longest_first' truncation strategy. So the returned list will always be empty even if some tokens have been removed.
[transformers] Be aware, overflowing tokens are not returned for the setting you have chosen, i.e. sequence pairs with the 'longest_first' truncation strategy. So the returned list will always be empty even if some tokens have been removed.
[transformers] Be aware, overflowing tokens are not returned for the setting you have chosen, i.e. sequence pairs with the 'longest_first' truncation strategy. So the returned list will always be empty even if some tokens have been removed.
[transformers] Be aware, overflowing tokens are not returned for the setting you have chosen, i.e. sequence pairs with the 'longest_first' truncation strategy. So the returned list will always be empty even if some tokens have been removed.
[transformers] Be aware, overflowing tokens are not returned for the setting you have chosen, i.e. sequence pairs with the 'longest_first' truncation strategy. So the returned list will always be empty even if some tokens have been removed.
[transformers] Be aware, overflowing tokens are not returned for the setting you have chosen, i.e. sequence pairs with the 'longest_first' truncation strategy. So the returned list will always be empty even if some tokens have been removed.
[transformers] Be aware, overflowing tokens are not returned for the setting you have chosen, i.e. sequence pairs with the 'longest_first' truncation strategy. So the returned list will always be empty even if some tokens have been removed.
[transformers] Be aware, overflowing tokens are not returned for the setting you have chosen, i.e. sequence pairs with the 'longest_first' truncation strategy. So the returned list will always be empty even if some tokens have been removed.
[transformers] Be aware, overflowing tokens are not returned for the setting you have chosen, i.e. sequence pairs with the 'longest_first' truncation strategy. So the returned list will always be empty even if some tokens have been removed.
[transformers] Be aware, overflowing tokens are not returned for the setting you have chosen, i.e. sequence pairs with the 'longest_first' truncation strategy. So the returned list will always be empty even if some tokens have been removed.
[transformers] Be aware, overflowing tokens are not returned for the setting you have chosen, i.e. sequence pairs with the 'longest_first' truncation strategy. So the returned list will always be empty even if some tokens have been removed.
[transformers] Be aware, overflowing tokens are not returned for the setting you have chosen, i.e. sequence pairs with the 'longest_first' truncation strategy. So the returned list will always be empty even if some tokens have been removed.
[transformers] Be aware, overflowing tokens are not returned for the setting you have chosen, i.e. sequence pairs with the 'longest_first' truncation strategy. So the returned list will always be empty even if some tokens have been removed.
[transformers] Be aware, overflowing tokens are not returned for the setting you have chosen, i.e. sequence pairs with the 'longest_first' truncation strategy. So the returned list will always be empty even if some tokens have been removed.
[transformers] Be aware, overflowing tokens are not returned for the setting you have chosen, i.e. sequence pairs with the 'longest_first' truncation strategy. So the returned list will always be empty even if some tokens have been removed.
[transformers] Be aware, overflowing tokens are not returned for the setting you have chosen, i.e. sequence pairs with the 'longest_first' truncation strategy. So the returned list will always be empty even if some tokens have been removed.
[transformers] Be aware, overflowing tokens are not returned for the setting you have chosen, i.e. sequence pairs with the 'longest_first' truncation strategy. So the returned list will always be empty even if some tokens have been removed.
[transformers] Be aware, overflowing tokens are not returned for the setting you have chosen, i.e. sequence pairs with the 'longest_first' truncation strategy. So the returned list will always be empty even if some tokens have been removed.
[transformers] Be aware, overflowing tokens are not returned for the setting you have chosen, i.e. sequence pairs with the 'longest_first' truncation strategy. So the returned list will always be empty even if some tokens have been removed.
[transformers] Be aware, overflowing tokens are not returned for the setting you have chosen, i.e. sequence pairs with the 'longest_first' truncation strategy. So the returned list will always be empty even if some tokens have been removed.
[transformers] Be aware, overflowing tokens are not returned for the setting you have chosen, i.e. sequence pairs with the 'longest_first' truncation strategy. So the returned list will always be empty even if some tokens have been removed.
[transformers] Be aware, overflowing tokens are not returned for the setting you have chosen, i.e. sequence pairs with the 'longest_first' truncation strategy. So the returned list will always be empty even if some tokens have been removed.
[transformers] Be aware, overflowing tokens are not returned for the setting you have chosen, i.e. sequence pairs with the 'longest_first' truncation strategy. So the returned list will always be empty even if some tokens have been removed.
[transformers] Be aware, overflowing tokens are not returned for the setting you have chosen, i.e. sequence pairs with the 'longest_first' truncation strategy. So the returned list will always be empty even if some tokens have been removed.
[transformers] warmup_ratio is deprecated and will be removed in v5.2. Use `warmup_steps` instead.
[TLM] contrastive α=0.1  τ=0.05
  0%|          | 0/5700 [00:00<?, ?it/s]/Users/konrad.brueggemann/Desktop/uni/FNLP/.venv/lib/python3.13/site-packages/torch/utils/data/dataloader.py:752: UserWarning: 'pin_memory' argument is set as true but not supported on MPS now, device pinned memory won't be used.
  super().__init__(loader)
Traceback (most recent call last):
  File "/Users/konrad.brueggemann/Desktop/uni/FNLP/pipeline.py", line 276, in <module>
    main()
    ~~~~^^
  File "/Users/konrad.brueggemann/Desktop/uni/FNLP/pipeline.py", line 180, in main
    fine_tune(
    ~~~~~~~~~^
        sentences_file=args.sentences_file,
        ^^^^^^^^^^^^^^^^^^^^^^^^^^^^^^^^^^^
    ...<10 lines>...
        contrastive_temperature=args.contrastive_temperature,
        ^^^^^^^^^^^^^^^^^^^^^^^^^^^^^^^^^^^^^^^^^^^^^^^^^^^^^
    )
    ^
  File "/Users/konrad.brueggemann/Desktop/uni/FNLP/funcs.py", line 107, in fine_tune
    ckpt = TLMFinetuner(cfg).fit(sent_df, src_col=src_col, tgt_col=tgt_col)
  File "/Users/konrad.brueggemann/Desktop/uni/FNLP/src/mt/tlm.py", line 345, in fit
    trainer.train()
    ~~~~~~~~~~~~~^^
  File "/Users/konrad.brueggemann/Desktop/uni/FNLP/.venv/lib/python3.13/site-packages/transformers/trainer.py", line 1433, in train
    return inner_training_loop(
        args=args,
    ...<2 lines>...
        ignore_keys_for_eval=ignore_keys_for_eval,
    )
  File "/Users/konrad.brueggemann/Desktop/uni/FNLP/.venv/lib/python3.13/site-packages/transformers/trainer.py", line 1515, in _inner_training_loop
    self._run_epoch(
    ~~~~~~~~~~~~~~~^
        model=model,
        ^^^^^^^^^^^^
    ...<9 lines>...
        steps_trained_in_current_epoch=steps_trained_in_current_epoch,
        ^^^^^^^^^^^^^^^^^^^^^^^^^^^^^^^^^^^^^^^^^^^^^^^^^^^^^^^^^^^^^^
    )
    ^
  File "/Users/konrad.brueggemann/Desktop/uni/FNLP/.venv/lib/python3.13/site-packages/transformers/trainer.py", line 1743, in _run_epoch
    tr_loss_step = self.training_step(model, inputs, num_items_in_batch)
  File "/Users/konrad.brueggemann/Desktop/uni/FNLP/.venv/lib/python3.13/site-packages/transformers/trainer.py", line 1943, in training_step
    self.accelerator.backward(loss, **kwargs)
    ~~~~~~~~~~~~~~~~~~~~~~~~~^^^^^^^^^^^^^^^^
  File "/Users/konrad.brueggemann/Desktop/uni/FNLP/.venv/lib/python3.13/site-packages/accelerate/accelerator.py", line 2850, in backward
    loss.backward(**kwargs)
    ~~~~~~~~~~~~~^^^^^^^^^^
  File "/Users/konrad.brueggemann/Desktop/uni/FNLP/.venv/lib/python3.13/site-packages/torch/_tensor.py", line 631, in backward
    torch.autograd.backward(
    ~~~~~~~~~~~~~~~~~~~~~~~^
        self, gradient, retain_graph, create_graph, inputs=inputs
        ^^^^^^^^^^^^^^^^^^^^^^^^^^^^^^^^^^^^^^^^^^^^^^^^^^^^^^^^^
    )
    ^
  File "/Users/konrad.brueggemann/Desktop/uni/FNLP/.venv/lib/python3.13/site-packages/torch/autograd/__init__.py", line 379, in backward
    _engine_run_backward(
    ~~~~~~~~~~~~~~~~~~~~^
        tensors,
        ^^^^^^^^
    ...<5 lines>...
        accumulate_grad=True,
        ^^^^^^^^^^^^^^^^^^^^^
    )
    ^
  File "/Users/konrad.brueggemann/Desktop/uni/FNLP/.venv/lib/python3.13/site-packages/torch/autograd/graph.py", line 882, in _engine_run_backward
    return Variable._execution_engine.run_backward(  # Calls into the C++ engine to run the backward pass
           ~~~~~~~~~~~~~~~~~~~~~~~~~~~~~~~~~~~~~~~^^^^^^^^^^^^^^^^^^^^^^^^^^^^^^^^^^^^^^^^^^^^^^^^^^^^^^^
        t_outputs, *args, **kwargs
        ^^^^^^^^^^^^^^^^^^^^^^^^^^
    )  # Calls into the C++ engine to run the backward pass
    ^
RuntimeError: MPS backend out of memory (MPS allocated: 8.67 GiB, other allocations: 10.59 GiB, max allowed: 20.13 GiB). Tried to allocate 976.56 MiB on shared pool. Use PYTORCH_MPS_HIGH_WATERMARK_RATIO=0.0 to disable upper limit for memory allocations (may cause system failure).
  0%|          | 0/5700 [00:20<?, ?it/s]
